ORIGIN,DEST,ROUTE,total_flights,avg_dep_delay,avg_arr_delay,delay_rate,cancellation_rate,avg_distance,avg_air_time
ABE,ATL,ABE → ATL,398,16.34170854271357,16.371859296482413,0.15326633165829145,0.01256281407035176,692.0,101.53015075376885
ABE,BNA,ABE → BNA,48,18.208333333333332,21.166666666666668,0.2916666666666667,0.08333333333333333,685.0,92.72916666666667
ABE,CLT,ABE → CLT,482,7.755186721991701,6.136929460580913,0.08506224066390042,0.026970954356846474,481.0,79.58713692946058
ABE,DEN,ABE → DEN,1,19.0,0.0,0.0,0.0,1539.0,203.0
ABE,DTW,ABE → DTW,291,16.68041237113402,16.00343642611684,0.15120274914089346,0.013745704467353952,425.0,76.3298969072165
ABE,FLL,ABE → FLL,34,11.176470588235293,13.588235294117647,0.23529411764705882,0.029411764705882353,1041.0,140.55882352941177
ABE,MDW,ABE → MDW,3,8.666666666666666,8.666666666666666,0.3333333333333333,0.0,646.0,90.66666666666667
ABE,MYR,ABE → MYR,48,12.958333333333334,13.5,0.14583333333333334,0.0,518.0,76.0625
ABE,ORD,ABE → ORD,271,11.977859778597786,8.92988929889299,0.17712177121771217,0.02952029520295203,654.2435424354244,104.39114391143912
ABE,PGD,ABE → PGD,75,16.76,23.133333333333333,0.29333333333333333,0.02666666666666667,1018.0,139.46666666666667
ABE,PIE,ABE → PIE,108,23.40740740740741,26.055555555555557,0.21296296296296297,0.027777777777777776,970.0,133.80555555555554
ABE,SAV,ABE → SAV,14,4.0,3.0714285714285716,0.07142857142857142,0.07142857142857142,669.0,87.92857142857143
ABE,SFB,ABE → SFB,214,19.38785046728972,21.560747663551403,0.19626168224299065,0.04205607476635514,882.0,121.1822429906542
ABE,SRQ,ABE → SRQ,31,1.5806451612903225,8.774193548387096,0.1935483870967742,0.03225806451612903,1000.0,136.90322580645162
ABI,DFW,ABI → DFW,840,12.483333333333333,13.929761904761905,0.18333333333333332,0.02857142857142857,158.0,34.18333333333333
ABI,IAH,ABI → IAH,61,17.459016393442624,17.16393442622951,0.09836065573770492,0.04918032786885246,307.0,52.57377049180328
ABQ,ATL,ABQ → ATL,345,5.484057971014493,6.915942028985508,0.0927536231884058,0.017391304347826087,1269.0,149.93623188405797
ABQ,AUS,ABQ → AUS,253,9.454545454545455,8.628458498023715,0.16600790513833993,0.015810276679841896,619.0,79.28458498023716
ABQ,BUR,ABQ → BUR,60,17.05,15.15,0.2,0.016666666666666666,672.0,97.98333333333333
ABQ,BWI,ABQ → BWI,117,7.0,6.555555555555555,0.11965811965811966,0.042735042735042736,1670.0,188.95726495726495
ABQ,DAL,ABQ → DAL,662,9.634441087613293,9.262839879154079,0.1646525679758308,0.03323262839879154,580.0,78.61631419939577
ABQ,DEN,ABQ → DEN,1027,12.3777994157741,12.740993184031158,0.17429406037000975,0.024342745861733205,349.0,55.43622200584226
ABQ,DFW,ABQ → DFW,1127,15.162377994676131,15.713398402839397,0.18633540372670807,0.03194321206743567,569.0,75.93522626441882
ABQ,HOU,ABQ → HOU,334,9.161676646706587,8.404191616766466,0.1467065868263473,0.014970059880239521,759.0,97.75748502994011
ABQ,IAH,ABQ → IAH,419,11.276849642004773,12.221957040572793,0.16467780429594273,0.02386634844868735,744.0,100.11933174224343
ABQ,JFK,ABQ → JFK,116,46.85344827586207,44.560344827586206,0.33620689655172414,0.0603448275862069,1826.0,201.60344827586206
ABQ,LAS,ABQ → LAS,583,14.873070325900514,14.18696397941681,0.2195540308747856,0.036020583190394515,486.0,70.15608919382504
ABQ,LAX,ABQ → LAX,759,8.171277997364953,8.35836627140975,0.13306982872200263,0.010540184453227932,677.0,97.38603425559947
ABQ,MCI,ABQ → MCI,66,15.045454545454545,14.878787878787879,0.30303030303030304,0.030303030303030304,718.0,88.31818181818181
ABQ,MCO,ABQ → MCO,9,13.0,10.88888888888889,0.2222222222222222,0.0,1553.0,186.44444444444446
ABQ,MDW,ABQ → MDW,233,12.30901287553648,10.111587982832617,0.15021459227467812,0.034334763948497854,1121.0,133.84978540772534
ABQ,MSP,ABQ → MSP,36,7.5,5.583333333333333,0.08333333333333333,0.0,981.0,125.08333333333333
ABQ,OAK,ABQ → OAK,180,7.411111111111111,6.322222222222222,0.13333333333333333,0.016666666666666666,889.0,123.94444444444444
ABQ,ORD,ABQ → ORD,407,9.28992628992629,9.383292383292384,0.12039312039312039,0.03194103194103194,1118.0,136.16216216216216
ABQ,PDX,ABQ → PDX,93,8.21505376344086,8.591397849462366,0.13978494623655913,0.0,1111.0,158.48387096774192
ABQ,PHX,ABQ → PHX,1349,9.99925871015567,9.3765752409192,0.1334321719792439,0.025203854707190512,328.0,54.668643439584876
ABQ,SAN,ABQ → SAN,214,10.700934579439252,10.11214953271028,0.12149532710280374,0.04205607476635514,628.0,88.69158878504673
ABQ,SAT,ABQ → SAT,11,1.1818181818181819,2.4545454545454546,0.09090909090909091,0.0,609.0,79.72727272727273
ABQ,SEA,ABQ → SEA,194,9.31958762886598,8.417525773195877,0.16494845360824742,0.015463917525773196,1180.0,162.35051546391753
ABQ,SFB,ABQ → SFB,5,0.0,0.0,0.0,0.2,1548.0,148.4
ABQ,SFO,ABQ → SFO,228,28.94298245614035,28.00438596491228,0.18421052631578946,0.021929824561403508,896.0,127.75438596491227
ABQ,SJC,ABQ → SJC,29,13.482758620689655,11.275862068965518,0.20689655172413793,0.13793103448275862,870.0,108.55172413793103
ABQ,SLC,ABQ → SLC,408,8.286764705882353,8.485294117647058,0.0784313725490196,0.004901960784313725,493.0,77.3921568627451
ABR,MSP,ABR → MSP,332,18.370481927710845,18.68975903614458,0.10240963855421686,0.012048192771084338,257.0,45.274096385542165
ABY,ATL,ABY → ATL,435,7.335632183908046,7.501149425287356,0.0896551724137931,0.011494252873563218,145.0,36.35402298850575
ACK,BOS,ACK → BOS,81,24.098765432098766,24.25925925925926,0.24691358024691357,0.04938271604938271,91.0,24.185185185185187
ACK,CLT,ACK → CLT,5,42.2,43.8,0.4,0.0,723.0,116.4
ACK,DCA,ACK → DCA,102,16.69607843137255,18.38235294117647,0.1568627450980392,0.049019607843137254,405.0,72.00980392156863
ACK,EWR,ACK → EWR,14,51.07142857142857,56.857142857142854,0.42857142857142855,0.0,218.0,53.5
ACK,HPN,ACK → HPN,32,19.78125,18.8125,0.15625,0.03125,191.0,39.28125
ACK,JFK,ACK → JFK,183,22.497267759562842,22.30054644808743,0.20218579234972678,0.03825136612021858,199.0,39.46448087431694
ACK,LGA,ACK → LGA,143,44.01398601398601,44.76223776223776,0.3076923076923077,0.06293706293706294,202.0,45.3986013986014
ACK,ORD,ACK → ORD,5,9.4,16.2,0.6,0.0,924.0,152.4
ACK,PHL,ACK → PHL,29,15.0,15.793103448275861,0.13793103448275862,0.034482758620689655,289.0,58.03448275862069
ACT,DFW,ACT → DFW,718,13.774373259052926,14.837047353760445,0.15877437325905291,0.04735376044568245,89.0,27.01949860724234
ACV,DEN,ACV → DEN,97,31.608247422680414,33.845360824742265,0.17525773195876287,0.010309278350515464,1026.0,136.02061855670104
ACV,LAX,ACV → LAX,214,11.130841121495328,11.57943925233645,0.09813084112149532,0.0514018691588785,577.0,81.42990654205607
ACV,PHX,ACV → PHX,49,9.591836734693878,9.979591836734693,0.10204081632653061,0.0,845.0,113.73469387755102
ACV,SFO,ACV → SFO,481,21.652806652806653,22.46153846153846,0.1704781704781705,0.056133056133056136,250.0,45.54261954261954
ACY,ATL,ACY → ATL,44,5.0227272727272725,8.295454545454545,0.11363636363636363,0.045454545454545456,679.0,98.29545454545455
ACY,BOS,ACY → BOS,5,55.2,47.6,0.2,0.0,274.0,47.6
ACY,FLL,ACY → FLL,288,10.840277777777779,11.899305555555555,0.19791666666666666,0.041666666666666664,977.0,130.13194444444446
ACY,MCO,ACY → MCO,325,14.747692307692308,16.861538461538462,0.2153846153846154,0.036923076923076927,852.0,115.40307692307692
ACY,MIA,ACY → MIA,37,18.18918918918919,20.2972972972973,0.2702702702702703,0.02702702702702703,998.0,136.97297297297297
ACY,MYR,ACY → MYR,164,6.823170731707317,7.439024390243903,0.11585365853658537,0.036585365853658534,466.0,67.4451219512195
ACY,PBI,ACY → PBI,103,9.174757281553399,12.368932038834952,0.17475728155339806,0.038834951456310676,936.0,130.5728155339806
ACY,RSW,ACY → RSW,210,5.961904761904762,6.5095238095238095,0.09523809523809523,0.023809523809523808,982.0,138.57619047619048
ACY,SJU,ACY → SJU,12,17.583333333333332,18.083333333333332,0.16666666666666666,0.0,1536.0,196.0
ACY,TPA,ACY → TPA,161,7.590062111801243,8.01863354037267,0.12422360248447205,0.024844720496894408,913.0,126.84472049689441
ADK,ANC,ADK → ANC,34,20.470588235294116,19.029411764705884,0.4117647058823529,0.0,1192.0,146.91176470588235
ADK,CDB,ADK → CDB,7,24.857142857142858,26.0,0.42857142857142855,0.0,616.0,82.14285714285714
ADQ,ANC,ADQ → ANC,373,6.833780160857909,8.214477211796247,0.1581769436997319,0.05361930294906166,253.0,40.07774798927614
AEX,ATL,AEX → ATL,477,8.765199161425576,8.79035639412998,0.1090146750524109,0.016771488469601678,500.0,72.72955974842768
AEX,CLT,AEX → CLT,33,1.9090909090909092,1.6666666666666667,0.030303030303030304,0.0,722.0,97.27272727272727
AEX,DFW,AEX → DFW,513,13.645224171539962,14.923976608187134,0.18128654970760233,0.042884990253411304,285.0,52.04093567251462
AEX,IAH,AEX → IAH,163,11.319018404907975,14.220858895705522,0.2085889570552147,0.024539877300613498,190.0,40.30061349693251
AGS,ATL,AGS → ATL,1107,9.374887082204156,8.371273712737127,0.10840108401084012,0.00993676603432701,143.0,32.79494128274616
AGS,AUS,AGS → AUS,1,0.0,0.0,0.0,0.0,949.0,137.0
AGS,BOS,AGS → BOS,1,0.0,0.0,0.0,0.0,861.0,114.0
AGS,CLT,AGS → CLT,419,16.570405727923628,16.80668257756563,0.18138424821002386,0.045346062052505964,140.0,30.66109785202864
AGS,DCA,AGS → DCA,114,23.55263157894737,24.342105263157894,0.3333333333333333,0.05263157894736842,468.0,66.85087719298245
AGS,DFW,AGS → DFW,175,11.314285714285715,11.474285714285715,0.16,0.02857142857142857,874.0,131.70285714285714
AGS,DTW,AGS → DTW,1,0.0,0.0,0.0,0.0,615.0,87.0
AGS,LGA,AGS → LGA,2,1.0,0.0,0.0,0.0,678.0,91.5
AGS,MIA,AGS → MIA,2,20.5,7.5,0.5,0.0,531.0,77.5
AGS,ORD,AGS → ORD,2,37.0,55.5,0.5,0.0,677.0,127.5
AGS,PHL,AGS → PHL,4,1.75,0.0,0.0,0.0,583.0,85.75
AGS,PHX,AGS → PHX,1,2.0,0.0,0.0,0.0,1731.0,233.0
AKN,ANC,AKN → ANC,133,11.345864661654135,12.398496240601503,0.21804511278195488,0.03759398496240601,288.0,44.81954887218045
AKN,DLG,AKN → DLG,20,6.55,5.5,0.15,0.1,71.0,19.3
ALB,ATL,ALB → ATL,429,10.258741258741258,10.062937062937063,0.11888111888111888,0.02097902097902098,853.0,125.93006993006993
ALB,BNA,ALB → BNA,17,16.41176470588235,17.235294117647058,0.4117647058823529,0.058823529411764705,825.0,107.6470588235294
ALB,BWI,ALB → BWI,695,8.044604316546762,7.1410071942446045,0.10071942446043165,0.0460431654676259,289.0,53.89928057553957
ALB,CLT,ALB → CLT,491,13.35030549898167,13.30346232179226,0.1425661914460285,0.024439918533604887,646.0,102.85539714867618
ALB,DCA,ALB → DCA,403,10.861042183622828,13.163771712158809,0.21588089330024815,0.03970223325062035,318.0,63.292803970223325
ALB,DEN,ALB → DEN,89,15.247191011235955,15.955056179775282,0.20224719101123595,0.0898876404494382,1610.0,200.8988764044944
ALB,DTW,ALB → DTW,533,9.470919324577862,9.705440900562852,0.1050656660412758,0.016885553470919325,489.0,78.046904315197
ALB,EWR,ALB → EWR,129,7.813953488372093,9.131782945736434,0.11627906976744186,0.03875968992248062,143.0,33.372093023255815
ALB,FLL,ALB → FLL,166,28.867469879518072,28.457831325301203,0.3373493975903614,0.04819277108433735,1204.0,159.14457831325302
ALB,IAD,ALB → IAD,7,1.5714285714285714,6.857142857142857,0.2857142857142857,0.0,325.0,66.28571428571429
ALB,LGA,ALB → LGA,172,13.593023255813954,15.087209302325581,0.19186046511627908,0.046511627906976744,136.0,31.53488372093023
ALB,MCO,ALB → MCO,417,18.100719424460433,18.371702637889687,0.2517985611510791,0.03357314148681055,1073.0,149.64028776978418
ALB,MDW,ALB → MDW,298,7.728187919463087,8.473154362416107,0.1342281879194631,0.0738255033557047,717.0,103.56375838926175
ALB,MIA,ALB → MIA,7,58.285714285714285,56.857142857142854,0.2857142857142857,0.2857142857142857,1225.0,126.14285714285714
ALB,MSP,ALB → MSP,31,1.7741935483870968,1.2258064516129032,0.03225806451612903,0.0,980.0,147.03225806451613
ALB,MYR,ALB → MYR,35,10.4,14.2,0.2571428571428571,0.0,685.0,99.02857142857142
ALB,ORD,ALB → ORD,585,14.092307692307692,14.750427350427351,0.18632478632478633,0.03076923076923077,723.0,110.92820512820512
ALB,PGD,ALB → PGD,69,31.333333333333332,34.028985507246375,0.3333333333333333,0.028985507246376812,1185.0,163.6086956521739
ALB,PHL,ALB → PHL,54,11.537037037037036,15.407407407407407,0.18518518518518517,0.05555555555555555,212.0,45.81481481481482
ALB,PIE,ALB → PIE,62,39.12903225806452,41.08064516129032,0.20967741935483872,0.04838709677419355,1138.0,154.6290322580645
ALB,RDU,ALB → RDU,13,8.923076923076923,7.0,0.15384615384615385,0.0,544.0,87.23076923076923
ALB,RSW,ALB → RSW,15,12.066666666666666,9.933333333333334,0.06666666666666667,0.13333333333333333,1205.0,154.13333333333333
ALB,SAV,ALB → SAV,4,0.0,1.5,0.0,0.0,837.0,128.0
ALB,SFB,ALB → SFB,54,16.962962962962962,21.22222222222222,0.3148148148148148,0.018518518518518517,1049.0,149.40740740740742
ALB,TPA,ALB → TPA,88,16.227272727272727,15.863636363636363,0.18181818181818182,0.03409090909090909,1130.0,158.11363636363637
ALO,ORD,ALO → ORD,268,9.261194029850746,10.645522388059701,0.12686567164179105,0.05970149253731343,234.0,41.54477611940298
ALS,DEN,ALS → DEN,87,24.724137931034484,24.011494252873565,0.11494252873563218,0.06896551724137931,179.0,36.52873563218391
ALW,SEA,ALW → SEA,162,9.975308641975309,9.925925925925926,0.06172839506172839,0.037037037037037035,213.0,46.96296296296296
AMA,AUS,AMA → AUS,58,3.206896551724138,3.5689655172413794,0.034482758620689655,0.017241379310344827,418.0,58.741379310344826
AMA,AZA,AMA → AZA,6,0.0,3.0,0.16666666666666666,0.16666666666666666,584.0,76.5
AMA,DAL,AMA → DAL,549,8.211293260473589,8.218579234972678,0.151183970856102,0.04553734061930783,323.0,49.77413479052823
AMA,DEN,AMA → DEN,177,18.994350282485875,20.72316384180791,0.1751412429378531,0.03954802259887006,359.0,56.14124293785311
AMA,DFW,AMA → DFW,937,19.044823906083245,19.759871931696907,0.17502668089647813,0.048025613660619,312.0,47.36179295624333
AMA,HOU,AMA → HOU,3,0.0,0.0,0.0,0.3333333333333333,537.0,51.0
AMA,IAH,AMA → IAH,279,16.738351254480285,17.2078853046595,0.15412186379928317,0.035842293906810034,517.0,76.2831541218638
AMA,LAS,AMA → LAS,171,7.4678362573099415,7.157894736842105,0.14035087719298245,0.05263157894736842,758.0,102.60233918128655
AMA,PHX,AMA → PHX,10,0.0,2.2,0.0,0.0,602.0,98.9
ANC,ADK,ANC → ADK,38,1.9473684210526316,1.2894736842105263,0.02631578947368421,0.10526315789473684,1192.0,148.8684210526316
ANC,ADQ,ANC → ADQ,361,7.7229916897506925,7.880886426592798,0.11634349030470914,0.055401662049861494,253.0,40.45152354570637
ANC,AKN,ANC → AKN,117,9.820512820512821,8.7008547008547,0.17094017094017094,0.05128205128205128,288.0,46.162393162393165
ANC,ATL,ANC → ATL,45,33.0,29.266666666666666,0.3111111111111111,0.0,3417.0,383.84444444444443
ANC,BET,ANC → BET,298,4.429530201342282,6.016778523489933,0.11073825503355705,0.040268456375838924,399.0,57.942953020134226
ANC,BLI,ANC → BLI,2,1.0,0.0,0.0,0.0,1371.0,165.5
ANC,BRW,ANC → BRW,96,12.479166666666666,13.208333333333334,0.23958333333333334,0.020833333333333332,725.0,95.52083333333333
ANC,CDB,ANC → CDB,10,13.7,24.5,0.6,0.0,620.0,90.2
ANC,CDV,ANC → CDV,175,6.148571428571429,7.628571428571429,0.17142857142857143,0.0,160.0,33.457142857142856
ANC,DEN,ANC → DEN,229,26.074235807860262,24.637554585152838,0.2052401746724891,0.008733624454148471,2405.0,277.117903930131
ANC,DFW,ANC → DFW,90,27.677777777777777,25.488888888888887,0.3111111111111111,0.0,3043.0,351.18888888888887
ANC,DLG,ANC → DLG,112,7.035714285714286,8.633928571428571,0.15178571428571427,0.044642857142857144,329.0,51.642857142857146
ANC,DTW,ANC → DTW,4,25.25,22.0,0.75,0.0,2986.0,343.5
ANC,EWR,ANC → EWR,30,47.43333333333333,42.833333333333336,0.43333333333333335,0.03333333333333333,3370.0,369.1
ANC,FAI,ANC → FAI,885,5.4564971751412426,6.549152542372881,0.1096045197740113,0.021468926553672316,261.0,41.346892655367235
ANC,HNL,ANC → HNL,107,4.485981308411215,6.4766355140186915,0.16822429906542055,0.0,2777.0,342.4859813084112
ANC,IAH,ANC → IAH,24,14.416666666666666,11.916666666666666,0.125,0.041666666666666664,3266.0,360.5416666666667
ANC,JFK,ANC → JFK,5,26.2,16.8,0.2,0.0,3386.0,388.4
ANC,JNU,ANC → JNU,548,7.083941605839416,8.459854014598541,0.145985401459854,0.005474452554744526,571.0,78.51277372262774
ANC,KOA,ANC → KOA,28,0.75,3.892857142857143,0.10714285714285714,0.0,2874.0,346.14285714285717
ANC,LAS,ANC → LAS,28,3.857142857142857,5.142857142857143,0.14285714285714285,0.0,2304.0,277.17857142857144
ANC,LAX,ANC → LAX,148,3.8175675675675675,4.236486486486487,0.12162162162162163,0.006756756756756757,2345.0,280.31756756756755
ANC,MSP,ANC → MSP,273,8.326007326007327,7.934065934065934,0.10256410256410256,0.014652014652014652,2519.0,284.8058608058608
ANC,OGG,ANC → OGG,37,2.864864864864865,6.54054054054054,0.10810810810810811,0.02702702702702703,2797.0,338.35135135135135
ANC,OME,ANC → OME,250,3.464,5.564,0.124,0.036,539.0,73.452
ANC,ORD,ANC → ORD,301,8.209302325581396,9.13953488372093,0.20930232558139536,0.006644518272425249,2846.0,332.48504983388705
ANC,OTZ,ANC → OTZ,187,9.636363636363637,10.090909090909092,0.10695187165775401,0.0748663101604278,548.0,71.6524064171123
ANC,PAE,ANC → PAE,4,42.75,35.25,0.5,0.0,1425.0,172.0
ANC,PDX,ANC → PDX,297,5.417508417508418,5.966329966329966,0.08417508417508418,0.016835016835016835,1542.0,186.0909090909091
ANC,PHX,ANC → PHX,123,5.747967479674797,7.252032520325203,0.17886178861788618,0.0,2552.0,302.869918699187
ANC,SCC,ANC → SCC,253,8.055335968379447,8.687747035573123,0.13043478260869565,0.011857707509881422,626.0,83.8498023715415
ANC,SEA,ANC → SEA,3169,6.2158409592931525,6.920164089618176,0.12148942884190596,0.011044493531082361,1448.0,176.30640580624802
ANC,SFO,ANC → SFO,59,39.47457627118644,38.389830508474574,0.288135593220339,0.01694915254237288,2018.0,247.98305084745763
ANC,SLC,ANC → SLC,53,7.962264150943396,7.39622641509434,0.1509433962264151,0.0,2125.0,244.96226415094338
APN,CIU,APN → CIU,5,43.6,36.8,0.4,0.0,92.0,23.6
APN,DTW,APN → DTW,237,11.742616033755274,10.827004219409282,0.13924050632911392,0.02109704641350211,198.0,38.86497890295359
APN,PLN,APN → PLN,44,9.727272727272727,9.272727272727273,0.09090909090909091,0.045454545454545456,69.0,18.454545454545453
ART,PHL,ART → PHL,21,24.095238095238095,20.142857142857142,0.19047619047619047,0.14285714285714285,287.0,47.0
ASE,ATL,ASE → ATL,41,15.146341463414634,15.878048780487806,0.21951219512195122,0.1951219512195122,1304.0,129.0487804878049
ASE,AUS,ASE → AUS,27,28.85185185185185,29.333333333333332,0.3333333333333333,0.14814814814814814,812.0,93.85185185185185
ASE,DEN,ASE → DEN,995,17.580904522613064,20.078391959798996,0.2422110552763819,0.0914572864321608,125.0,28.76582914572864
ASE,DFW,ASE → DFW,406,36.37931034482759,38.44827586206897,0.29802955665024633,0.08866995073891626,701.0,89.7487684729064
ASE,IAH,ASE → IAH,230,33.917391304347824,34.4,0.3739130434782609,0.10869565217391304,913.0,111.36086956521739
ASE,LAX,ASE → LAX,417,26.434052757793765,25.65707434052758,0.23741007194244604,0.08872901678657075,737.0,97.33093525179856
ASE,MSP,ASE → MSP,4,32.5,24.0,0.25,0.25,802.0,78.5
ASE,MTJ,ASE → MTJ,3,0.0,0.0,0.0,0.3333333333333333,74.0,12.666666666666666
ASE,ORD,ASE → ORD,405,43.449382716049385,43.03950617283951,0.3037037037037037,0.1111111111111111,1013.0,117.33086419753086
ASE,PHX,ASE → PHX,79,16.632911392405063,15.164556962025317,0.20253164556962025,0.12658227848101267,491.0,70.20253164556962
ASE,SFO,ASE → SFO,142,41.7112676056338,41.485915492957744,0.29577464788732394,0.07042253521126761,848.0,112.34507042253522
ASE,SLC,ASE → SLC,89,14.044943820224718,14.775280898876405,0.12359550561797752,0.011235955056179775,292.0,50.359550561797754
ASE,SNA,ASE → SNA,9,28.555555555555557,30.88888888888889,0.3333333333333333,0.2222222222222222,722.0,82.22222222222223
ATL,ABE,ATL → ABE,381,7.131233595800525,6.748031496062992,0.11548556430446194,0.005249343832020997,692.0,94.68241469816273
ATL,ABQ,ATL → ABQ,353,7.932011331444759,8.75070821529745,0.18696883852691218,0.0226628895184136,1269.0,169.8611898016997
ATL,ABY,ATL → ABY,437,7.6521739130434785,8.121281464530892,0.12128146453089245,0.004576659038901602,145.0,31.151029748283754
ATL,ACY,ATL → ACY,52,13.711538461538462,12.615384615384615,0.1346153846153846,0.038461538461538464,679.0,86.76923076923077
ATL,AEX,ATL → AEX,462,7.181818181818182,8.084415584415584,0.11038961038961038,0.006493506493506494,500.0,78.72510822510823
ATL,AGS,ATL → AGS,1034,8.786266924564798,8.838491295938104,0.11895551257253385,0.007736943907156673,143.0,30.047388781431334
ATL,ALB,ATL → ALB,423,13.146572104018913,12.31678486997636,0.19621749408983452,0.01182033096926714,853.0,107.88888888888889
ATL,ANC,ATL → ANC,53,24.20754716981132,21.962264150943398,0.33962264150943394,0.0,3417.0,424.24528301886795
ATL,ASE,ATL → ASE,38,17.263157894736842,19.710526315789473,0.2631578947368421,0.0,1304.0,204.6578947368421
ATL,ATW,ATL → ATW,239,7.99581589958159,7.606694560669456,0.09623430962343096,0.02092050209205021,765.0,104.05857740585775
ATL,AUS,ATL → AUS,1719,9.050610820244328,8.593368237347295,0.15706806282722513,0.01977894124490983,813.0,115.76148923792903
ATL,AVL,ATL → AVL,956,7.2301255230125525,7.067991631799163,0.10355648535564854,0.007322175732217573,164.0,33.53242677824268
ATL,AVP,ATL → AVP,42,6.642857142857143,5.0476190476190474,0.11904761904761904,0.023809523809523808,714.0,93.42857142857143
ATL,BDL,ATL → BDL,918,9.372549019607844,8.588235294117647,0.13725490196078433,0.016339869281045753,859.0,107.76252723311546
ATL,BGR,ATL → BGR,1,2.0,0.0,0.0,0.0,1134.0,134.0
ATL,BHM,ATL → BHM,1345,8.119702602230483,7.852044609665428,0.10780669144981413,0.015613382899628252,134.0,29.19256505576208
ATL,BMI,ATL → BMI,373,8.595174262734584,8.96514745308311,0.13136729222520108,0.010723860589812333,533.0,79.29222520107238
ATL,BNA,ATL → BNA,1912,8.378661087866108,7.683054393305439,0.12761506276150628,0.02092050209205021,214.0,39.16161087866109
ATL,BOI,ATL → BOI,90,12.377777777777778,11.5,0.2,0.011111111111111112,1838.0,240.83333333333334
ATL,BOS,ATL → BOS,2142,13.764705882352942,12.3874883286648,0.19234360410831,0.01727357609710551,946.0,118.87208216619982
ATL,BQK,ATL → BQK,393,10.770992366412214,11.880407124681934,0.14249363867684478,0.007633587786259542,238.0,43.040712468193384
ATL,BTR,ATL → BTR,732,7.258196721311475,7.777322404371585,0.0942622950819672,0.01366120218579235,448.0,69.4084699453552
ATL,BTV,ATL → BTV,128,8.84375,8.3515625,0.125,0.0,961.0,120.90625
ATL,BUF,ATL → BUF,559,12.894454382826476,11.806797853309481,0.15026833631484796,0.026833631484794274,712.0,90.88550983899822
ATL,BUR,ATL → BUR,34,4.0588235294117645,3.9411764705882355,0.058823529411764705,0.029411764705882353,1941.0,248.76470588235293
ATL,BWI,ATL → BWI,2516,10.843004769475357,9.473370429252782,0.15302066772655007,0.021462639109697933,577.0,78.96502384737678
ATL,BZN,ATL → BZN,117,7.111111111111111,7.042735042735043,0.11965811965811966,0.0,1640.0,220.93162393162393
ATL,CAE,ATL → CAE,1172,8.629692832764505,8.595563139931741,0.12542662116040956,0.015358361774744027,192.0,34.63310580204778
ATL,CAK,ATL → CAK,140,8.878571428571428,7.6,0.12857142857142856,0.02142857142857143,528.0,72.12857142857143
ATL,CHA,ATL → CHA,1285,10.856809338521401,10.688715953307392,0.12684824902723735,0.010894941634241245,106.0,24.956420233463035
ATL,CHO,ATL → CHO,571,10.37478108581436,10.119089316987742,0.12784588441331,0.010507880910683012,457.0,65.03152364273205
ATL,CHS,ATL → CHS,1393,8.860014357501795,8.569274946159368,0.13926776740847094,0.01507537688442211,259.0,42.44580043072505
ATL,CID,ATL → CID,206,8.669902912621358,7.563106796116505,0.1553398058252427,0.014563106796116505,694.0,97.82038834951456
ATL,CLE,ATL → CLE,1455,12.39106529209622,11.603436426116838,0.18075601374570446,0.017869415807560136,554.0,75.83092783505154
ATL,CLT,ATL → CLT,2464,9.905032467532468,10.331168831168831,0.15381493506493507,0.014204545454545454,226.0,42.0900974025974
ATL,CMH,ATL → CMH,1409,8.525195173882185,7.324343506032648,0.13413768630234207,0.017743080198722498,447.0,65.01632363378282
ATL,COS,ATL → COS,53,17.69811320754717,15.30188679245283,0.3018867924528302,0.018867924528301886,1184.0,160.9056603773585
ATL,CRW,ATL → CRW,551,10.154264972776769,10.137931034482758,0.0998185117967332,0.012704174228675136,363.0,57.05989110707804
ATL,CSG,ATL → CSG,498,6.9397590361445785,7.769076305220883,0.1144578313253012,0.012048192771084338,83.0,21.72690763052209
ATL,CVG,ATL → CVG,1126,7.396092362344582,6.835701598579041,0.12966252220248667,0.011545293072824156,373.0,57.65719360568384
ATL,DAB,ATL → DAB,673,7.936106983655275,7.386329866270431,0.12035661218424963,0.017830609212481426,366.0,54.07578008915305
ATL,DAL,ATL → DAL,1515,9.64884488448845,10.027062706270627,0.1537953795379538,0.023762376237623763,721.0,106.7049504950495
ATL,DAY,ATL → DAY,591,6.027072758037225,5.3367174280879865,0.08798646362098139,0.01015228426395939,432.0,64.73434856175973
ATL,DCA,ATL → DCA,2664,10.54617117117117,10.16066066066066,0.1554054054054054,0.0228978978978979,547.0,76.66741741741741
ATL,DEN,ATL → DEN,2468,12.245948136142626,12.719205834683954,0.20461912479740682,0.022690437601296597,1199.0,165.60534846029174
ATL,DFW,ATL → DFW,2789,14.954105414126927,15.395840803155252,0.20043026174256007,0.02545715310147006,731.0,109.56435998565794
ATL,DHN,ATL → DHN,493,10.070993914807302,10.38133874239351,0.1440162271805274,0.004056795131845842,170.0,34.68762677484787
ATL,DSM,ATL → DSM,478,6.190376569037657,5.7133891213389125,0.08577405857740586,0.012552301255230125,743.0,104.98953974895397
ATL,DTW,ATL → DTW,2142,10.563492063492063,9.829131652661065,0.16433239962651727,0.007936507936507936,594.0,85.40989729225024
ATL,ECP,ATL → ECP,987,8.311043566362715,8.2806484295846,0.12563323201621074,0.010131712259371834,240.0,41.82573454913881
ATL,EGE,ATL → EGE,67,7.358208955223881,5.925373134328358,0.1044776119402985,0.029850746268656716,1312.0,179.0597014925373
ATL,ELM,ATL → ELM,2,10.5,11.0,0.5,0.0,717.0,97.0
ATL,ELP,ATL → ELP,324,12.018518518518519,11.515432098765432,0.19135802469135801,0.009259259259259259,1282.0,170.49074074074073
ATL,EVV,ATL → EVV,457,6.888402625820569,7.455142231947484,0.12035010940919037,0.006564551422319475,350.0,57.14879649890591
ATL,EWN,ATL → EWN,95,4.042105263157895,4.778947368421052,0.1368421052631579,0.05263157894736842,433.0,58.873684210526314
ATL,EWR,ATL → EWR,2562,16.585480093676814,16.397345823575332,0.23106947697111632,0.02966432474629196,746.0,98.10382513661202
ATL,EYW,ATL → EYW,792,8.75,10.474747474747474,0.14267676767676768,0.017676767676767676,646.0,86.80555555555556
ATL,FAR,ATL → FAR,6,130.83333333333334,141.5,0.3333333333333333,0.0,1123.0,160.0
ATL,FAY,ATL → FAY,564,7.74645390070922,7.184397163120567,0.11879432624113476,0.005319148936170213,331.0,50.891843971631204
ATL,FCA,ATL → FCA,4,19.5,13.75,0.5,0.0,1842.0,244.0
ATL,FLL,ATL → FLL,3503,14.348272908935199,13.654296317442192,0.2049671709962889,0.011989723094490437,581.0,84.06537253782473
ATL,FNT,ATL → FNT,134,8.955223880597014,8.746268656716419,0.1417910447761194,0.014925373134328358,645.0,89.67164179104478
ATL,FSD,ATL → FSD,148,13.277027027027026,12.506756756756756,0.17567567567567569,0.006756756756756757,954.0,132.84459459459458
ATL,FSM,ATL → FSM,76,8.605263157894736,7.434210526315789,0.14473684210526316,0.013157894736842105,579.0,89.13157894736842
ATL,FWA,ATL → FWA,457,11.38074398249453,10.76586433260394,0.1400437636761488,0.01312910284463895,508.0,74.92122538293216
ATL,GEG,ATL → GEG,108,5.092592592592593,3.9166666666666665,0.06481481481481481,0.027777777777777776,1969.0,249.55555555555554
ATL,GNV,ATL → GNV,846,9.099290780141844,9.680851063829786,0.12293144208037825,0.00591016548463357,300.0,48.27186761229314
ATL,GPT,ATL → GPT,640,7.6828125,7.3359375,0.1375,0.01875,352.0,56.7953125
ATL,GRB,ATL → GRB,175,10.182857142857143,10.594285714285714,0.17714285714285713,0.005714285714285714,774.0,106.10285714285715
ATL,GRR,ATL → GRR,618,7.953074433656958,7.184466019417476,0.12459546925566344,0.009708737864077669,640.0,86.92880258899676
ATL,GSO,ATL → GSO,1111,6.816381638163817,6.6138613861386135,0.1116111611161116,0.018901890189018902,306.0,48.15391539153915
ATL,GSP,ATL → GSP,1520,8.552631578947368,7.228947368421053,0.13421052631578947,0.013157894736842105,153.0,30.107894736842105
ATL,GTR,ATL → GTR,485,9.276288659793815,9.117525773195876,0.13195876288659794,0.006185567010309278,241.0,46.04329896907217
ATL,HDN,ATL → HDN,30,20.466666666666665,16.066666666666666,0.16666666666666666,0.0,1340.0,193.26666666666668
ATL,HHH,ATL → HHH,310,16.54193548387097,16.81290322580645,0.17096774193548386,0.00967741935483871,238.0,45.08387096774194
ATL,HNL,ATL → HNL,129,14.170542635658915,15.333333333333334,0.26356589147286824,0.007751937984496124,4502.0,550.8294573643411
ATL,HOU,ATL → HOU,1567,9.828972559029994,8.50606253988513,0.15634971282705806,0.019783024888321635,696.0,103.59540523292917
ATL,HPN,ATL → HPN,713,12.753155680224404,13.805049088359047,0.15568022440392706,0.019635343618513323,780.0,109.01823281907433
ATL,HSV,ATL → HSV,1064,6.5968045112781954,6.415413533834586,0.1080827067669173,0.012218045112781954,151.0,32.6484962406015
ATL,IAD,ATL → IAD,1714,10.760210035005834,10.39906651108518,0.13885647607934656,0.015169194865810968,534.0,75.68261376896149
ATL,IAH,ATL → IAH,2156,12.317717996289424,13.247680890538033,0.19480519480519481,0.013450834879406308,689.0,103.86456400742115
ATL,ICT,ATL → ICT,478,6.7635983263598325,6.2154811715481175,0.11715481171548117,0.016736401673640166,782.0,111.13389121338912
ATL,ILM,ATL → ILM,667,8.13343328335832,8.098950524737631,0.10794602698650675,0.013493253373313344,377.0,55.14992503748126
ATL,IND,ATL → IND,1582,8.231984829329962,7.7427307206068265,0.13274336283185842,0.014538558786346398,432.0,64.46523388116309
ATL,ISP,ATL → ISP,48,26.4375,25.1875,0.375,0.020833333333333332,795.0,106.54166666666667
ATL,JAC,ATL → JAC,75,12.306666666666667,11.96,0.2,0.0,1572.0,213.09333333333333
ATL,JAN,ATL → JAN,1159,8.011216566005176,7.4788610871440895,0.12165660051768766,0.012942191544434857,341.0,55.23468507333909
ATL,JAX,ATL → JAX,2018,9.472745292368682,8.783944499504459,0.15213082259663033,0.015361744301288404,270.0,43.21010901883052
ATL,JFK,ATL → JFK,1546,19.421733505821475,18.23868046571798,0.24320827943078913,0.013583441138421734,760.0,102.27684346701164
ATL,LAS,ATL → LAS,2116,12.52882797731569,11.987240075614366,0.1937618147448015,0.017485822306238186,1747.0,230.0515122873346
ATL,LAX,ATL → LAX,2436,13.04392446633826,12.38464696223317,0.201559934318555,0.008210180623973728,1947.0,255.10960591133005
ATL,LEX,ATL → LEX,1044,7.703065134099617,7.741379310344827,0.12931034482758622,0.009578544061302681,304.0,49.56704980842912
ATL,LFT,ATL → LFT,490,7.057142857142857,6.969387755102041,0.09795918367346938,0.01020408163265306,503.0,77.45714285714286
ATL,LGA,ATL → LGA,3308,13.811668681983072,12.794437726723096,0.18833131801692865,0.032648125755743655,762.0,98.4558645707376
ATL,LIT,ATL → LIT,983,7.386571719226857,6.948118006103764,0.12105798575788403,0.012207527975584944,453.0,69.34282807731434
ATL,LNK,ATL → LNK,35,18.542857142857144,16.514285714285716,0.2571428571428571,0.02857142857142857,841.0,118.14285714285714
ATL,MCI,ATL → MCI,1464,9.992486338797814,9.397540983606557,0.1557377049180328,0.015710382513661202,692.0,101.77185792349727
ATL,MCO,ATL → MCO,3680,13.744021739130435,13.608695652173912,0.1967391304347826,0.017391304347826087,404.0,60.051086956521736
ATL,MDT,ATL → MDT,429,6.55011655011655,6.0442890442890445,0.10023310023310024,0.018648018648018648,620.0,83.43356643356644
ATL,MDW,ATL → MDW,1467,12.517382413087935,11.079754601226995,0.15950920245398773,0.038173142467621,591.0,85.38377641445126
ATL,MEM,ATL → MEM,1512,11.097883597883598,10.381613756613756,0.16137566137566137,0.016534391534391533,332.0,55.75992063492063
ATL,MGM,ATL → MGM,711,13.49648382559775,13.648382559774964,0.13220815752461323,0.008438818565400843,147.0,32.9746835443038
ATL,MHT,ATL → MHT,25,10.08,9.56,0.24,0.0,952.0,119.96
ATL,MIA,ATL → MIA,2955,13.86565143824027,13.992554991539762,0.20135363790186125,0.01793570219966159,594.0,84.57394247038917
ATL,MKE,ATL → MKE,1065,11.342723004694836,9.944600938967136,0.14366197183098592,0.016901408450704224,669.0,92.64507042253521
ATL,MLB,ATL → MLB,637,10.224489795918368,10.015698587127158,0.11930926216640503,0.018838304552590265,442.0,63.50235478806908
ATL,MLI,ATL → MLI,413,12.26634382566586,12.021791767554479,0.11380145278450363,0.024213075060532687,633.0,89.38256658595641
ATL,MLU,ATL → MLU,500,7.186,7.322,0.126,0.022,448.0,70.994
ATL,MOB,ATL → MOB,800,11.825,11.71625,0.1375,0.0075,302.0,53.105
ATL,MSN,ATL → MSN,481,7.659043659043659,7.106029106029106,0.0893970893970894,0.004158004158004158,707.0,98.76299376299376
ATL,MSO,ATL → MSO,2,42.5,34.0,0.5,0.0,1800.0,238.0
ATL,MSP,ATL → MSP,1873,9.268553123331554,8.312333155365723,0.14308595835557927,0.008542445274959957,907.0,128.02562733582488
ATL,MSY,ATL → MSY,1973,10.227065382665991,9.460719716168272,0.16269640141915864,0.019766852508869743,425.0,66.66497719209326
ATL,MTJ,ATL → MTJ,27,7.037037037037037,9.074074074074074,0.2222222222222222,0.0,1352.0,199.8148148148148
ATL,MYR,ATL → MYR,709,9.002820874471086,8.301833568406206,0.12976022566995768,0.009873060648801129,317.0,47.52327221438646
ATL,OAJ,ATL → OAJ,464,6.620689655172414,6.758620689655173,0.10991379310344827,0.010775862068965518,399.0,57.75
ATL,OAK,ATL → OAK,79,13.481012658227849,11.69620253164557,0.20253164556962025,0.0379746835443038,2130.0,272.36708860759495
ATL,OGG,ATL → OGG,12,13.5,27.75,0.4166666666666667,0.0,4431.0,579.6666666666666
ATL,OKC,ATL → OKC,926,10.21598272138229,9.59611231101512,0.13822894168466524,0.01079913606911447,761.0,109.14038876889849
ATL,OMA,ATL → OMA,870,9.927586206896551,8.832183908045977,0.14022988505747128,0.01264367816091954,821.0,116.9
ATL,ONT,ATL → ONT,339,9.828908554572271,8.14749262536873,0.15634218289085547,0.017699115044247787,1900.0,243.10029498525074
ATL,ORD,ATL → ORD,2789,13.098960200788813,13.760129078522768,0.17820007171029043,0.02509860164933668,606.0,92.32592326998925
ATL,ORF,ATL → ORF,1110,9.17927927927928,8.495495495495495,0.14324324324324325,0.013513513513513514,516.0,68.65855855855855
ATL,PBI,ATL → PBI,1693,10.58653278204371,10.725930301240401,0.18428824571766095,0.014176018901358535,545.0,80.58476077968103
ATL,PDX,ATL → PDX,604,8.021523178807946,7.316225165562914,0.1357615894039735,0.009933774834437087,2172.0,282.1572847682119
ATL,PHF,ATL → PHF,123,7.146341463414634,6.634146341463414,0.0975609756097561,0.0,508.0,71.70731707317073
ATL,PHL,ATL → PHL,2538,12.548069345941686,11.502364066193854,0.15918045705279749,0.024034672970843184,666.0,90.15366430260048
ATL,PHX,ATL → PHX,1545,11.366990291262136,10.997411003236246,0.18381877022653723,0.012944983818770227,1587.0,216.5818770226537
ATL,PIA,ATL → PIA,137,16.306569343065693,14.941605839416058,0.145985401459854,0.014598540145985401,565.0,85.96350364963503
ATL,PIT,ATL → PIT,1271,8.961447678992918,7.751376868607395,0.13532651455546812,0.01966955153422502,526.0,71.02439024390245
ATL,PNS,ATL → PNS,1250,9.4496,8.8776,0.1168,0.016,271.0,46.972
ATL,PSP,ATL → PSP,49,2.857142857142857,3.938775510204082,0.10204081632653061,0.02040816326530612,1840.0,247.69387755102042
ATL,PVD,ATL → PVD,418,10.669856459330143,8.559808612440191,0.16028708133971292,0.01674641148325359,903.0,112.22248803827752
ATL,PWM,ATL → PWM,245,10.240816326530613,9.824489795918367,0.17142857142857143,0.0163265306122449,1027.0,123.60408163265306
ATL,RAP,ATL → RAP,3,2.0,0.0,0.0,0.0,1230.0,160.33333333333334
ATL,RDU,ATL → RDU,2009,9.325535092085614,7.780487804878049,0.13439522150323543,0.009457441513190641,356.0,55.95669487307118
ATL,RIC,ATL → RIC,1571,9.651177593889242,8.889879057924889,0.13685550604710375,0.015913430935709738,481.0,65.27180140038192
ATL,RNO,ATL → RNO,18,13.5,11.666666666666666,0.16666666666666666,0.0,1993.0,264.0
ATL,ROA,ATL → ROA,565,7.594690265486726,7.125663716814159,0.11327433628318584,0.012389380530973451,357.0,57.24070796460177
ATL,ROC,ATL → ROC,393,16.564885496183205,14.913486005089059,0.16793893129770993,0.015267175572519083,749.0,95.56488549618321
ATL,RST,ATL → RST,59,9.135593220338983,8.474576271186441,0.11864406779661017,0.01694915254237288,831.0,114.35593220338983
ATL,RSW,ATL → RSW,1537,9.869225764476253,9.689655172413794,0.17111255692908262,0.0247234873129473,515.0,72.82238126219909
ATL,SAN,ATL → SAN,878,9.98861047835991,9.214123006833713,0.16970387243735763,0.003416856492027335,1892.0,248.57858769931664
ATL,SAT,ATL → SAT,1299,8.488837567359507,8.066204772902232,0.1601231716705158,0.015396458814472672,874.0,124.10238645111625
ATL,SAV,ATL → SAV,1354,9.448301329394386,9.274002954209749,0.1255539143279173,0.0155096011816839,214.0,37.480797636632204
ATL,SBN,ATL → SBN,500,10.128,9.496,0.142,0.008,566.0,84.296
ATL,SDF,ATL → SDF,1346,8.413818722139673,7.763744427934621,0.12109955423476969,0.015601783060921248,321.0,53.09509658246657
ATL,SEA,ATL → SEA,1397,10.13815318539728,9.503937007874017,0.16964924838940587,0.007874015748031496,2182.0,289.05440229062276
ATL,SFO,ATL → SFO,1178,14.203735144312393,13.050084889643463,0.1926994906621392,0.013582342954159592,2139.0,277.7037351443124
ATL,SGF,ATL → SGF,521,8.802303262955855,9.166986564299425,0.1420345489443378,0.009596928982725527,563.0,84.63915547024952
ATL,SHV,ATL → SHV,755,9.12317880794702,8.764238410596027,0.1403973509933775,0.006622516556291391,551.0,83.91920529801324
ATL,SJC,ATL → SJC,304,8.210526315789474,8.43421052631579,0.15460526315789475,0.023026315789473683,2116.0,275.125
ATL,SJU,ATL → SJU,622,13.514469453376206,12.982315112540192,0.1945337620578778,0.017684887459807074,1547.0,181.65916398713827
ATL,SLC,ATL → SLC,1429,10.98040587823653,10.973407977606717,0.18124562631210636,0.006997900629811057,1590.0,215.03149055283416
ATL,SMF,ATL → SMF,409,11.665036674816626,11.924205378973106,0.18092909535452323,0.004889975550122249,2092.0,275.6577017114914
ATL,SNA,ATL → SNA,383,8.214099216710183,7.396866840731071,0.1618798955613577,0.013054830287206266,1919.0,251.21148825065274
ATL,SRQ,ATL → SRQ,1108,9.513537906137184,9.570397111913357,0.1624548736462094,0.01895306859205776,444.0,65.08664259927798
ATL,STL,ATL → STL,1537,8.870527000650618,8.0644111906311,0.1457384515289525,0.02081977878985036,484.0,74.40338321405335
ATL,STT,ATL → STT,335,5.134328358208955,6.137313432835821,0.15223880597014924,0.011940298507462687,1599.0,188.4955223880597
ATL,STX,ATL → STX,59,11.101694915254237,9.576271186440678,0.15254237288135594,0.0,1638.0,193.47457627118644
ATL,SWF,ATL → SWF,7,6.428571428571429,2.4285714285714284,0.14285714285714285,0.14285714285714285,783.0,94.71428571428571
ATL,SYR,ATL → SYR,443,13.367945823927766,12.758465011286681,0.13318284424379231,0.024830699774266364,794.0,99.73814898419865
ATL,TLH,ATL → TLH,881,6.904653802497163,6.821793416572077,0.1112372304199773,0.0170261066969353,223.0,39.42224744608399
ATL,TPA,ATL → TPA,2854,10.877014716187807,10.211282410651718,0.16643307638402244,0.022775052557813594,406.0,60.233356692361596
ATL,TRI,ATL → TRI,792,7.829545454545454,7.476010101010101,0.10101010101010101,0.007575757575757576,227.0,40.91161616161616
ATL,TTN,ATL → TTN,115,16.817391304347826,14.730434782608695,0.20869565217391303,0.05217391304347826,701.0,91.36521739130434
ATL,TUL,ATL → TUL,641,6.110764430577223,6.106084243369735,0.11856474258970359,0.0078003120124804995,674.0,98.04680187207488
ATL,TUS,ATL → TUS,324,9.459876543209877,8.984567901234568,0.17592592592592593,0.006172839506172839,1541.0,207.64506172839506
ATL,TVC,ATL → TVC,18,8.0,7.333333333333333,0.16666666666666666,0.0,769.0,101.72222222222223
ATL,TYS,ATL → TYS,1279,8.383111806098514,8.603596559812354,0.11571540265832682,0.009382329945269743,152.0,31.26505082095387
ATL,VLD,ATL → VLD,452,16.652654867256636,16.535398230088497,0.13938053097345132,0.008849557522123894,208.0,38.72787610619469
ATL,VPS,ATL → VPS,1001,7.021978021978022,7.060939060939061,0.11288711288711288,0.01098901098901099,250.0,43.717282717282714
ATL,XNA,ATL → XNA,715,6.826573426573426,6.6447552447552445,0.08951048951048951,0.004195804195804196,589.0,88.1944055944056
ATW,ATL,ATW → ATL,191,7.602094240837697,8.434554973821989,0.12041884816753927,0.010471204188481676,765.0,105.10994764397905
ATW,AZA,ATW → AZA,57,8.964912280701755,13.508771929824562,0.2631578947368421,0.03508771929824561,1452.0,195.33333333333334
ATW,BNA,ATW → BNA,27,25.40740740740741,29.296296296296298,0.4074074074074074,0.1111111111111111,570.0,69.37037037037037
ATW,CLT,ATW → CLT,82,6.634146341463414,5.451219512195122,0.07317073170731707,0.04878048780487805,742.0,100.4390243902439
ATW,DEN,ATW → DEN,113,20.061946902654867,24.663716814159294,0.30973451327433627,0.017699115044247787,883.0,135.1769911504425
ATW,DTW,ATW → DTW,381,11.742782152230971,12.238845144356956,0.13123359580052493,0.010498687664041995,296.0,47.91601049868766
ATW,FLL,ATW → FLL,13,18.153846153846153,28.0,0.46153846153846156,0.0,1338.0,173.07692307692307
ATW,LAS,ATW → LAS,46,24.130434782608695,26.804347826086957,0.2826086956521739,0.021739130434782608,1510.0,201.7173913043478
ATW,MSP,ATW → MSP,512,11.671875,12.158203125,0.12109375,0.01171875,236.0,45.9140625
ATW,ORD,ATW → ORD,419,7.522673031026253,8.589498806682577,0.13126491646778043,0.03341288782816229,160.70405727923628,38.5346062052506
ATW,PDX,ATW → PDX,3,0.0,0.0,0.0,0.0,1662.0,220.33333333333334
ATW,PGD,ATW → PGD,43,21.72093023255814,23.348837209302324,0.32558139534883723,0.046511627906976744,1250.0,153.6046511627907
ATW,PIE,ATW → PIE,46,12.826086956521738,13.804347826086957,0.21739130434782608,0.021739130434782608,1173.0,144.65217391304347
ATW,RAP,ATW → RAP,1,0.0,0.0,0.0,0.0,722.0,101.0
ATW,SAV,ATW → SAV,7,12.571428571428571,12.857142857142858,0.42857142857142855,0.0,926.0,123.42857142857143
ATW,SFB,ATW → SFB,77,34.83116883116883,38.90909090909091,0.3116883116883117,0.03896103896103896,1141.0,140.6883116883117
ATW,SRQ,ATW → SRQ,10,7.2,17.0,0.4,0.0,1209.0,157.7
ATY,DEN,ATY → DEN,83,13.096385542168674,14.349397590361447,0.1566265060240964,0.07228915662650602,519.0,77.144578313253
ATY,ORD,ATY → ORD,64,16.546875,19.640625,0.203125,0.078125,507.0,69.125
ATY,PIR,ATY → PIR,11,3.5454545454545454,4.090909090909091,0.18181818181818182,0.0,159.0,34.18181818181818
AUS,ABQ,AUS → ABQ,256,8.4140625,7.46875,0.16796875,0.02734375,619.0,88.7734375
AUS,ACY,AUS → ACY,1,0.0,0.0,0.0,1.0,1454.0,0.0
AUS,AGS,AUS → AGS,1,13.0,43.0,1.0,0.0,949.0,130.0
AUS,AMA,AUS → AMA,53,19.28301886792453,16.358490566037737,0.3018867924528302,0.03773584905660377,418.0,58.735849056603776
AUS,ASE,AUS → ASE,23,33.52173913043478,33.52173913043478,0.30434782608695654,0.043478260869565216,812.0,130.3913043478261
AUS,ATL,AUS → ATL,1654,9.062877871825876,8.189842805320435,0.12273276904474002,0.019347037484885126,813.0,101.01148730350666
AUS,AVL,AUS → AVL,35,12.228571428571428,13.428571428571429,0.2571428571428571,0.0,950.0,116.57142857142857
AUS,BNA,AUS → BNA,766,11.87597911227154,10.593994778067884,0.17885117493472585,0.02610966057441253,756.0,95.90731070496084
AUS,BOI,AUS → BOI,31,11.35483870967742,11.903225806451612,0.22580645161290322,0.0,1375.0,191.51612903225808
AUS,BOS,AUS → BOS,581,21.06368330464716,19.839931153184164,0.21686746987951808,0.022375215146299483,1698.0,200.4974182444062
AUS,BUR,AUS → BUR,75,18.706666666666667,18.266666666666666,0.30666666666666664,0.0,1241.0,174.4
AUS,BWI,AUS → BWI,478,10.853556485355648,8.993723849372385,0.1589958158995816,0.016736401673640166,1342.0,160.53347280334728
AUS,BZN,AUS → BZN,16,12.0,10.8125,0.3125,0.125,1299.0,150.75
AUS,CHS,AUS → CHS,25,10.52,11.96,0.2,0.0,1055.0,133.6
AUS,CLE,AUS → CLE,7,7.857142857142857,1.8571428571428572,0.0,0.0,1174.0,141.57142857142858
AUS,CLT,AUS → CLT,833,13.786314525810324,13.48499399759904,0.14405762304921968,0.027611044417767107,1032.0,126.9015606242497
AUS,CMH,AUS → CMH,54,14.092592592592593,12.981481481481481,0.25925925925925924,0.0,1073.0,133.44444444444446
AUS,CVG,AUS → CVG,250,16.872,16.716,0.216,0.02,958.0,121.048
AUS,DAL,AUS → DAL,1249,10.903923138510809,10.289031224979984,0.17854283426741394,0.045636509207365894,189.0,36.825460368294635
AUS,DCA,AUS → DCA,136,7.176470588235294,6.8161764705882355,0.15441176470588236,0.029411764705882353,1315.0,157.44117647058823
AUS,DEN,AUS → DEN,1957,12.79407256004088,12.47675012774655,0.18191108840061318,0.03168114460909555,775.0,105.97547266223812
AUS,DFW,AUS → DFW,1795,17.62284122562674,18.12924791086351,0.16991643454038996,0.03565459610027855,190.0,38.94038997214485
AUS,DSM,AUS → DSM,23,26.73913043478261,27.304347826086957,0.2608695652173913,0.043478260869565216,813.0,99.1304347826087
AUS,DTW,AUS → DTW,603,11.522388059701493,11.416252072968492,0.12769485903814262,0.009950248756218905,1149.0,142.53731343283582
AUS,ECP,AUS → ECP,50,6.22,5.14,0.12,0.0,710.0,94.62
AUS,EGE,AUS → EGE,7,25.0,56.285714285714285,0.7142857142857143,0.0,836.0,144.71428571428572
AUS,ELP,AUS → ELP,537,14.256983240223464,13.363128491620111,0.21973929236499068,0.0260707635009311,528.0,74.8342644320298
AUS,EWR,AUS → EWR,697,19.206599713055954,19.308464849354376,0.25107604017216645,0.035868005738880916,1504.0,179.81492109038737
AUS,FLL,AUS → FLL,468,14.106837606837606,13.258547008547009,0.2094017094017094,0.021367521367521368,1105.0,132.67948717948718
AUS,FSD,AUS → FSD,19,19.68421052631579,20.05263157894737,0.10526315789473684,0.05263157894736842,925.0,113.05263157894737
AUS,GRR,AUS → GRR,21,21.952380952380953,19.761904761904763,0.38095238095238093,0.0,1103.0,137.33333333333334
AUS,HNL,AUS → HNL,36,63.083333333333336,63.80555555555556,0.5,0.0,3764.0,467.6666666666667
AUS,HOU,AUS → HOU,800,10.8975,10.52125,0.175,0.0325,148.0,31.305
AUS,HRL,AUS → HRL,135,8.207407407407407,6.133333333333334,0.1259259259259259,0.037037037037037035,273.0,43.992592592592594
AUS,IAD,AUS → IAD,463,9.490280777537796,9.319654427645789,0.12526997840172785,0.01511879049676026,1297.0,157.80345572354213
AUS,IAH,AUS → IAH,1216,10.004111842105264,11.583059210526315,0.18009868421052633,0.023848684210526317,140.0,32.88157894736842
AUS,IND,AUS → IND,257,13.66147859922179,12.614785992217898,0.2140077821011673,0.027237354085603113,919.0,116.83268482490273
AUS,JAX,AUS → JAX,65,10.353846153846154,11.676923076923076,0.2153846153846154,0.015384615384615385,954.0,117.6
AUS,JFK,AUS → JFK,882,16.249433106575964,15.65079365079365,0.18253968253968253,0.024943310657596373,1521.0,186.5612244897959
AUS,LAS,AUS → LAS,1220,15.995901639344263,15.205737704918032,0.21475409836065573,0.030327868852459017,1090.0,145.53524590163934
AUS,LAX,AUS → LAX,1781,13.0393037619315,12.267265581134195,0.17237507018528916,0.023582257158899493,1242.0,165.3155530600786
AUS,LBB,AUS → LBB,107,14.261682242990654,12.158878504672897,0.2336448598130841,0.056074766355140186,341.0,49.85981308411215
AUS,LGB,AUS → LGB,218,13.600917431192661,12.477064220183486,0.1926605504587156,0.01834862385321101,1226.0,166.05045871559633
AUS,MAF,AUS → MAF,41,21.634146341463413,22.0,0.4878048780487805,0.024390243902439025,294.0,46.90243902439025
AUS,MCI,AUS → MCI,285,13.442105263157895,12.417543859649124,0.22105263157894736,0.010526315789473684,650.0,88.60350877192982
AUS,MCO,AUS → MCO,958,13.894572025052192,13.80375782881002,0.2056367432150313,0.03444676409185804,994.0,120.74530271398747
AUS,MDW,AUS → MDW,618,10.807443365695793,10.014563106796116,0.17637540453074432,0.04692556634304207,972.0,121.39644012944984
AUS,MEM,AUS → MEM,51,17.313725490196077,17.686274509803923,0.29411764705882354,0.058823529411764705,559.0,73.90196078431373
AUS,MIA,AUS → MIA,649,16.241910631741142,17.09707241910632,0.1987673343605547,0.03852080123266564,1103.0,130.70416024653312
AUS,MSP,AUS → MSP,519,10.707129094412332,10.720616570327554,0.1329479768786127,0.017341040462427744,1042.0,134.1252408477842
AUS,MSY,AUS → MSY,650,16.526153846153846,15.821538461538461,0.23692307692307693,0.02923076923076923,444.0,58.95846153846154
AUS,OAK,AUS → OAK,164,12.03048780487805,8.524390243902438,0.14634146341463414,0.018292682926829267,1497.0,199.35365853658536
AUS,OKC,AUS → OKC,127,21.346456692913385,20.52755905511811,0.2125984251968504,0.031496062992125984,358.0,54.56692913385827
AUS,OMA,AUS → OMA,2,0.0,0.0,0.0,0.0,772.0,105.5
AUS,ONT,AUS → ONT,59,12.610169491525424,11.033898305084746,0.22033898305084745,0.0,1196.0,160.864406779661
AUS,ORD,AUS → ORD,1384,11.813583815028903,11.770953757225433,0.15245664739884393,0.024566473988439308,977.0,127.51372832369943
AUS,PBI,AUS → PBI,2,0.0,19.0,0.5,0.0,1096.0,156.5
AUS,PDX,AUS → PDX,170,8.147058823529411,8.958823529411765,0.16470588235294117,0.01764705882352941,1715.0,227.18235294117648
AUS,PGD,AUS → PGD,7,44.285714285714285,44.42857142857143,0.7142857142857143,0.0,979.0,120.28571428571429
AUS,PHL,AUS → PHL,323,26.1671826625387,25.45201238390093,0.22291021671826625,0.02786377708978328,1430.0,173.87616099071207
AUS,PHX,AUS → PHX,1226,13.890701468189233,12.976345840130506,0.17047308319738988,0.022838499184339316,872.0,122.35399673735726
AUS,PIT,AUS → PIT,22,6.681818181818182,7.0,0.18181818181818182,0.13636363636363635,1210.0,128.9090909090909
AUS,PNS,AUS → PNS,9,1.3333333333333333,1.6666666666666667,0.0,0.0,626.0,84.77777777777777
AUS,PSP,AUS → PSP,44,13.659090909090908,12.818181818181818,0.2727272727272727,0.022727272727272728,1132.0,161.6818181818182
AUS,PVU,AUS → PVU,20,14.25,13.4,0.3,0.0,1051.0,141.6
AUS,RDU,AUS → RDU,358,16.092178770949722,15.497206703910615,0.2206703910614525,0.019553072625698324,1162.0,143.35195530726256
AUS,RNO,AUS → RNO,76,22.092105263157894,21.43421052631579,0.32894736842105265,0.0,1405.0,197.26315789473685
AUS,RSW,AUS → RSW,9,25.333333333333332,28.77777777777778,0.6666666666666666,0.0,1001.0,131.66666666666666
AUS,SAN,AUS → SAN,721,13.042995839112344,12.846047156726769,0.2260748959778086,0.033287101248266296,1164.0,155.39805825242718
AUS,SDF,AUS → SDF,19,33.0,35.421052631578945,0.3157894736842105,0.05263157894736842,876.0,106.3157894736842
AUS,SEA,AUS → SEA,693,7.0981240981240985,7.873015873015873,0.14285714285714285,0.021645021645021644,1770.0,233.86580086580088
AUS,SFB,AUS → SFB,25,12.6,12.4,0.24,0.04,994.0,118.32
AUS,SFO,AUS → SFO,879,12.731513083048918,12.731513083048918,0.17064846416382254,0.02161547212741752,1504.0,201.62002275312855
AUS,SGF,AUS → SGF,3,25.333333333333332,21.666666666666668,0.6666666666666666,0.0,545.0,73.0
AUS,SJC,AUS → SJC,557,10.3770197486535,9.52064631956912,0.15798922800718132,0.03411131059245961,1476.0,196.49730700179532
AUS,SJU,AUS → SJU,47,25.361702127659573,25.127659574468087,0.2553191489361702,0.06382978723404255,2146.0,234.25531914893617
AUS,SLC,AUS → SLC,595,15.961344537815126,16.23361344537815,0.16470588235294117,0.018487394957983194,1086.0,146.89411764705883
AUS,SMF,AUS → SMF,164,18.9390243902439,16.21951219512195,0.2682926829268293,0.03048780487804878,1481.0,195.40243902439025
AUS,SNA,AUS → SNA,197,17.436548223350254,17.898477157360407,0.3350253807106599,0.01015228426395939,1209.0,165.1522842639594
AUS,SRQ,AUS → SRQ,19,6.2105263157894735,7.368421052631579,0.15789473684210525,0.0,936.0,120.15789473684211
AUS,STL,AUS → STL,438,7.723744292237443,6.3812785388127855,0.13013698630136986,0.0136986301369863,721.0,96.9337899543379
AUS,TPA,AUS → TPA,400,12.105,11.8425,0.2175,0.0325,928.0,113.1525
AUS,TUL,AUS → TUL,121,15.066115702479339,14.396694214876034,0.19834710743801653,0.008264462809917356,426.0,62.63636363636363
AUS,TYS,AUS → TYS,23,28.608695652173914,26.043478260869566,0.21739130434782608,0.043478260869565216,882.0,103.82608695652173
AUS,VPS,AUS → VPS,31,8.129032258064516,10.0,0.22580645161290322,0.03225806451612903,666.0,87.0
AUS,XNA,AUS → XNA,7,8.285714285714286,12.428571428571429,0.42857142857142855,0.0,462.0,68.85714285714286
AVL,ATL,AVL → ATL,942,10.13163481953291,9.929936305732484,0.1337579617834395,0.008492569002123142,164.0,34.833333333333336
AVL,AUS,AVL → AUS,39,12.128205128205128,13.153846153846153,0.1794871794871795,0.02564102564102564,950.0,132.15384615384616
AVL,BOS,AVL → BOS,59,18.305084745762713,18.983050847457626,0.2542372881355932,0.03389830508474576,783.0,101.52542372881356
AVL,BWI,AVL → BWI,41,18.609756097560975,22.902439024390244,0.3170731707317073,0.0,414.0,66.2439024390244
AVL,CLT,AVL → CLT,958,9.824634655532359,10.796450939457202,0.15657620041753653,0.025052192066805846,91.0,27.275574112734866
AVL,DCA,AVL → DCA,68,9.058823529411764,9.808823529411764,0.17647058823529413,0.014705882352941176,384.0,62.75
AVL,DEN,AVL → DEN,42,13.095238095238095,14.69047619047619,0.30952380952380953,0.047619047619047616,1248.0,165.97619047619048
AVL,DFW,AVL → DFW,241,28.473029045643152,26.70124481327801,0.1991701244813278,0.02074688796680498,848.0,124.74273858921161
AVL,DTW,AVL → DTW,2,0.0,0.0,0.0,0.0,470.0,75.0
AVL,EWR,AVL → EWR,126,5.484126984126984,5.777777777777778,0.06349206349206349,0.023809523809523808,583.0,83.10317460317461
AVL,EYW,AVL → EYW,17,3.3529411764705883,5.470588235294118,0.11764705882352941,0.17647058823529413,751.0,83.82352941176471
AVL,FLL,AVL → FLL,295,24.233898305084747,24.803389830508475,0.31864406779661014,0.06440677966101695,660.1457627118644,88.9728813559322
AVL,GSO,AVL → GSO,3,0.0,0.0,0.0,0.0,153.0,30.666666666666668
AVL,HOU,AVL → HOU,28,17.035714285714285,18.25,0.14285714285714285,0.0,843.0,121.64285714285714
AVL,IAD,AVL → IAD,12,11.333333333333334,14.333333333333334,0.25,0.0,370.0,65.58333333333333
AVL,LAS,AVL → LAS,32,21.8125,24.25,0.40625,0.03125,1824.0,240.375
AVL,LGA,AVL → LGA,182,23.005494505494507,22.082417582417584,0.2087912087912088,0.04945054945054945,599.0,81.67032967032966
AVL,MCO,AVL → MCO,35,1.6,2.6285714285714286,0.05714285714285714,0.08571428571428572,488.0,65.77142857142857
AVL,MDW,AVL → MDW,33,11.121212121212121,11.454545454545455,0.15151515151515152,0.0,521.0,80.12121212121212
AVL,MIA,AVL → MIA,30,26.2,32.7,0.43333333333333335,0.0,677.0,104.23333333333333
AVL,MSP,AVL → MSP,32,14.5625,13.71875,0.3125,0.0625,861.0,120.40625
AVL,ORD,AVL → ORD,286,26.041958041958043,26.18881118881119,0.23426573426573427,0.05944055944055944,536.0,84.88111888111888
AVL,PBI,AVL → PBI,40,9.75,13.7,0.3,0.025,620.0,88.625
AVL,PGD,AVL → PGD,98,18.336734693877553,21.693877551020407,0.2857142857142857,0.030612244897959183,588.0,81.36734693877551
AVL,PHL,AVL → PHL,37,21.83783783783784,18.324324324324323,0.21621621621621623,0.05405405405405406,504.0,73.45945945945945
AVL,PHX,AVL → PHX,1,15.0,34.0,1.0,0.0,1683.0,241.0
AVL,PIE,AVL → PIE,182,13.027472527472527,12.428571428571429,0.2032967032967033,0.03296703296703297,519.0,74.45604395604396
AVL,SFB,AVL → SFB,221,22.70135746606335,22.97285067873303,0.25339366515837103,0.08144796380090498,465.0,62.62443438914027
AVL,SRQ,AVL → SRQ,41,23.634146341463413,25.4390243902439,0.2926829268292683,0.04878048780487805,554.0,77.36585365853658
AVL,TPA,AVL → TPA,13,26.692307692307693,26.53846153846154,0.23076923076923078,0.0,514.0,74.23076923076923
AVL,VPS,AVL → VPS,5,2.2,4.6,0.2,0.0,412.0,64.0
AVP,ATL,AVP → ATL,43,2.13953488372093,5.069767441860465,0.06976744186046512,0.046511627906976744,714.0,103.74418604651163
AVP,CLT,AVP → CLT,547,14.753199268738575,14.06581352833638,0.11882998171846434,0.02376599634369287,509.0,87.11334552102376
AVP,DTW,AVP → DTW,128,17.515625,18.0703125,0.1171875,0.03125,399.0,70.5078125
AVP,EWR,AVP → EWR,18,3.2222222222222223,2.1666666666666665,0.05555555555555555,0.1111111111111111,93.0,24.5
AVP,ORD,AVP → ORD,310,18.729032258064517,18.73548387096774,0.20967741935483872,0.01935483870967742,632.0,105.21612903225807
AZA,AMA,AZA → AMA,9,12.444444444444445,12.555555555555555,0.2222222222222222,0.2222222222222222,584.0,58.888888888888886
AZA,ATW,AZA → ATW,80,18.125,18.6375,0.375,0.025,1452.0,167.2625
AZA,BIL,AZA → BIL,64,12.140625,14.515625,0.265625,0.046875,878.0,112.015625
AZA,BIS,AZA → BIS,102,9.705882352941176,11.27450980392157,0.18627450980392157,0.029411764705882353,1092.0,132.2843137254902
AZA,BLI,AZA → BLI,64,13.75,13.953125,0.109375,0.046875,1208.0,155.9375
AZA,BLV,AZA → BLV,11,3.909090909090909,4.454545454545454,0.18181818181818182,0.0,1272.0,143.27272727272728
AZA,BOI,AZA → BOI,46,11.347826086956522,11.434782608695652,0.1956521739130435,0.0,749.0,105.6304347826087
AZA,BZN,AZA → BZN,60,13.416666666666666,15.416666666666666,0.25,0.0,861.0,118.43333333333334
AZA,CID,AZA → CID,92,12.402173913043478,11.652173913043478,0.14130434782608695,0.0,1240.0,145.81521739130434
AZA,CVG,AZA → CVG,49,11.244897959183673,11.571428571428571,0.20408163265306123,0.04081632653061224,1553.0,174.28571428571428
AZA,DSM,AZA → DSM,71,12.126760563380282,12.140845070422536,0.18309859154929578,0.028169014084507043,1137.2676056338028,136.18309859154928
AZA,EUG,AZA → EUG,67,11.477611940298507,11.462686567164178,0.22388059701492538,0.014925373134328358,971.0,132.53731343283582
AZA,FAR,AZA → FAR,139,12.676258992805755,13.474820143884893,0.20863309352517986,0.007194244604316547,1220.0,149.76258992805757
AZA,FCA,AZA → FCA,40,12.725,13.675,0.275,0.05,1044.0,129.55
AZA,FNT,AZA → FNT,17,16.0,13.470588235294118,0.23529411764705882,0.058823529411764705,1650.0,176.35294117647058
AZA,FSD,AZA → FSD,128,9.3359375,9.5390625,0.1953125,0.0390625,1072.0,126.9453125
AZA,FWA,AZA → FWA,32,12.28125,14.21875,0.25,0.0,1546.0,178.75
AZA,GEG,AZA → GEG,22,9.136363636363637,9.318181818181818,0.22727272727272727,0.0,1034.0,136.95454545454547
AZA,GFK,AZA → GFK,35,17.0,18.0,0.17142857142857143,0.02857142857142857,1260.0,151.82857142857142
AZA,GJT,AZA → GJT,27,19.51851851851852,19.555555555555557,0.2962962962962963,0.07407407407407407,437.0,56.592592592592595
AZA,GRI,AZA → GRI,64,6.515625,7.734375,0.203125,0.015625,905.0,111.703125
AZA,GRR,AZA → GRR,80,36.1875,35.175,0.35,0.0625,1561.0,171.175
AZA,GTF,AZA → GTF,40,17.775,18.75,0.225,0.0,978.0,129.65
AZA,HOU,AZA → HOU,26,21.5,22.846153846153847,0.34615384615384615,0.0,998.0,123.92307692307692
AZA,ICT,AZA → ICT,49,8.959183673469388,10.10204081632653,0.16326530612244897,0.061224489795918366,855.0,99.20408163265306
AZA,IDA,AZA → IDA,85,16.858823529411765,17.71764705882353,0.3176470588235294,0.0,704.0,95.71764705882353
AZA,JAC,AZA → JAC,1,0.0,0.0,0.0,0.0,712.0,102.0
AZA,LAS,AZA → LAS,51,32.11764705882353,32.88235294117647,0.29411764705882354,0.0,276.0,46.90196078431372
AZA,MCI,AZA → MCI,2,70.5,61.5,1.0,0.0,1030.0,111.5
AZA,MEM,AZA → MEM,7,2.857142857142857,3.5714285714285716,0.0,0.0,1245.0,151.85714285714286
AZA,MFE,AZA → MFE,4,3.75,8.0,0.25,0.0,943.0,119.0
AZA,MFR,AZA → MFR,18,25.555555555555557,26.5,0.3333333333333333,0.0,875.0,121.83333333333333
AZA,MLI,AZA → MLI,41,6.439024390243903,6.0,0.0975609756097561,0.04878048780487805,1288.0,143.3658536585366
AZA,MOT,AZA → MOT,55,7.963636363636364,9.8,0.09090909090909091,0.07272727272727272,1164.0,135.96363636363637
AZA,MSO,AZA → MSO,47,10.72340425531915,10.659574468085106,0.19148936170212766,0.0425531914893617,948.0,121.97872340425532
AZA,MSP,AZA → MSP,14,5.5,4.357142857142857,0.07142857142857142,0.0,1267.0,150.85714285714286
AZA,OAK,AZA → OAK,39,19.846153846153847,18.871794871794872,0.2564102564102564,0.07692307692307693,668.0,90.8974358974359
AZA,OGD,AZA → OGD,31,2.0,3.870967741935484,0.0967741935483871,0.03225806451612903,544.0,76.0
AZA,OMA,AZA → OMA,32,5.78125,4.8125,0.09375,0.09375,1026.0,114.78125
AZA,PIA,AZA → PIA,75,12.6,12.093333333333334,0.16,0.0,1312.0,152.94666666666666
AZA,PIE,AZA → PIE,1,0.0,0.0,0.0,0.0,1760.0,201.0
AZA,PIT,AZA → PIT,5,3.6,3.2,0.2,0.4,1799.0,126.4
AZA,PSC,AZA → PSC,69,18.840579710144926,18.420289855072465,0.21739130434782608,0.028985507246376812,977.0,128.56521739130434
AZA,PVU,AZA → PVU,281,19.330960854092528,19.462633451957295,0.27402135231316727,0.017793594306049824,477.0,67.84697508896797
AZA,RAP,AZA → RAP,83,21.072289156626507,21.216867469879517,0.2891566265060241,0.012048192771084338,873.0,111.1566265060241
AZA,RDM,AZA → RDM,21,12.142857142857142,14.761904761904763,0.23809523809523808,0.047619047619047616,911.0,124.14285714285714
AZA,RFD,AZA → RFD,63,8.142857142857142,8.746031746031745,0.15873015873015872,0.015873015873015872,1373.0,157.3968253968254
AZA,SAN,AZA → SAN,11,1.9090909090909092,4.363636363636363,0.18181818181818182,0.0,324.0,53.90909090909091
AZA,SBN,AZA → SBN,41,8.0,7.512195121951219,0.17073170731707318,0.0,1501.0,173.3170731707317
AZA,SCK,AZA → SCK,25,23.36,23.56,0.32,0.0,625.0,88.92
AZA,SGF,AZA → SGF,62,4.838709677419355,5.596774193548387,0.14516129032258066,0.04838709677419355,1066.0,121.20967741935483
AZA,SGU,AZA → SGU,3,0.0,0.6666666666666666,0.0,0.0,278.0,47.0
AZA,SMX,AZA → SMX,10,16.6,16.4,0.4,0.0,516.0,77.2
AZA,SNA,AZA → SNA,11,2.1818181818181817,2.6363636363636362,0.09090909090909091,0.0,360.0,60.18181818181818
AZA,SPI,AZA → SPI,13,9.461538461538462,5.846153846153846,0.23076923076923078,0.0,1299.0,153.46153846153845
AZA,STC,AZA → STC,53,6.490566037735849,6.811320754716981,0.16981132075471697,0.018867924528301886,1259.0,153.75471698113208
AZA,TOL,AZA → TOL,3,0.0,0.0,0.0,0.0,1625.0,190.66666666666666
AZA,TUL,AZA → TUL,1,37.0,43.0,1.0,0.0,918.0,117.0
AZA,TVC,AZA → TVC,28,2.25,3.357142857142857,0.07142857142857142,0.10714285714285714,1599.0,169.75
AZA,XNA,AZA → XNA,22,3.5454545454545454,4.818181818181818,0.09090909090909091,0.045454545454545456,1006.0,113.27272727272727
AZO,DTW,AZO → DTW,428,9.948598130841122,9.957943925233645,0.12149532710280374,0.02336448598130841,113.0,26.455607476635514
AZO,MSP,AZO → MSP,73,10.698630136986301,11.054794520547945,0.1643835616438356,0.0136986301369863,426.0,73.56164383561644
AZO,ORD,AZO → ORD,315,7.476190476190476,8.94920634920635,0.12698412698412698,0.044444444444444446,122.0,31.574603174603176
BDL,ATL,BDL → ATL,885,7.84406779661017,7.703954802259887,0.10734463276836158,0.01694915254237288,859.0,122.42033898305085
BDL,BNA,BDL → BNA,78,13.717948717948717,10.564102564102564,0.19230769230769232,0.01282051282051282,852.0,121.57692307692308
BDL,BTV,BDL → BTV,1,0.0,0.0,0.0,0.0,176.0,39.0
BDL,BWI,BDL → BWI,746,8.911528150134048,7.455764075067024,0.128686327077748,0.030831099195710455,283.0,50.64879356568365
BDL,CLE,BDL → CLE,39,1.0512820512820513,2.1794871794871793,0.05128205128205128,0.0,476.0,82.84615384615384
BDL,CLT,BDL → CLT,835,8.722155688622754,8.879041916167665,0.12215568862275449,0.025149700598802394,644.0,99.48263473053892
BDL,CVG,BDL → CVG,15,11.4,15.8,0.2,0.0,661.0,110.0
BDL,DCA,BDL → DCA,724,13.763812154696133,14.374309392265193,0.18232044198895028,0.04281767955801105,313.0,60.89779005524862
BDL,DEN,BDL → DEN,288,9.631944444444445,10.03125,0.12152777777777778,0.052083333333333336,1671.0,223.85416666666666
BDL,DFW,BDL → DFW,216,12.25,12.768518518518519,0.18981481481481483,0.027777777777777776,1471.0,204.81944444444446
BDL,DTW,BDL → DTW,565,10.031858407079646,10.341592920353982,0.10088495575221239,0.01415929203539823,549.0,89.18230088495575
BDL,FLL,BDL → FLL,433,18.48267898383372,19.07621247113164,0.21939953810623555,0.03233256351039261,1173.0,157.06928406466514
BDL,IAD,BDL → IAD,506,13.553359683794467,13.278656126482213,0.11067193675889328,0.029644268774703556,325.8498023715415,58.359683794466406
BDL,IAH,BDL → IAH,79,2.4936708860759493,4.379746835443038,0.08860759493670886,0.0379746835443038,1507.0,210.69620253164558
BDL,LAS,BDL → LAS,46,24.97826086956522,28.934782608695652,0.45652173913043476,0.0,2297.0,313.69565217391306
BDL,LAX,BDL → LAX,90,15.61111111111111,19.433333333333334,0.2777777777777778,0.022222222222222223,2527.0,331.15555555555557
BDL,LGA,BDL → LGA,96,7.979166666666667,11.28125,0.17708333333333334,0.020833333333333332,101.0,29.625
BDL,MCO,BDL → MCO,1016,19.706692913385826,20.566929133858267,0.2440944881889764,0.04330708661417323,1050.0,142.1988188976378
BDL,MDW,BDL → MDW,309,7.9870550161812295,7.032362459546926,0.1423948220064725,0.045307443365695796,776.7637540453075,116.91585760517799
BDL,MIA,BDL → MIA,312,20.083333333333332,21.57371794871795,0.17307692307692307,0.035256410256410256,1194.0,160.3397435897436
BDL,MSP,BDL → MSP,439,6.492027334851937,6.7995444191343966,0.1070615034168565,0.01366742596810934,1050.0,152.61731207289293
BDL,MYR,BDL → MYR,151,6.231788079470198,7.423841059602649,0.10596026490066225,0.026490066225165563,664.0,92.56953642384106
BDL,ORD,BDL → ORD,985,9.668020304568527,10.57969543147208,0.15126903553299492,0.024365482233502538,783.0,122.66395939086294
BDL,PBI,BDL → PBI,199,12.557788944723619,14.100502512562814,0.22613065326633167,0.04522613065326633,1133.0,154.34170854271358
BDL,PHL,BDL → PHL,431,13.034802784222737,13.526682134570766,0.12296983758700696,0.025522041763341066,196.0,50.72853828306265
BDL,RDU,BDL → RDU,57,4.105263157894737,3.6666666666666665,0.05263157894736842,0.017543859649122806,532.0,83.57894736842105
BDL,RSW,BDL → RSW,226,21.3141592920354,22.0,0.23893805309734514,0.05309734513274336,1180.0,162.88053097345133
BDL,SFO,BDL → SFO,17,39.05882352941177,22.88235294117647,0.23529411764705882,0.11764705882352941,2625.0,303.11764705882354
BDL,SJU,BDL → SJU,307,37.416938110749186,41.37459283387622,0.44625407166123776,0.02280130293159609,1666.0,206.42019543973942
BDL,STL,BDL → STL,50,2.46,2.14,0.06,0.02,957.0,141.44
BDL,TPA,BDL → TPA,390,16.266666666666666,15.228205128205127,0.24102564102564103,0.017948717948717947,1111.0,156.3948717948718
BET,ANC,BET → ANC,313,12.252396166134185,13.226837060702875,0.2523961661341853,0.01597444089456869,399.0,55.594249201277954
BFF,DEN,BFF → DEN,280,10.064285714285715,13.271428571428572,0.15,0.03214285714285714,150.0,34.56071428571428
BFF,LAR,BFF → LAR,2,0.0,0.0,0.0,0.0,115.0,25.0
BFF,LBF,BFF → LBF,12,19.25,17.916666666666668,0.3333333333333333,0.08333333333333333,160.0,28.75
BFF,PIR,BFF → PIR,6,0.0,0.0,0.0,0.0,241.0,38.166666666666664
BFL,DEN,BFL → DEN,263,9.418250950570343,9.684410646387832,0.11026615969581749,0.026615969581749048,845.0,116.72243346007605
BFL,DFW,BFL → DFW,273,17.164835164835164,18.205128205128204,0.1794871794871795,0.047619047619047616,1271.0,149.95970695970695
BFL,PHX,BFL → PHX,476,23.186974789915965,22.907563025210084,0.1407563025210084,0.014705882352941176,425.0,68.06302521008404
BFL,SFO,BFL → SFO,177,13.915254237288135,15.107344632768362,0.14689265536723164,0.022598870056497175,238.0,43.57627118644068
BFM,DEN,BFM → DEN,16,12.8125,13.3125,0.1875,0.0,1132.0,161.8125
BFM,MCO,BFM → MCO,1,0.0,0.0,0.0,0.0,434.0,64.0
BFM,ORD,BFM → ORD,10,13.6,19.7,0.4,0.0,782.0,114.8
BGM,DTW,BGM → DTW,222,22.86936936936937,22.07207207207207,0.14414414414414414,0.0045045045045045045,378.0,65.42792792792793
BGM,LGA,BGM → LGA,38,20.68421052631579,25.0,0.21052631578947367,0.05263157894736842,147.0,35.1578947368421
BGR,ATL,BGR → ATL,3,9.666666666666666,4.0,0.0,0.0,1134.0,150.0
BGR,BOS,BGR → BOS,45,3.5555555555555554,3.533333333333333,0.06666666666666667,0.0,201.0,39.955555555555556
BGR,CLT,BGR → CLT,166,14.975903614457831,15.524096385542169,0.16265060240963855,0.018072289156626505,921.0,134.30722891566265
BGR,DCA,BGR → DCA,363,19.25619834710744,19.371900826446282,0.21763085399449036,0.04132231404958678,590.0,92.93112947658402
BGR,DFW,BGR → DFW,6,9.5,0.0,0.0,0.16666666666666666,1717.0,181.5
BGR,DTW,BGR → DTW,10,4.5,0.7,0.0,0.0,750.0,104.2
BGR,EWR,BGR → EWR,157,17.0828025477707,19.46496815286624,0.2484076433121019,0.09554140127388536,393.0,68.53503184713375
BGR,FLL,BGR → FLL,9,3.2222222222222223,6.333333333333333,0.2222222222222222,0.1111111111111111,1438.0,178.66666666666666
BGR,IAD,BGR → IAD,7,0.0,0.0,0.0,0.0,601.0,93.42857142857143
BGR,JFK,BGR → JFK,125,7.816,9.088,0.152,0.032,382.0,63.472
BGR,LGA,BGR → LGA,365,18.213698630136985,19.106849315068494,0.2,0.038356164383561646,378.0,67.8082191780822
BGR,ORD,BGR → ORD,144,11.715277777777779,12.208333333333334,0.16666666666666666,0.020833333333333332,978.0,141.96527777777777
BGR,PHL,BGR → PHL,204,9.446078431372548,8.769607843137255,0.1323529411764706,0.04411764705882353,473.0,80.68627450980392
BGR,PIE,BGR → PIE,68,17.08823529411765,19.691176470588236,0.27941176470588236,0.029411764705882353,1394.0,185.30882352941177
BGR,SFB,BGR → SFB,108,23.98148148148148,25.12037037037037,0.2777777777777778,0.018518518518518517,1299.0,174.78703703703704
BHM,ATL,BHM → ATL,1280,7.5984375,7.3484375,0.10078125,0.01796875,134.0,32.86796875
BHM,BWI,BHM → BWI,115,8.765217391304347,7.643478260869565,0.12173913043478261,0.02608695652173913,682.0,91.2
BHM,CAE,BHM → CAE,1,0.0,0.0,0.0,0.0,325.0,52.0
BHM,CLT,BHM → CLT,911,14.086717892425906,13.941822173435785,0.1690450054884742,0.01646542261251372,350.0,57.39626783754117
BHM,DAL,BHM → DAL,369,8.91869918699187,7.856368563685637,0.15989159891598917,0.037940379403794036,587.0,88.21138211382114
BHM,DCA,BHM → DCA,358,15.276536312849162,16.606145251396647,0.18994413407821228,0.0446927374301676,653.0,91.58938547486034
BHM,DEN,BHM → DEN,406,16.657635467980295,16.3128078817734,0.22413793103448276,0.014778325123152709,1083.0,156.692118226601
BHM,DFW,BHM → DFW,914,22.552516411378555,22.846827133479213,0.21772428884026257,0.04814004376367615,597.0,92.24617067833698
BHM,DTW,BHM → DTW,152,16.473684210526315,16.82236842105263,0.17763157894736842,0.0,625.0,92.3092105263158
BHM,FLL,BHM → FLL,1,0.0,0.0,0.0,0.0,650.0,84.0
BHM,HOU,BHM → HOU,199,9.532663316582914,8.487437185929648,0.17587939698492464,0.035175879396984924,570.0,85.1859296482412
BHM,IAH,BHM → IAH,425,25.68941176470588,26.79294117647059,0.20470588235294118,0.02823529411764706,562.0,91.15529411764706
BHM,LAS,BHM → LAS,82,18.25609756097561,15.890243902439025,0.17073170731707318,0.04878048780487805,1618.0,213.890243902439
BHM,LGA,BHM → LGA,235,14.804255319148936,15.61276595744681,0.1829787234042553,0.05106382978723404,866.0,110.70638297872341
BHM,MCO,BHM → MCO,265,13.090566037735849,13.215094339622642,0.17735849056603772,0.022641509433962263,479.0,68.68301886792453
BHM,MDW,BHM → MDW,236,10.84322033898305,9.978813559322035,0.18220338983050846,0.029661016949152543,570.0,84.23305084745763
BHM,MIA,BHM → MIA,290,13.993103448275862,13.931034482758621,0.16551724137931034,0.017241379310344827,661.0,92.24137931034483
BHM,ORD,BHM → ORD,399,17.80701754385965,17.789473684210527,0.18546365914786966,0.045112781954887216,583.2330827067669,96.31328320802005
BHM,PHL,BHM → PHL,234,21.833333333333332,21.427350427350426,0.23931623931623933,0.042735042735042736,772.0,101.67948717948718
BHM,TPA,BHM → TPA,170,7.070588235294117,6.823529411764706,0.11176470588235295,0.01764705882352941,459.0,64.24117647058823
BIH,DEN,BIH → DEN,22,17.272727272727273,19.545454545454547,0.22727272727272727,0.045454545454545456,760.0,100.27272727272727
BIH,LAX,BIH → LAX,9,8.777777777777779,9.11111111111111,0.1111111111111111,0.1111111111111111,237.0,49.55555555555556
BIH,SFO,BIH → SFO,37,8.513513513513514,6.54054054054054,0.05405405405405406,0.05405405405405406,221.0,39.972972972972975
BIL,AZA,BIL → AZA,74,15.743243243243244,17.243243243243242,0.35135135135135137,0.013513513513513514,878.0,116.54054054054055
BIL,DEN,BIL → DEN,557,16.36983842010772,19.229802513464993,0.19389587073608616,0.026929982046678635,455.0,68.72710951526032
BIL,DFW,BIL → DFW,255,12.309803921568628,14.24313725490196,0.13725490196078433,0.00784313725490196,1081.0,139.25098039215686
BIL,LAS,BIL → LAS,52,31.0,34.13461538461539,0.28846153846153844,0.019230769230769232,754.0,101.21153846153847
BIL,LAX,BIL → LAX,8,29.25,26.5,0.25,0.125,970.0,114.125
BIL,MSP,BIL → MSP,246,4.841463414634147,5.032520325203252,0.08130081300813008,0.008130081300813009,748.0,95.82926829268293
BIL,ORD,BIL → ORD,34,21.11764705882353,21.058823529411764,0.20588235294117646,0.0,1060.764705882353,135.08823529411765
BIL,PDX,BIL → PDX,25,3.52,3.24,0.08,0.0,679.0,118.92
BIL,PHX,BIL → PHX,44,13.272727272727273,13.681818181818182,0.20454545454545456,0.0,873.0,117.93181818181819
BIL,SAN,BIL → SAN,4,0.0,0.0,0.0,0.0,1013.0,131.5
BIL,SEA,BIL → SEA,173,10.473988439306359,11.502890173410405,0.15028901734104047,0.028901734104046242,664.0,116.08670520231213
BIL,SLC,BIL → SLC,546,6.263736263736264,8.173992673992673,0.09340659340659341,0.005494505494505495,387.0,61.76739926739927
BIS,AZA,BIS → AZA,100,18.26,19.33,0.33,0.01,1092.0,146.38
BIS,DEN,BIS → DEN,443,19.35665914221219,21.665914221218962,0.20090293453724606,0.03611738148984198,516.0,78.46049661399549
BIS,DFW,BIS → DFW,284,15.028169014084508,17.651408450704224,0.20422535211267606,0.028169014084507043,977.0,128.33098591549296
BIS,LAS,BIS → LAS,61,23.688524590163933,25.442622950819672,0.3114754098360656,0.03278688524590164,1048.0,139.45901639344262
BIS,MSP,BIS → MSP,788,9.591370558375635,9.5,0.10406091370558376,0.02030456852791878,386.0,58.76015228426396
BIS,ORD,BIS → ORD,20,24.15,23.4,0.25,0.0,716.0,98.05
BIS,PHX,BIS → PHX,31,8.516129032258064,5.935483870967742,0.0967741935483871,0.0,1094.0,150.06451612903226
BIS,SFB,BIS → SFB,23,22.130434782608695,22.434782608695652,0.34782608695652173,0.08695652173913043,1628.0,178.04347826086956
BJI,BRD,BJI → BRD,10,31.6,32.2,0.2,0.0,85.0,24.7
BJI,MSP,BJI → MSP,325,14.015384615384615,14.172307692307692,0.07076923076923076,0.012307692307692308,199.0,37.39076923076923
BKG,DEN,BKG → DEN,31,11.741935483870968,9.419354838709678,0.25806451612903225,0.0,665.0,97.51612903225806
BKG,DFW,BKG → DFW,4,52.75,59.25,0.5,0.0,332.0,62.75
BKG,ORD,BKG → ORD,5,8.4,6.2,0.2,0.0,471.0,67.2
BLI,ANC,BLI → ANC,3,0.0,0.0,0.0,0.3333333333333333,1371.0,117.33333333333333
BLI,AZA,BLI → AZA,63,13.380952380952381,13.825396825396826,0.12698412698412698,0.06349206349206349,1208.0,146.6031746031746
BLI,DEN,BLI → DEN,2,59.0,56.0,1.0,0.0,1075.0,136.0
BLI,KOA,BLI → KOA,2,0.0,0.0,0.0,0.0,2732.0,350.0
BLI,LAS,BLI → LAS,308,7.23051948051948,7.857142857142857,0.12987012987012986,0.03571428571428571,954.0,125.30844155844156
BLI,LAX,BLI → LAX,69,1.8115942028985508,2.7681159420289854,0.057971014492753624,0.057971014492753624,1047.0,131.3913043478261
BLI,OAK,BLI → OAK,193,13.792746113989637,10.663212435233161,0.18134715025906736,0.025906735751295335,764.0,102.18134715025907
BLI,OGG,BLI → OGG,4,32.0,27.0,0.5,0.0,2681.0,350.25
BLI,PSP,BLI → PSP,53,2.6792452830188678,3.358490566037736,0.018867924528301886,0.05660377358490566,1078.0,135.71698113207546
BLI,SAN,BLI → SAN,17,0.4117647058823529,2.4705882352941178,0.058823529411764705,0.058823529411764705,1142.0,138.7058823529412
BLI,SEA,BLI → SEA,396,5.6893939393939394,6.075757575757576,0.10353535353535354,0.020202020202020204,93.0,25.46969696969697
BLI,TUS,BLI → TUS,9,2.5555555555555554,0.7777777777777778,0.0,0.0,1299.0,160.77777777777777
BLV,AZA,BLV → AZA,14,3.7857142857142856,7.142857142857143,0.21428571428571427,0.07142857142857142,1272.0,173.28571428571428
BLV,CHS,BLV → CHS,6,3.5,10.166666666666666,0.5,0.0,674.0,87.83333333333333
BLV,FLL,BLV → FLL,21,43.23809523809524,44.23809523809524,0.47619047619047616,0.047619047619047616,1028.0,127.14285714285714
BLV,JAX,BLV → JAX,20,20.3,23.15,0.2,0.0,723.0,93.85
BLV,LAS,BLV → LAS,34,35.294117647058826,38.205882352941174,0.47058823529411764,0.058823529411764705,1400.0,185.3235294117647
BLV,MYR,BLV → MYR,10,15.2,17.5,0.3,0.0,696.0,90.3
BLV,PGD,BLV → PGD,78,18.192307692307693,19.628205128205128,0.28205128205128205,0.0641025641025641,921.0,111.58974358974359
BLV,PIE,BLV → PIE,65,22.076923076923077,23.907692307692308,0.2923076923076923,0.03076923076923077,841.0,105.72307692307692
BLV,SAV,BLV → SAV,9,47.77777777777778,46.333333333333336,0.5555555555555556,0.0,658.0,90.33333333333333
BLV,SFB,BLV → SFB,69,21.71014492753623,21.6231884057971,0.2753623188405797,0.043478260869565216,835.0,104.5072463768116
BLV,SRQ,BLV → SRQ,43,24.046511627906977,24.88372093023256,0.2558139534883721,0.06976744186046512,876.0,103.53488372093024
BLV,VPS,BLV → VPS,157,26.515923566878982,27.955414012738853,0.20382165605095542,0.06369426751592357,587.0,75.21656050955414
BMI,ATL,BMI → ATL,372,11.010752688172044,11.185483870967742,0.12634408602150538,0.010752688172043012,533.0,76.37903225806451
BMI,DEN,BMI → DEN,30,19.633333333333333,22.4,0.36666666666666664,0.0,834.0,127.03333333333333
BMI,DFW,BMI → DFW,295,13.193220338983052,15.04406779661017,0.1694915254237288,0.030508474576271188,690.0,102.11864406779661
BMI,DTW,BMI → DTW,54,4.833333333333333,5.537037037037037,0.14814814814814814,0.0,313.0,51.648148148148145
BMI,MCO,BMI → MCO,27,18.85185185185185,23.88888888888889,0.2962962962962963,0.1111111111111111,936.0,115.33333333333333
BMI,ORD,BMI → ORD,285,6.4035087719298245,7.207017543859649,0.10877192982456141,0.028070175438596492,116.0,31.0
BMI,PIE,BMI → PIE,55,15.545454545454545,19.236363636363638,0.3090909090909091,0.0,936.0,117.30909090909091
BMI,SFB,BMI → SFB,53,16.264150943396228,19.943396226415093,0.2641509433962264,0.03773584905660377,917.0,113.67924528301887
BMI,TPA,BMI → TPA,2,65.0,45.0,1.0,0.0,935.0,112.5
BMI,VPS,BMI → VPS,9,21.555555555555557,22.555555555555557,0.2222222222222222,0.1111111111111111,702.0,81.33333333333333
BNA,ABE,BNA → ABE,39,17.153846153846153,18.384615384615383,0.2564102564102564,0.10256410256410256,685.0,81.48717948717949
BNA,ALB,BNA → ALB,9,13.777777777777779,13.555555555555555,0.4444444444444444,0.1111111111111111,825.0,92.55555555555556
BNA,ATL,BNA → ATL,1808,8.080752212389381,7.898783185840708,0.11449115044247787,0.022123893805309734,214.0,38.38108407079646
BNA,ATW,BNA → ATW,38,17.342105263157894,18.605263157894736,0.3157894736842105,0.18421052631578946,570.0,66.13157894736842
BNA,AUS,BNA → AUS,809,9.00370828182942,7.901112484548825,0.14585908529048208,0.027194066749072928,756.0,109.15327564894932
BNA,BDL,BNA → BDL,90,6.566666666666666,4.955555555555556,0.1,0.0,852.0,110.73333333333333
BNA,BOI,BNA → BOI,2,0.0,0.0,0.0,0.0,1643.0,217.0
BNA,BOS,BNA → BOS,1031,16.193986420950534,14.857419980601358,0.21144519883608148,0.02230843840931135,942.0,119.77109602327837
BNA,BUF,BNA → BUF,3,14.0,9.0,0.3333333333333333,0.0,633.0,83.66666666666667
BNA,BUR,BNA → BUR,64,14.078125,11.09375,0.203125,0.015625,1791.0,237.140625
BNA,BWI,BNA → BWI,791,10.683944374209862,9.083438685208597,0.15802781289506954,0.025284450063211124,587.0,76.61694058154235
BNA,BZN,BNA → BZN,38,24.894736842105264,27.55263157894737,0.2894736842105263,0.0,1435.0,199.6578947368421
BNA,CAK,BNA → CAK,3,16.0,15.666666666666666,0.3333333333333333,0.0,435.0,67.33333333333333
BNA,CHS,BNA → CHS,299,10.397993311036789,8.444816053511706,0.14046822742474915,0.026755852842809364,439.0,59.54515050167224
BNA,CID,BNA → CID,43,21.372093023255815,23.186046511627907,0.2558139534883721,0.16279069767441862,481.0,61.02325581395349
BNA,CLE,BNA → CLE,368,11.826086956521738,9.070652173913043,0.1766304347826087,0.04619565217391304,448.0,60.85054347826087
BNA,CLT,BNA → CLT,1544,12.465673575129534,12.318652849740932,0.17033678756476683,0.03044041450777202,328.0,51.21761658031088
BNA,CMH,BNA → CMH,276,10.532608695652174,8.05072463768116,0.17753623188405798,0.018115942028985508,337.0,51.58695652173913
BNA,DAL,BNA → DAL,888,11.742117117117116,10.38400900900901,0.16666666666666666,0.04279279279279279,623.0,89.21734234234235
BNA,DCA,BNA → DCA,1267,9.569850039463299,9.808208366219416,0.15785319652722968,0.02920284135753749,562.0,74.69850039463299
BNA,DEN,BNA → DEN,1571,10.877784850413748,10.345639719923616,0.15722469764481223,0.02928071292170592,1014.0,143.47167409293445
BNA,DFW,BNA → DFW,1235,14.536842105263158,14.537651821862347,0.1902834008097166,0.03805668016194332,631.0,93.28016194331984
BNA,DSM,BNA → DSM,44,38.95454545454545,41.88636363636363,0.3409090909090909,0.0,530.0,78.1590909090909
BNA,DTW,BNA → DTW,1049,7.897998093422307,7.525262154432793,0.11820781696854146,0.01811248808388942,456.0,68.4795042897998
BNA,ECP,BNA → ECP,440,11.540909090909091,10.422727272727272,0.20681818181818182,0.015909090909090907,401.0,57.78181818181818
BNA,EWR,BNA → EWR,830,20.163855421686748,21.753012048192772,0.26144578313253014,0.04939759036144578,748.0,98.42771084337349
BNA,EYW,BNA → EYW,11,3.1818181818181817,3.090909090909091,0.09090909090909091,0.18181818181818182,849.0,92.0
BNA,FAR,BNA → FAR,40,10.9,12.35,0.225,0.05,910.0,121.0
BNA,FLL,BNA → FLL,875,14.653714285714285,13.702857142857143,0.18628571428571428,0.03314285714285714,793.0,104.45942857142857
BNA,FNT,BNA → FNT,29,24.24137931034483,27.620689655172413,0.4482758620689655,0.0,497.0,71.34482758620689
BNA,FSD,BNA → FSD,30,19.8,25.533333333333335,0.36666666666666664,0.03333333333333333,741.0,100.7
BNA,GFK,BNA → GFK,1,0.0,0.0,0.0,0.0,976.0,136.0
BNA,GPT,BNA → GPT,3,14.0,24.333333333333332,0.3333333333333333,0.6666666666666666,418.0,22.333333333333332
BNA,GRR,BNA → GRR,43,20.813953488372093,20.46511627906977,0.27906976744186046,0.023255813953488372,470.0,64.88372093023256
BNA,GSO,BNA → GSO,5,15.6,11.2,0.2,0.0,377.0,53.0
BNA,HDN,BNA → HDN,1,0.0,3.0,0.0,0.0,1153.0,166.0
BNA,HOU,BNA → HOU,658,9.534954407294833,7.796352583586626,0.1458966565349544,0.025835866261398176,670.0,100.92553191489361
BNA,IAD,BNA → IAD,449,10.425389755011135,11.075723830734967,0.1870824053452116,0.011135857461024499,542.0,75.29621380846325
BNA,IAH,BNA → IAH,1078,14.211502782931355,13.931354359925788,0.17068645640074212,0.02504638218923933,657.0,102.24675324675324
BNA,ISP,BNA → ISP,74,9.91891891891892,7.202702702702703,0.0945945945945946,0.013513513513513514,803.0,108.48648648648648
BNA,JAX,BNA → JAX,401,11.376558603491272,9.748129675810473,0.18204488778054864,0.012468827930174564,483.0,65.81546134663341
BNA,JFK,BNA → JFK,712,13.213483146067416,13.626404494382022,0.17696629213483145,0.0449438202247191,765.0,108.71348314606742
BNA,LAS,BNA → LAS,677,13.028064992614476,11.71344165435746,0.20088626292466766,0.0310192023633678,1587.0,209.65140324963073
BNA,LAX,BNA → LAX,936,13.14102564102564,12.122863247863247,0.15705128205128205,0.0202991452991453,1797.0,235.23931623931625
BNA,LGA,BNA → LGA,1853,14.373988127361036,14.992444684295737,0.18996222342147867,0.04101457096600108,764.0,102.91149487317863
BNA,LGB,BNA → LGB,26,17.807692307692307,16.653846153846153,0.3076923076923077,0.0,1785.0,248.46153846153845
BNA,MCI,BNA → MCI,489,10.621676891615541,9.063394683026585,0.16973415132924335,0.03885480572597137,491.0,74.61145194274029
BNA,MCO,BNA → MCO,1193,13.942162615255658,13.236378876781224,0.1969823973176865,0.03604358759430008,616.0,81.99329421626153
BNA,MDT,BNA → MDT,37,18.243243243243242,21.756756756756758,0.35135135135135137,0.02702702702702703,608.0,78.43243243243244
BNA,MDW,BNA → MDW,963,10.28348909657321,8.241952232606438,0.15680166147455868,0.037383177570093455,395.0,63.95015576323988
BNA,MFE,BNA → MFE,16,1.375,7.1875,0.1875,0.0625,967.0,128.8125
BNA,MIA,BNA → MIA,667,19.86056971514243,19.059970014992505,0.19640179910044978,0.0239880059970015,806.0,107.05547226386807
BNA,MKE,BNA → MKE,366,11.03825136612022,8.808743169398907,0.1830601092896175,0.01912568306010929,475.0,69.3415300546448
BNA,MLB,BNA → MLB,16,8.3125,8.75,0.1875,0.125,656.0,78.5
BNA,MSP,BNA → MSP,798,11.600250626566416,11.040100250626567,0.13157894736842105,0.013784461152882205,695.0,103.13408521303258
BNA,MSY,BNA → MSY,539,11.202226345083488,10.12430426716141,0.16512059369202226,0.04081632653061224,471.0,67.37291280148423
BNA,MYR,BNA → MYR,186,10.118279569892474,7.193548387096774,0.14516129032258066,0.016129032258064516,471.0,62.204301075268816
BNA,OAK,BNA → OAK,86,10.44186046511628,9.151162790697674,0.20930232558139536,0.023255813953488372,1959.0,254.3372093023256
BNA,OKC,BNA → OKC,45,3.066666666666667,2.6444444444444444,0.06666666666666667,0.022222222222222223,616.0,90.71111111111111
BNA,OMA,BNA → OMA,10,9.1,3.0,0.1,0.0,612.0,87.6
BNA,ORD,BNA → ORD,2113,14.504969238050165,15.799337434926645,0.19167061050638903,0.03360151443445338,409.0,72.45243729294842
BNA,ORF,BNA → ORF,107,7.897196261682243,6.420560747663552,0.1588785046728972,0.018691588785046728,585.0,78.81308411214954
BNA,PBI,BNA → PBI,1,14.0,8.0,0.0,0.0,757.0,107.0
BNA,PGD,BNA → PGD,65,31.353846153846153,37.89230769230769,0.38461538461538464,0.046153846153846156,692.0,90.6
BNA,PHL,BNA → PHL,1126,11.688277087033748,10.900532859680284,0.15186500888099466,0.027531083481349913,675.0,92.16607460035524
BNA,PHX,BNA → PHX,708,12.675141242937853,11.110169491525424,0.1483050847457627,0.015536723163841809,1449.0,199.2584745762712
BNA,PIA,BNA → PIA,37,28.89189189189189,31.675675675675677,0.2702702702702703,0.02702702702702703,353.0,55.2972972972973
BNA,PIE,BNA → PIE,64,23.5625,27.5,0.28125,0.03125,612.0,81.140625
BNA,PIT,BNA → PIT,342,11.748538011695906,9.95906432748538,0.1871345029239766,0.014619883040935672,462.0,62.88304093567251
BNA,PNS,BNA → PNS,348,10.405172413793103,9.264367816091953,0.1781609195402299,0.02586206896551724,391.0,56.991379310344826
BNA,PSM,BNA → PSM,4,15.5,18.25,0.5,0.0,970.0,122.0
BNA,PVD,BNA → PVD,6,0.0,1.6666666666666667,0.0,0.0,906.0,121.16666666666667
BNA,PVU,BNA → PVU,8,33.0,41.75,0.5,0.0,1388.0,198.5
BNA,RDU,BNA → RDU,680,12.785294117647059,11.58235294117647,0.18529411764705883,0.025,442.0,65.23382352941177
BNA,RIC,BNA → RIC,50,6.12,5.6,0.12,0.08,527.0,63.62
BNA,ROA,BNA → ROA,4,9.75,8.25,0.25,0.0,381.0,56.0
BNA,RSW,BNA → RSW,126,14.468253968253968,11.785714285714286,0.19047619047619047,0.023809523809523808,722.0,96.4047619047619
BNA,SAN,BNA → SAN,260,9.903846153846153,8.21923076923077,0.18461538461538463,0.03076923076923077,1751.0,229.08846153846153
BNA,SAT,BNA → SAT,310,13.012903225806452,10.548387096774194,0.17419354838709677,0.012903225806451613,822.0,118.18387096774194
BNA,SAV,BNA → SAV,110,5.036363636363636,5.381818181818182,0.1,0.01818181818181818,417.0,59.86363636363637
BNA,SCE,BNA → SCE,1,83.0,79.0,1.0,0.0,579.0,70.0
BNA,SEA,BNA → SEA,503,13.347912524850894,15.20079522862823,0.21073558648111332,0.017892644135188866,1978.0,266.07952286282307
BNA,SFB,BNA → SFB,52,27.76923076923077,28.442307692307693,0.2692307692307692,0.019230769230769232,598.0,81.11538461538461
BNA,SFO,BNA → SFO,207,23.47826086956522,20.85024154589372,0.26570048309178745,0.024154589371980676,1969.0,257.487922705314
BNA,SJC,BNA → SJC,86,6.430232558139535,3.697674418604651,0.09302325581395349,0.03488372093023256,1947.0,251.02325581395348
BNA,SJU,BNA → SJU,9,3.3333333333333335,4.0,0.1111111111111111,0.0,1753.0,212.55555555555554
BNA,SLC,BNA → SLC,296,8.371621621621621,7.9425675675675675,0.11486486486486487,0.02702702702702703,1404.0,189.36148648648648
BNA,SMF,BNA → SMF,5,5.0,1.6,0.0,0.0,1917.0,249.0
BNA,SNA,BNA → SNA,77,12.155844155844155,9.441558441558442,0.2077922077922078,0.0,1772.0,242.6103896103896
BNA,SRQ,BNA → SRQ,209,15.851674641148325,15.196172248803828,0.24401913875598086,0.03349282296650718,648.0,84.50717703349282
BNA,STL,BNA → STL,510,11.854901960784314,9.354901960784314,0.16666666666666666,0.021568627450980392,272.0,47.02156862745098
BNA,SYR,BNA → SYR,56,12.535714285714286,14.5,0.17857142857142858,0.03571428571428571,741.0,91.0
BNA,TPA,BNA → TPA,767,13.40026075619296,12.352020860495436,0.17470664928292046,0.035202086049543675,612.0,81.53585397653194
BNA,TTN,BNA → TTN,16,38.3125,34.0625,0.3125,0.0625,706.0,87.0
BNA,TUL,BNA → TUL,1,0.0,0.0,0.0,0.0,515.0,70.0
BNA,VPS,BNA → VPS,218,13.1651376146789,12.022935779816514,0.21559633027522937,0.01834862385321101,389.0,56.169724770642205
BNA,XNA,BNA → XNA,25,9.32,10.68,0.24,0.08,426.0,60.6
BOI,ATL,BOI → ATL,105,4.714285714285714,5.0,0.10476190476190476,0.009523809523809525,1838.0,210.53333333333333
BOI,AUS,BOI → AUS,38,5.894736842105263,6.947368421052632,0.13157894736842105,0.05263157894736842,1375.0,163.07894736842104
BOI,AZA,BOI → AZA,40,12.675,15.525,0.35,0.0,749.0,102.5
BOI,BUR,BOI → BUR,23,4.304347826086956,4.217391304347826,0.043478260869565216,0.0,656.0,103.34782608695652
BOI,DAL,BOI → DAL,7,0.7142857142857143,0.42857142857142855,0.0,0.0,1282.0,159.71428571428572
BOI,DEN,BOI → DEN,1012,10.16304347826087,11.708498023715414,0.1590909090909091,0.018774703557312252,649.0,86.2588932806324
BOI,DFW,BOI → DFW,383,9.994778067885118,11.443864229765014,0.17754569190600522,0.028720626631853787,1272.0,151.07571801566579
BOI,GEG,BOI → GEG,279,11.609318996415771,12.129032258064516,0.13620071684587814,0.0,287.0,52.03942652329749
BOI,IAH,BOI → IAH,132,4.4393939393939394,5.431818181818182,0.10606060606060606,0.0,1482.0,187.5681818181818
BOI,IDA,BOI → IDA,17,1.5294117647058822,4.352941176470588,0.11764705882352941,0.0,209.0,42.470588235294116
BOI,JFK,BOI → JFK,1,0.0,0.0,0.0,0.0,2167.0,236.0
BOI,LAS,BOI → LAS,477,14.169811320754716,14.39412997903564,0.16981132075471697,0.014675052410901468,519.0,80.86373165618448
BOI,LAX,BOI → LAX,761,10.105124835742444,10.71222076215506,0.14191852825229961,0.006570302233902759,674.0,106.15505913272011
BOI,MDW,BOI → MDW,16,2.0625,2.4375,0.0625,0.0,1448.0,179.3125
BOI,MSP,BOI → MSP,309,8.770226537216828,9.294498381877023,0.11650485436893204,0.006472491909385114,1142.0,137.37216828478964
BOI,OAK,BOI → OAK,328,5.030487804878049,4.478658536585366,0.09451219512195122,0.006097560975609756,512.0,80.48170731707317
BOI,ORD,BOI → ORD,454,11.966960352422907,13.416299559471366,0.1696035242290749,0.00881057268722467,1437.0,176.28854625550662
BOI,PAE,BOI → PAE,60,9.433333333333334,9.366666666666667,0.15,0.016666666666666666,419.0,71.35
BOI,PDX,BOI → PDX,420,3.9119047619047618,5.633333333333334,0.11666666666666667,0.009523809523809525,344.0,61.87619047619047
BOI,PHX,BOI → PHX,618,14.423948220064725,14.733009708737864,0.16181229773462782,0.009708737864077669,735.0,99.87216828478964
BOI,PSP,BOI → PSP,39,3.230769230769231,4.0,0.05128205128205128,0.07692307692307693,672.0,100.15384615384616
BOI,PUW,BOI → PUW,38,8.894736842105264,11.31578947368421,0.15789473684210525,0.0,224.0,46.10526315789474
BOI,SAN,BOI → SAN,280,5.853571428571429,6.9714285714285715,0.11071428571428571,0.0035714285714285713,749.0,113.28928571428571
BOI,SEA,BOI → SEA,1864,5.045064377682404,6.429184549356223,0.11695278969957082,0.012339055793991416,399.0,70.29506437768241
BOI,SFO,BOI → SFO,821,15.041412911084043,15.263093788063337,0.14372716199756394,0.01705237515225335,522.0,85.21802679658953
BOI,SJC,BOI → SJC,361,7.825484764542936,7.703601108033241,0.13019390581717452,0.01662049861495845,523.0,85.5983379501385
BOI,SLC,BOI → SLC,868,8.493087557603687,8.706221198156681,0.11059907834101383,0.01152073732718894,290.0,47.485023041474655
BOI,SMF,BOI → SMF,300,8.813333333333333,8.773333333333333,0.17333333333333334,0.013333333333333334,437.0,67.46333333333334
BOI,SNA,BOI → SNA,35,7.0,8.514285714285714,0.22857142857142856,0.0,688.0,109.37142857142857
BOS,ACK,BOS → ACK,87,24.160919540229884,22.735632183908045,0.2413793103448276,0.0,91.0,23.7816091954023
BOS,ACY,BOS → ACY,6,5.5,8.666666666666666,0.16666666666666666,0.0,274.0,58.0
BOS,ATL,BOS → ATL,2052,12.72027290448343,12.377680311890838,0.17153996101364521,0.012670565302144249,946.0,136.59600389863547
BOS,AUS,BOS → AUS,555,16.14954954954955,16.794594594594596,0.25405405405405407,0.025225225225225224,1698.0,230.52792792792792
BOS,AVL,BOS → AVL,51,14.549019607843137,13.509803921568627,0.23529411764705882,0.0784313725490196,783.0,105.11764705882354
BOS,BGR,BOS → BGR,37,6.405405405405405,7.891891891891892,0.24324324324324326,0.02702702702702703,201.0,36.513513513513516
BOS,BNA,BOS → BNA,997,13.679037111334003,13.605817452357071,0.1765295887662989,0.029087261785356068,942.0,137.1003009027081
BOS,BUF,BOS → BUF,467,15.715203426124196,16.094218415417558,0.1905781584582441,0.03854389721627409,395.0,65.75160599571734
BOS,BUR,BOS → BUR,34,8.941176470588236,10.0,0.17647058823529413,0.08823529411764706,2601.0,331.6764705882353
BOS,BWI,BOS → BWI,1628,13.145577395577396,11.638206388206388,0.1597051597051597,0.04361179361179361,369.0,62.89496314496314
BOS,BZN,BOS → BZN,26,20.076923076923077,21.73076923076923,0.23076923076923078,0.038461538461538464,1991.0,260.8076923076923
BOS,CHS,BOS → CHS,452,10.975663716814159,11.765486725663717,0.17699115044247787,0.022123893805309734,818.0,119.4933628318584
BOS,CLE,BOS → CLE,739,15.230040595399188,14.408660351826793,0.17456021650879566,0.02706359945872801,563.0,90.81867388362652
BOS,CLT,BOS → CLT,1791,13.209938581797878,12.765494137353434,0.14182021217197097,0.02233389168062535,728.0,111.1323283082077
BOS,CMH,BOS → CMH,541,11.502772643253234,12.094269870609981,0.1534195933456562,0.029574861367837338,640.0,100.64140480591497
BOS,CVG,BOS → CVG,565,11.490265486725663,12.104424778761063,0.16106194690265488,0.01592920353982301,752.0,114.93805309734513
BOS,DAL,BOS → DAL,42,18.261904761904763,17.285714285714285,0.16666666666666666,0.047619047619047616,1554.0,212.92857142857142
BOS,DCA,BOS → DCA,3760,11.318085106382979,12.01968085106383,0.1601063829787234,0.03351063829787234,399.0,71.56702127659574
BOS,DEN,BOS → DEN,1325,11.96679245283019,11.470188679245283,0.16830188679245284,0.022641509433962263,1754.0,240.09132075471697
BOS,DFW,BOS → DFW,1328,13.060240963855422,13.747740963855422,0.1769578313253012,0.0338855421686747,1562.0,215.23268072289156
BOS,DTW,BOS → DTW,1193,15.565800502933781,15.056160938809724,0.1785414920368818,0.026823134953897737,632.0,97.87761944677284
BOS,EWR,BOS → EWR,1890,16.96825396825397,18.38888888888889,0.23703703703703705,0.05026455026455026,200.0,48.8968253968254
BOS,EYW,BOS → EYW,57,5.298245614035087,6.017543859649122,0.14035087719298245,0.017543859649122806,1373.0,190.859649122807
BOS,FLL,BOS → FLL,1342,17.35618479880775,17.70193740685544,0.2488822652757079,0.019374068554396422,1237.0,171.53651266766022
BOS,FNT,BOS → FNT,5,12.6,12.6,0.4,0.0,650.0,94.6
BOS,GRR,BOS → GRR,19,22.68421052631579,23.894736842105264,0.3157894736842105,0.05263157894736842,740.0,104.0
BOS,HDN,BOS → HDN,21,21.904761904761905,24.047619047619047,0.3333333333333333,0.0,1871.0,273.23809523809524
BOS,HHH,BOS → HHH,7,1.2857142857142858,3.0,0.14285714285714285,0.0,878.0,125.42857142857143
BOS,HNL,BOS → HNL,63,34.714285714285715,35.80952380952381,0.2222222222222222,0.015873015873015872,5095.0,626.8412698412699
BOS,HOU,BOS → HOU,82,7.195121951219512,9.926829268292684,0.18292682926829268,0.04878048780487805,1609.0,220.0731707317073
BOS,HPN,BOS → HPN,51,4.215686274509804,7.098039215686274,0.11764705882352941,0.0,166.0,43.13725490196079
BOS,IAD,BOS → IAD,556,10.462230215827338,10.629496402877697,0.1223021582733813,0.023381294964028777,413.0,71.66187050359713
BOS,IAH,BOS → IAH,658,11.22644376899696,12.240121580547113,0.1641337386018237,0.019756838905775075,1597.0,220.82522796352583
BOS,ILM,BOS → ILM,50,6.44,7.82,0.12,0.0,672.0,100.62
BOS,IND,BOS → IND,559,12.084078711985688,13.268336314847943,0.17173524150268335,0.017889087656529516,818.0,124.47584973166369
BOS,JAX,BOS → JAX,574,16.465156794425088,16.914634146341463,0.19686411149825783,0.0156794425087108,1010.0,143.63588850174216
BOS,JFK,BOS → JFK,2340,13.918376068376068,15.015384615384615,0.1952991452991453,0.03418803418803419,187.0,44.437606837606836
BOS,LAS,BOS → LAS,650,18.032307692307693,17.616923076923076,0.22923076923076924,0.023076923076923078,2381.0,313.73846153846154
BOS,LAX,BOS → LAX,1877,13.777836973894512,13.66222695791156,0.19179541822056473,0.010122535961640916,2611.0,342.4880127863612
BOS,LGA,BOS → LGA,3247,15.449029873729597,15.465968586387435,0.18201416692331382,0.05050816137973514,184.0,44.00246381275023
BOS,LGB,BOS → LGB,54,18.703703703703702,16.24074074074074,0.18518518518518517,0.0,2602.0,355.8888888888889
BOS,MCI,BOS → MCI,306,13.797385620915033,13.552287581699346,0.19281045751633988,0.0196078431372549,1256.0,182.84313725490196
BOS,MCO,BOS → MCO,1944,18.14454732510288,18.299382716049383,0.24382716049382716,0.02726337448559671,1121.0,155.815329218107
BOS,MDW,BOS → MDW,570,11.459649122807017,9.524561403508772,0.13333333333333333,0.03508771929824561,861.0,127.69649122807017
BOS,MEM,BOS → MEM,54,7.666666666666667,10.24074074074074,0.14814814814814814,0.0,1139.0,168.16666666666666
BOS,MIA,BOS → MIA,1425,12.299649122807018,13.735438596491228,0.19017543859649122,0.02245614035087719,1258.0,174.2119298245614
BOS,MKE,BOS → MKE,302,16.801324503311257,15.698675496688741,0.16556291390728478,0.019867549668874173,860.0,128.16225165562915
BOS,MSN,BOS → MSN,2,0.0,0.0,0.0,0.0,932.0,126.0
BOS,MSP,BOS → MSP,987,15.27659574468085,14.566362715298885,0.1702127659574468,0.015197568389057751,1124.0,162.65856129685918
BOS,MSY,BOS → MSY,280,12.271428571428572,14.242857142857142,0.2357142857142857,0.017857142857142856,1368.0,189.9857142857143
BOS,MTJ,BOS → MTJ,1,14.0,13.0,0.0,0.0,1947.0,294.0
BOS,MVY,BOS → MVY,47,10.106382978723405,11.0,0.1702127659574468,0.02127659574468085,70.0,19.893617021276597
BOS,MYR,BOS → MYR,231,13.623376623376624,12.9004329004329,0.1645021645021645,0.025974025974025976,738.0,103.82251082251082
BOS,OAK,BOS → OAK,6,11.833333333333334,13.5,0.16666666666666666,0.0,2694.0,362.6666666666667
BOS,ORD,BOS → ORD,2688,14.764136904761905,15.156994047619047,0.16927083333333334,0.03943452380952381,867.0,129.87425595238096
BOS,ORF,BOS → ORF,83,10.734939759036145,12.180722891566266,0.1686746987951807,0.024096385542168676,468.0,73.59036144578313
BOS,PBI,BOS → PBI,739,20.242219215155615,20.6319350473613,0.2719891745602165,0.029769959404600813,1197.0,165.73477672530447
BOS,PDX,BOS → PDX,197,11.974619289340101,10.426395939086294,0.18781725888324874,0.005076142131979695,2537.0,337.0304568527919
BOS,PHL,BOS → PHL,2235,15.112304250559284,14.479194630872483,0.15480984340044743,0.028187919463087248,280.0,60.91633109619687
BOS,PHX,BOS → PHX,708,14.51271186440678,14.693502824858758,0.18926553672316385,0.02401129943502825,2300.0,306.8954802259887
BOS,PIT,BOS → PIT,957,13.217345872518287,13.044932079414838,0.15778474399164055,0.025078369905956112,496.0,80.56844305120167
BOS,PNS,BOS → PNS,7,2.0,0.0,0.0,0.0,1215.0,160.0
BOS,PSP,BOS → PSP,6,2.3333333333333335,11.0,0.3333333333333333,0.16666666666666666,2517.0,300.1666666666667
BOS,RDU,BOS → RDU,1328,16.547439759036145,16.672439759036145,0.21234939759036145,0.02786144578313253,612.0,94.14231927710843
BOS,RIC,BOS → RIC,752,12.992021276595745,13.34308510638298,0.16622340425531915,0.02127659574468085,474.0,79.56117021276596
BOS,ROC,BOS → ROC,125,17.232,14.944,0.2,0.024,343.0,59.008
BOS,RSW,BOS → RSW,866,15.247113163972287,15.190531177829099,0.21478060046189376,0.025404157043879907,1249.0,178.91339491916858
BOS,SAN,BOS → SAN,478,10.577405857740585,9.294979079497908,0.17364016736401675,0.016736401673640166,2588.0,339.2907949790795
BOS,SAT,BOS → SAT,67,15.701492537313433,14.925373134328359,0.29850746268656714,0.0,1764.0,246.55223880597015
BOS,SAV,BOS → SAV,240,11.020833333333334,11.6625,0.16666666666666666,0.008333333333333333,901.0,131.24166666666667
BOS,SDF,BOS → SDF,73,4.6438356164383565,6.808219178082192,0.1095890410958904,0.0,829.0,129.3972602739726
BOS,SEA,BOS → SEA,1000,14.336,13.751,0.173,0.012,2496.0,335.019
BOS,SFO,BOS → SFO,1642,15.23386114494519,14.894640682095005,0.2143727161997564,0.015834348355663823,2704.0,357.47320341047504
BOS,SJC,BOS → SJC,50,27.22,22.52,0.3,0.04,2689.0,347.98
BOS,SJU,BOS → SJU,601,22.18801996672213,23.173044925124792,0.33444259567387685,0.019966722129783693,1674.0,209.37271214642263
BOS,SLC,BOS → SLC,507,19.530571992110453,17.74161735700197,0.20907297830374755,0.011834319526627219,2105.0,286.1775147928994
BOS,SMF,BOS → SMF,47,36.340425531914896,29.829787234042552,0.3404255319148936,0.02127659574468085,2636.0,336.468085106383
BOS,SRQ,BOS → SRQ,177,12.27683615819209,14.101694915254237,0.24293785310734464,0.02824858757062147,1220.0,174.4406779661017
BOS,STL,BOS → STL,467,11.925053533190578,10.65524625267666,0.17558886509635974,0.042826552462526764,1047.0,148.48179871520344
BOS,STT,BOS → STT,52,25.5,28.442307692307693,0.28846153846153844,0.0,1693.0,213.3653846153846
BOS,SYR,BOS → SYR,94,28.372340425531913,26.606382978723403,0.32978723404255317,0.0425531914893617,265.0,47.638297872340424
BOS,TPA,BOS → TPA,1056,18.165719696969695,17.987689393939394,0.22727272727272727,0.017045454545454544,1185.0,167.82291666666666
BOS,TVC,BOS → TVC,24,13.583333333333334,18.75,0.2916666666666667,0.041666666666666664,749.0,109.625
BOS,TYS,BOS → TYS,31,20.838709677419356,24.129032258064516,0.22580645161290322,0.03225806451612903,830.0,116.2258064516129
BOS,VPS,BOS → VPS,21,40.095238095238095,40.57142857142857,0.42857142857142855,0.09523809523809523,1187.0,151.38095238095238
BPT,DFW,BPT → DFW,405,14.491358024691358,16.614814814814814,0.18765432098765433,0.024691358024691357,270.0,51.49629629629629
BQK,ATL,BQK → ATL,431,9.784222737819025,10.150812064965198,0.10904872389791183,0.009280742459396751,238.0,43.88863109048724
BQN,EWR,BQN → EWR,152,30.20394736842105,26.657894736842106,0.3223684210526316,0.05263157894736842,1585.0,197.19736842105263
BQN,FLL,BQN → FLL,168,23.261904761904763,21.928571428571427,0.27380952380952384,0.03571428571428571,982.0,126.32142857142857
BQN,JFK,BQN → JFK,182,25.928571428571427,25.505494505494507,0.27472527472527475,0.02197802197802198,1576.0,201.95054945054946
BQN,MCO,BQN → MCO,389,28.491002570694086,27.041131105398456,0.34704370179948585,0.02056555269922879,1129.0,145.33933161953726
BQN,PHL,BQN → PHL,2,16.0,24.5,0.5,0.0,1550.0,211.5
BQN,TPA,BQN → TPA,11,56.0,52.27272727272727,0.5454545454545454,0.0,1175.0,150.1818181818182
BRD,BJI,BRD → BJI,11,3.0,1.3636363636363635,0.09090909090909091,0.0,85.0,20.363636363636363
BRD,MSP,BRD → MSP,313,12.514376996805112,11.718849840255592,0.10223642172523961,0.012779552715654952,114.0,26.690095846645367
BRO,DFW,BRO → DFW,547,18.310786106032907,19.910420475319928,0.16087751371115175,0.027422303473491772,482.0,74.3345521023766
BRO,IAH,BRO → IAH,244,7.565573770491803,9.032786885245901,0.11475409836065574,0.02459016393442623,308.0,53.30327868852459
BRO,ORD,BRO → ORD,4,6.25,18.25,0.25,0.0,1233.0,158.0
BRW,ANC,BRW → ANC,168,9.488095238095237,9.994047619047619,0.19047619047619047,0.047619047619047616,725.0,90.78571428571429
BRW,FAI,BRW → FAI,46,1.5869565217391304,2.9130434782608696,0.08695652173913043,0.043478260869565216,503.0,67.80434782608695
BTM,DEN,BTM → DEN,17,16.235294117647058,13.176470588235293,0.11764705882352941,0.0,578.0,84.17647058823529
BTM,SLC,BTM → SLC,346,6.794797687861272,8.092485549132949,0.10115606936416185,0.02023121387283237,358.0,55.80635838150289
BTR,ATL,BTR → ATL,765,11.860130718954249,11.554248366013072,0.12287581699346405,0.009150326797385621,448.0,64.33464052287582
BTR,CLT,BTR → CLT,396,13.97979797979798,13.376262626262626,0.1388888888888889,0.017676767676767676,675.0,90.00252525252525
BTR,DCA,BTR → DCA,18,13.222222222222221,13.277777777777779,0.16666666666666666,0.0,985.0,134.38888888888889
BTR,DFW,BTR → DFW,865,16.82543352601156,18.166473988439307,0.18959537572254334,0.04508670520231214,383.0,64.29017341040462
BTR,IAH,BTR → IAH,377,7.9442970822281165,10.281167108753316,0.13262599469496023,0.023872679045092837,253.0,51.40583554376658
BTV,ATL,BTV → ATL,136,13.154411764705882,12.352941176470589,0.16176470588235295,0.04411764705882353,961.0,132.02941176470588
BTV,CLT,BTV → CLT,354,9.048022598870057,8.607344632768362,0.09887005649717515,0.025423728813559324,761.0,114.42090395480226
BTV,DCA,BTV → DCA,407,12.992628992628992,14.614250614250615,0.16953316953316952,0.03931203931203931,437.0,75.54791154791155
BTV,DEN,BTV → DEN,56,16.821428571428573,20.678571428571427,0.32142857142857145,0.0,1639.0,228.19642857142858
BTV,DFW,BTV → DFW,12,0.3333333333333333,3.1666666666666665,0.08333333333333333,0.0,1510.0,209.33333333333334
BTV,DTW,BTV → DTW,322,18.027950310559007,18.472049689440993,0.12732919254658384,0.006211180124223602,537.0,85.3167701863354
BTV,EWR,BTV → EWR,257,24.424124513618676,27.595330739299612,0.2918287937743191,0.042801556420233464,266.0,49.81712062256809
BTV,IAD,BTV → IAD,202,13.103960396039604,13.410891089108912,0.16831683168316833,0.024752475247524754,441.0,73.41089108910892
BTV,JFK,BTV → JFK,627,12.87719298245614,13.542264752791068,0.16905901116427433,0.0430622009569378,266.0,53.08612440191388
BTV,LGA,BTV → LGA,276,10.985507246376812,13.822463768115941,0.2028985507246377,0.057971014492753624,258.0,45.416666666666664
BTV,MCO,BTV → MCO,22,20.045454545454547,17.863636363636363,0.4090909090909091,0.09090909090909091,1194.0,150.13636363636363
BTV,MIA,BTV → MIA,6,46.166666666666664,18.833333333333332,0.3333333333333333,0.16666666666666666,1348.0,172.5
BTV,MSP,BTV → MSP,13,5.076923076923077,2.230769230769231,0.07692307692307693,0.0,987.0,140.30769230769232
BTV,ORD,BTV → ORD,354,23.966101694915253,24.63276836158192,0.211864406779661,0.02824858757062147,763.0,115.2768361581921
BTV,PHL,BTV → PHL,283,9.6113074204947,9.93286219081272,0.10954063604240283,0.0353356890459364,335.0,60.830388692579504
BUF,ATL,BUF → ATL,579,12.58894645941278,12.181347150259068,0.16407599309153714,0.015544041450777202,712.0,100.04145077720207
BUF,BNA,BUF → BNA,6,0.16666666666666666,1.8333333333333333,0.0,0.0,633.0,95.16666666666667
BUF,BOS,BUF → BOS,442,17.380090497737555,18.34162895927602,0.21040723981900453,0.05656108597285068,395.0,56.28733031674208
BUF,BWI,BUF → BWI,724,9.024861878453038,7.180939226519337,0.11464088397790055,0.04419889502762431,281.0,47.42817679558011
BUF,CLT,BUF → CLT,449,19.238307349665924,19.0,0.15367483296213807,0.035634743875278395,546.0,83.99109131403118
BUF,DCA,BUF → DCA,371,12.09433962264151,12.20754716981132,0.1293800539083558,0.03773584905660377,296.0,52.91644204851752
BUF,DEN,BUF → DEN,164,15.146341463414634,13.628048780487806,0.22560975609756098,0.042682926829268296,1359.0,182.0121951219512
BUF,DFW,BUF → DFW,203,10.995073891625616,11.310344827586206,0.1477832512315271,0.034482758620689655,1212.0,167.84729064039408
BUF,DTW,BUF → DTW,576,11.515625,11.418402777777779,0.12152777777777778,0.013888888888888888,241.0,44.57465277777778
BUF,EWR,BUF → EWR,349,18.484240687679083,19.57593123209169,0.18624641833810887,0.06017191977077364,282.0,50.421203438395416
BUF,FLL,BUF → FLL,240,19.045833333333334,18.404166666666665,0.19583333333333333,0.0625,1166.0,148.13333333333333
BUF,IAD,BUF → IAD,134,12.544776119402986,12.022388059701493,0.13432835820895522,0.05223880597014925,283.0,46.58955223880597
BUF,JFK,BUF → JFK,1174,12.277683134582624,12.84412265758092,0.15587734241908008,0.044293015332197615,301.0,56.55366269165247
BUF,LAS,BUF → LAS,90,13.155555555555555,13.722222222222221,0.2777777777777778,0.044444444444444446,1986.0,259.96666666666664
BUF,LAX,BUF → LAX,76,30.026315789473685,29.236842105263158,0.34210526315789475,0.013157894736842105,2218.0,290.9342105263158
BUF,LGA,BUF → LGA,504,11.35515873015873,13.376984126984127,0.18253968253968253,0.047619047619047616,292.0,52.42063492063492
BUF,MCO,BUF → MCO,652,15.219325153374234,15.631901840490798,0.20245398773006135,0.04754601226993865,1011.0,128.61042944785277
BUF,MDW,BUF → MDW,387,9.550387596899224,8.930232558139535,0.11886304909560723,0.041343669250646,468.0,75.22739018087856
BUF,MIA,BUF → MIA,12,0.6666666666666666,2.75,0.08333333333333333,0.0,1185.0,167.58333333333334
BUF,MSP,BUF → MSP,63,7.857142857142857,6.111111111111111,0.09523809523809523,0.015873015873015872,735.0,108.6984126984127
BUF,MYR,BUF → MYR,2,68.5,59.5,0.5,0.0,639.0,92.0
BUF,ORD,BUF → ORD,779,14.491655969191271,14.811296534017972,0.1540436456996149,0.0410783055198973,473.25673940949935,76.3196405648267
BUF,PHL,BUF → PHL,284,9.316901408450704,10.07394366197183,0.09859154929577464,0.03873239436619718,279.0,51.92253521126761
BUF,PHX,BUF → PHX,55,15.10909090909091,14.10909090909091,0.23636363636363636,0.07272727272727272,1912.0,242.4181818181818
BUF,RDU,BUF → RDU,23,12.782608695652174,14.565217391304348,0.2608695652173913,0.08695652173913043,487.0,67.21739130434783
BUF,RSW,BUF → RSW,70,20.771428571428572,20.557142857142857,0.2571428571428571,0.014285714285714285,1144.0,155.45714285714286
BUF,SJU,BUF → SJU,1,0.0,0.0,0.0,0.0,1845.0,250.0
BUF,TPA,BUF → TPA,320,14.209375,13.878125,0.171875,0.05625,1053.0,134.85
BUR,ABQ,BUR → ABQ,61,9.40983606557377,10.098360655737705,0.19672131147540983,0.03278688524590164,672.0,84.91803278688525
BUR,ATL,BUR → ATL,43,11.209302325581396,7.232558139534884,0.13953488372093023,0.0,1941.0,220.51162790697674
BUR,AUS,BUR → AUS,81,11.283950617283951,10.790123456790123,0.14814814814814814,0.024691358024691357,1241.0,147.1358024691358
BUR,BNA,BUR → BNA,62,17.887096774193548,17.177419354838708,0.2903225806451613,0.016129032258064516,1791.0,207.93548387096774
BUR,BOI,BUR → BOI,30,16.0,16.7,0.13333333333333333,0.0,656.0,96.93333333333334
BUR,BOS,BUR → BOS,36,4.555555555555555,4.694444444444445,0.05555555555555555,0.1111111111111111,2601.0,257.02777777777777
BUR,DAL,BUR → DAL,129,6.341085271317829,7.10077519379845,0.17054263565891473,0.015503875968992248,1243.0,152.96124031007753
BUR,DEN,BUR → DEN,801,9.965043695380775,9.846441947565543,0.15106117353308365,0.03245942571785269,850.0,107.29463171036205
BUR,DFW,BUR → DFW,263,11.34980988593156,12.479087452471482,0.19011406844106463,0.049429657794676805,1231.0,145.99239543726236
BUR,EUG,BUR → EUG,18,5.444444444444445,3.888888888888889,0.05555555555555555,0.05555555555555555,732.0,95.16666666666667
BUR,HOU,BUR → HOU,80,6.8375,5.9375,0.175,0.0375,1389.0,163.125
BUR,JFK,BUR → JFK,172,22.238372093023255,19.209302325581394,0.28488372093023256,0.040697674418604654,2465.0,272.31976744186045
BUR,LAS,BUR → LAS,1698,11.774440518256773,11.730859835100118,0.1896348645465253,0.03297997644287397,223.0,40.188457008244995
BUR,MDW,BUR → MDW,101,12.950495049504951,11.108910891089108,0.1782178217821782,0.019801980198019802,1740.0,202.3861386138614
BUR,OAK,BUR → OAK,1517,8.717864205669084,7.627554383651945,0.12854317732366513,0.05800922874093606,325.0,48.30454845088991
BUR,PDX,BUR → PDX,343,6.60932944606414,6.696793002915452,0.11078717201166181,0.03498542274052478,817.0,110.63556851311954
BUR,PHX,BUR → PHX,1473,11.697895451459607,11.51866938221317,0.1697216564833673,0.03665987780040733,369.0,61.24711473183978
BUR,RNO,BUR → RNO,77,15.688311688311689,14.844155844155845,0.24675324675324675,0.0,374.0,56.44155844155844
BUR,SEA,BUR → SEA,571,7.667250437828371,9.222416812609458,0.15761821366024517,0.021015761821366025,937.0,130.13134851138355
BUR,SFO,BUR → SFO,1220,16.645901639344263,16.714754098360658,0.21311475409836064,0.038524590163934426,326.0,53.040983606557376
BUR,SJC,BUR → SJC,1417,7.321806633733239,6.81227946365561,0.12561750176429076,0.0529287226534933,296.0,45.85038814396613
BUR,SLC,BUR → SLC,663,9.346907993966818,8.947209653092006,0.09200603318250378,0.01809954751131222,574.0,82.84012066365007
BUR,SMF,BUR → SMF,1264,8.165348101265822,7.0719936708860756,0.1281645569620253,0.05379746835443038,358.0,54.63291139240506
BUR,STS,BUR → STS,68,12.470588235294118,16.0,0.20588235294117646,0.014705882352941176,387.0,64.20588235294117
BWI,ABQ,BWI → ABQ,101,15.316831683168317,13.663366336633663,0.1782178217821782,0.0297029702970297,1670.0,224.4950495049505
BWI,ALB,BWI → ALB,739,14.190798376184032,11.424898511502029,0.20027063599458728,0.04059539918809202,289.0,49.40730717185386
BWI,ATL,BWI → ATL,2569,12.322304398598677,12.214869599065784,0.16543402101985208,0.020630595562475672,577.0,85.46983261969638
BWI,AUS,BWI → AUS,501,15.171656686626747,12.656686626746508,0.2315369261477046,0.033932135728542916,1342.0,182.4431137724551
BWI,AVL,BWI → AVL,51,13.882352941176471,14.941176470588236,0.3137254901960784,0.058823529411764705,414.0,60.8235294117647
BWI,BDL,BWI → BDL,731,14.581395348837209,11.956224350205199,0.2270861833105335,0.04240766073871409,283.0,46.80711354309165
BWI,BHM,BWI → BHM,124,12.42741935483871,11.112903225806452,0.20161290322580644,0.024193548387096774,682.0,98.71774193548387
BWI,BNA,BWI → BNA,779,11.983311938382542,9.426187419768935,0.18998716302952504,0.026957637997432605,587.0,87.36456996148908
BWI,BOS,BWI → BOS,1585,18.230283911671926,16.022712933753944,0.22271293375394322,0.04668769716088328,369.0,56.921135646687695
BWI,BUF,BWI → BUF,686,14.737609329446064,12.47667638483965,0.22157434402332363,0.048104956268221574,281.0,45.68804664723032
BWI,CHS,BWI → CHS,541,13.445471349353049,11.512014787430683,0.22735674676524953,0.036968576709796676,472.0,70.9445471349353
BWI,CLE,BWI → CLE,458,17.475982532751093,14.268558951965066,0.2423580786026201,0.034934497816593885,314.0,51.262008733624455
BWI,CLT,BWI → CLT,1535,9.857328990228012,9.484039087947883,0.14267100977198696,0.03322475570032573,361.0,60.9328990228013
BWI,CMH,BWI → CMH,484,15.75413223140496,12.516528925619834,0.22933884297520662,0.03305785123966942,337.0,55.08057851239669
BWI,CVG,BWI → CVG,525,14.603809523809524,12.904761904761905,0.1980952380952381,0.02666666666666667,430.0,70.66095238095238
BWI,DAL,BWI → DAL,715,16.22797202797203,14.644755244755245,0.24615384615384617,0.04895104895104895,1209.0,163.20839160839162
BWI,DEN,BWI → DEN,1169,13.026518391787853,11.614200171086399,0.19760479041916168,0.022241231822070145,1491.0,206.32506415739948
BWI,DFW,BWI → DFW,670,14.473134328358208,14.932835820895523,0.1880597014925373,0.03283582089552239,1217.0,169.61492537313433
BWI,DTW,BWI → DTW,1029,12.428571428571429,11.594752186588922,0.16423712342079688,0.02040816326530612,409.0,65.38192419825073
BWI,ECP,BWI → ECP,46,11.76086956521739,12.08695652173913,0.2391304347826087,0.021739130434782608,798.0,107.76086956521739
BWI,EWR,BWI → EWR,7,83.71428571428571,84.42857142857143,0.7142857142857143,0.0,169.0,37.57142857142857
BWI,FLL,BWI → FLL,1768,15.032239819004525,14.120475113122172,0.2239819004524887,0.035633484162895926,925.0,125.84389140271493
BWI,GRR,BWI → GRR,161,10.906832298136646,9.22360248447205,0.19875776397515527,0.024844720496894408,528.0,78.80124223602485
BWI,GSP,BWI → GSP,115,10.869565217391305,8.4,0.1565217391304348,0.02608695652173913,426.0,67.21739130434783
BWI,HOU,BWI → HOU,539,14.71799628942486,11.953617810760669,0.22820037105751392,0.03153988868274583,1246.0,171.03525046382188
BWI,IAH,BWI → IAH,462,8.363636363636363,8.943722943722944,0.1341991341991342,0.02813852813852814,1235.0,170.96103896103895
BWI,IND,BWI → IND,496,13.921370967741936,12.04233870967742,0.23387096774193547,0.03024193548387097,516.0,79.42943548387096
BWI,ISP,BWI → ISP,595,15.4,12.433613445378151,0.2218487394957983,0.03529411764705882,220.0,42.102521008403365
BWI,JAN,BWI → JAN,73,17.041095890410958,13.712328767123287,0.2602739726027397,0.0,888.0,127.65753424657534
BWI,JAX,BWI → JAX,607,14.056013179571664,12.079077429983526,0.21252059308072488,0.039538714991762765,663.0,93.5667215815486
BWI,JFK,BWI → JFK,517,13.972920696324952,14.823984526112186,0.16827852998065765,0.04448742746615087,184.0,39.89748549323017
BWI,LAS,BWI → LAS,849,15.325088339222615,12.369846878680802,0.2049469964664311,0.0353356890459364,2106.0,273.6937573616019
BWI,LAX,BWI → LAX,663,11.298642533936652,9.772247360482655,0.17496229260935142,0.02262443438914027,2329.0,303.1131221719457
BWI,LGA,BWI → LGA,121,17.727272727272727,18.173553719008265,0.2892561983471074,0.05785123966942149,185.0,36.6198347107438
BWI,MCI,BWI → MCI,344,16.087209302325583,14.688953488372093,0.2761627906976744,0.0377906976744186,967.0,135.1889534883721
BWI,MCO,BWI → MCO,2165,17.33810623556582,16.380600461893764,0.2374133949191686,0.040184757505773674,787.0,108.79030023094688
BWI,MDW,BWI → MDW,944,13.015889830508474,11.403601694915254,0.20127118644067796,0.045550847457627115,611.0,92.34427966101696
BWI,MEM,BWI → MEM,63,10.523809523809524,9.222222222222221,0.1111111111111111,0.0,787.0,118.95238095238095
BWI,MHT,BWI → MHT,709,12.739069111424541,10.06488011283498,0.21720733427362482,0.039492242595204514,377.0,56.93088857545839
BWI,MIA,BWI → MIA,759,16.284584980237153,16.197628458498023,0.24769433465085638,0.02766798418972332,946.0,130.2635046113307
BWI,MKE,BWI → MKE,353,13.498583569405099,11.475920679886686,0.21529745042492918,0.0226628895184136,641.0,95.73937677053824
BWI,MSP,BWI → MSP,684,12.93859649122807,11.568713450292398,0.14619883040935672,0.02046783625730994,936.0,132.6081871345029
BWI,MSY,BWI → MSY,505,15.514851485148515,14.851485148514852,0.2198019801980198,0.041584158415841586,998.0,136.86534653465347
BWI,MYR,BWI → MYR,351,16.877492877492877,14.464387464387464,0.2535612535612536,0.02564102564102564,399.0,60.13960113960114
BWI,OAK,BWI → OAK,75,10.64,8.866666666666667,0.16,0.013333333333333334,2447.0,328.48
BWI,OKC,BWI → OKC,47,4.957446808510638,3.6595744680851063,0.0851063829787234,0.0851063829787234,1180.0,155.14893617021278
BWI,ORD,BWI → ORD,1342,16.843517138599104,16.02235469448584,0.1870342771982116,0.03427719821162444,621.25782414307,97.19299552906111
BWI,ORF,BWI → ORF,680,16.30735294117647,12.639705882352942,0.2073529411764706,0.027941176470588237,159.0,31.333823529411763
BWI,PBI,BWI → PBI,539,13.899814471243042,11.660482374768089,0.20964749536178107,0.02040816326530612,883.0,123.77365491651206
BWI,PDX,BWI → PDX,9,38.77777777777778,35.888888888888886,0.3333333333333333,0.0,2358.0,314.6666666666667
BWI,PGD,BWI → PGD,13,31.76923076923077,37.69230769230769,0.5384615384615384,0.0,899.0,129.53846153846155
BWI,PHL,BWI → PHL,24,4.0,7.041666666666667,0.125,0.0,90.0,27.291666666666668
BWI,PHX,BWI → PHX,497,13.885311871227364,11.935613682092555,0.2152917505030181,0.03822937625754527,1999.0,263.5050301810865
BWI,PIT,BWI → PIT,443,14.715575620767494,10.896162528216705,0.1986455981941309,0.006772009029345372,210.0,37.1941309255079
BWI,PNS,BWI → PNS,12,10.333333333333334,14.833333333333334,0.4166666666666667,0.08333333333333333,846.0,107.08333333333333
BWI,PVD,BWI → PVD,772,14.05699481865285,11.339378238341968,0.20725388601036268,0.03367875647668394,327.0,50.39378238341969
BWI,PWM,BWI → PWM,569,13.131810193321616,11.527240773286467,0.21441124780316345,0.03163444639718805,452.0,63.37609841827768
BWI,RDU,BWI → RDU,772,15.490932642487047,12.971502590673575,0.20595854922279794,0.03367875647668394,255.0,45.865284974093264
BWI,ROC,BWI → ROC,477,16.48218029350105,13.59748427672956,0.24109014675052412,0.03563941299790356,277.0,46.36687631027254
BWI,RSW,BWI → RSW,741,12.878542510121457,11.51417004048583,0.19298245614035087,0.04183535762483131,919.0,128.13090418353576
BWI,SAN,BWI → SAN,341,14.571847507331379,12.680351906158357,0.2316715542521994,0.04398826979472141,2295.0,295.2551319648094
BWI,SAT,BWI → SAT,319,14.278996865203762,12.890282131661442,0.2225705329153605,0.03761755485893417,1407.0,190.84326018808778
BWI,SAV,BWI → SAV,216,16.833333333333332,15.726851851851851,0.27314814814814814,0.018518518518518517,549.0,83.11111111111111
BWI,SDF,BWI → SDF,402,13.216417910447761,11.114427860696518,0.20398009950248755,0.03980099502487562,495.0,77.34328358208955
BWI,SEA,BWI → SEA,249,12.048192771084338,11.534136546184738,0.1927710843373494,0.040160642570281124,2335.0,303.54618473895584
BWI,SFO,BWI → SFO,211,11.270142180094787,11.630331753554502,0.1895734597156398,0.023696682464454975,2457.0,320.09952606635073
BWI,SJC,BWI → SJC,38,5.7368421052631575,2.6578947368421053,0.05263157894736842,0.10526315789473684,2439.0,292.7631578947368
BWI,SJU,BWI → SJU,518,18.77027027027027,15.888030888030888,0.2702702702702703,0.017374517374517374,1565.0,206.44980694980694
BWI,SLC,BWI → SLC,274,10.97080291970803,9.613138686131387,0.1678832116788321,0.01824817518248175,1865.0,253.6058394160584
BWI,SMF,BWI → SMF,52,18.5,15.76923076923077,0.09615384615384616,0.1346153846153846,2395.0,275.61538461538464
BWI,SRQ,BWI → SRQ,372,15.75268817204301,13.696236559139784,0.25,0.02956989247311828,880.0,123.97043010752688
BWI,STL,BWI → STL,528,16.5,13.801136363636363,0.22348484848484848,0.032196969696969696,738.0,106.45075757575758
BWI,SYR,BWI → SYR,199,18.261306532663315,15.43718592964824,0.3065326633165829,0.04522613065326633,273.0,46.4070351758794
BWI,TPA,BWI → TPA,1265,13.849802371541502,12.413438735177866,0.2150197628458498,0.04901185770750988,842.0,116.21581027667985
BWI,TYS,BWI → TYS,14,17.571428571428573,19.714285714285715,0.5,0.07142857142857142,465.0,60.785714285714285
BWI,VPS,BWI → VPS,74,23.87837837837838,23.405405405405407,0.20270270270270271,0.013513513513513514,819.0,114.17567567567568
BZN,ATL,BZN → ATL,112,10.8125,10.973214285714286,0.1875,0.0,1640.0,193.11607142857142
BZN,AUS,BZN → AUS,12,7.083333333333333,6.083333333333333,0.16666666666666666,0.0,1299.0,158.66666666666666
BZN,AZA,BZN → AZA,66,21.015151515151516,21.363636363636363,0.19696969696969696,0.015151515151515152,861.0,115.31818181818181
BZN,BIL,BZN → BIL,1,0.0,0.0,0.0,0.0,126.0,25.0
BZN,BNA,BZN → BNA,36,23.444444444444443,29.444444444444443,0.3611111111111111,0.027777777777777776,1435.0,169.66666666666666
BZN,BOS,BZN → BOS,24,71.875,73.08333333333333,0.25,0.0,1991.0,227.79166666666666
BZN,CLT,BZN → CLT,34,50.470588235294116,52.76470588235294,0.23529411764705882,0.0,1736.0,209.58823529411765
BZN,DAL,BZN → DAL,7,5.285714285714286,1.8571428571428572,0.0,0.0,1172.0,148.42857142857142
BZN,DEN,BZN → DEN,1003,12.611166500498504,14.17048853439681,0.21535393818544366,0.024925224327018942,524.0,72.76370887337985
BZN,DFW,BZN → DFW,294,10.649659863945578,12.636054421768707,0.20408163265306123,0.013605442176870748,1163.0,144.34013605442178
BZN,DTW,BZN → DTW,5,0.0,0.0,0.0,0.0,1400.0,162.4
BZN,EWR,BZN → EWR,90,33.36666666666667,31.644444444444446,0.34444444444444444,0.05555555555555555,1882.0,206.6
BZN,FLL,BZN → FLL,3,0.0,6.0,0.0,0.0,2183.0,251.0
BZN,IAD,BZN → IAD,6,8.833333333333334,13.166666666666666,0.3333333333333333,0.0,1773.0,214.83333333333334
BZN,IAH,BZN → IAH,55,14.472727272727273,18.09090909090909,0.3090909090909091,0.0,1385.0,176.36363636363637
BZN,JFK,BZN → JFK,40,30.45,31.125,0.325,0.025,1902.0,221.05
BZN,LAS,BZN → LAS,240,17.379166666666666,18.954166666666666,0.2916666666666667,0.029166666666666667,701.0,96.75416666666666
BZN,LAX,BZN → LAX,270,16.474074074074075,16.55925925925926,0.14814814814814814,0.007407407407407408,902.0,133.36666666666667
BZN,LGA,BZN → LGA,1,0.0,0.0,0.0,0.0,1894.0,209.0
BZN,LGB,BZN → LGB,7,0.0,0.42857142857142855,0.0,0.0,904.0,134.71428571428572
BZN,MDW,BZN → MDW,4,6.5,0.0,0.0,0.0,1198.0,147.0
BZN,MSP,BZN → MSP,375,9.469333333333333,10.098666666666666,0.09066666666666667,0.016,874.0,108.08
BZN,OAK,BZN → OAK,4,53.5,50.5,0.5,0.0,796.0,113.25
BZN,ORD,BZN → ORD,359,11.395543175487465,11.350974930362117,0.16991643454038996,0.022284122562674095,1185.7938718662954,141.66852367688023
BZN,PDX,BZN → PDX,24,5.166666666666667,3.7916666666666665,0.08333333333333333,0.0,554.0,99.25
BZN,PHL,BZN → PHL,5,11.2,6.6,0.2,0.0,1853.0,225.6
BZN,PHX,BZN → PHX,13,14.0,11.846153846153847,0.15384615384615385,0.0,853.0,119.3076923076923
BZN,SAN,BZN → SAN,17,17.705882352941178,21.352941176470587,0.23529411764705882,0.0,956.0,138.58823529411765
BZN,SEA,BZN → SEA,368,6.375,8.584239130434783,0.17391304347826086,0.016304347826086956,543.0,90.9945652173913
BZN,SFO,BZN → SFO,196,23.54591836734694,23.51530612244898,0.23469387755102042,0.03571428571428571,807.0,120.41836734693878
BZN,SLC,BZN → SLC,641,7.374414976599064,8.414976599063962,0.10452418096723869,0.0093603744149766,347.0,55.62402496099844
CAE,ATL,CAE → ATL,1165,6.544206008583691,6.87381974248927,0.0927038626609442,0.014592274678111588,192.0,40.36223175965665
CAE,CLT,CAE → CLT,691,9.322720694645442,9.34876989869754,0.1316931982633864,0.01881331403762663,88.0,27.250361794500723
CAE,DCA,CAE → DCA,336,17.19047619047619,17.56845238095238,0.21428571428571427,0.03869047619047619,408.0,60.75
CAE,DFW,CAE → DFW,370,18.243243243243242,18.95945945945946,0.20270270270270271,0.03513513513513514,922.0,135.03783783783783
CAE,IAH,CAE → IAH,18,8.0,5.611111111111111,0.05555555555555555,0.0,878.0,141.38888888888889
CAE,LGA,CAE → LGA,171,13.532163742690058,15.035087719298245,0.14619883040935672,0.023391812865497075,617.0,83.49122807017544
CAE,MIA,CAE → MIA,34,6.411764705882353,9.5,0.08823529411764706,0.029411764705882353,563.0,81.94117647058823
CAE,ORD,CAE → ORD,20,30.55,30.55,0.3,0.0,666.0,108.75
CAK,ATL,CAK → ATL,139,4.453237410071942,4.669064748201439,0.10071942446043165,0.014388489208633094,528.0,79.96402877697842
CAK,BNA,CAK → BNA,5,18.2,15.4,0.2,0.0,435.0,66.4
CAK,CLT,CAK → CLT,640,12.4578125,12.3453125,0.1453125,0.01875,394.0,64.8046875
CAK,DCA,CAK → DCA,160,4.40625,6.91875,0.1375,0.025,274.0,48.65
CAK,EWR,CAK → EWR,45,60.62222222222222,59.422222222222224,0.35555555555555557,0.06666666666666667,382.0,57.888888888888886
CAK,FLL,CAK → FLL,7,37.42857142857143,51.285714285714285,0.7142857142857143,0.0,1026.0,137.71428571428572
CAK,IAH,CAK → IAH,51,18.980392156862745,25.352941176470587,0.23529411764705882,0.0,1085.0,168.92156862745097
CAK,LGA,CAK → LGA,39,11.128205128205128,10.615384615384615,0.1282051282051282,0.02564102564102564,397.0,63.12820512820513
CAK,MCO,CAK → MCO,85,19.51764705882353,20.0,0.27058823529411763,0.023529411764705882,861.0,112.72941176470589
CAK,MYR,CAK → MYR,9,14.666666666666666,10.88888888888889,0.2222222222222222,0.1111111111111111,518.0,64.66666666666667
CAK,ORD,CAK → ORD,184,14.255434782608695,15.08695652173913,0.15760869565217392,0.03804347826086957,343.0,60.42934782608695
CAK,PGD,CAK → PGD,15,23.4,27.6,0.26666666666666666,0.0,965.0,132.33333333333334
CAK,PHL,CAK → PHL,128,17.5,17.734375,0.234375,0.046875,335.0,52.8046875
CAK,PIE,CAK → PIE,13,13.692307692307692,12.846153846153847,0.23076923076923078,0.0,899.0,121.46153846153847
CAK,RSW,CAK → RSW,20,25.1,27.3,0.3,0.05,991.0,129.1
CAK,SAV,CAK → SAV,26,62.80769230769231,63.42307692307692,0.4230769230769231,0.038461538461538464,606.0,81.07692307692308
CAK,SFB,CAK → SFB,10,0.1,0.0,0.0,0.0,837.0,114.7
CAK,SRQ,CAK → SRQ,15,13.6,15.333333333333334,0.2,0.0,934.0,126.73333333333333
CAK,TPA,CAK → TPA,13,7.461538461538462,4.846153846153846,0.15384615384615385,0.0,894.0,122.15384615384616
CDB,ADK,CDB → ADK,13,17.076923076923077,21.076923076923077,0.5384615384615384,0.07692307692307693,616.0,83.46153846153847
CDB,ANC,CDB → ANC,15,18.133333333333333,19.066666666666666,0.4666666666666667,0.0,620.0,80.6
CDC,SLC,CDC → SLC,299,10.45819397993311,10.434782608695652,0.09364548494983277,0.006688963210702341,221.0,38.97324414715719
CDV,ANC,CDV → ANC,158,8.379746835443038,10.177215189873417,0.15822784810126583,0.03164556962025317,160.0,33.84177215189873
CDV,YAK,CDV → YAK,176,5.829545454545454,6.517045454545454,0.11363636363636363,0.011363636363636364,213.0,36.48295454545455
CGI,DEC,CGI → DEC,15,3.7333333333333334,3.6,0.06666666666666667,0.0,184.0,36.13333333333333
CGI,ORD,CGI → ORD,197,15.253807106598984,14.725888324873097,0.116751269035533,0.06598984771573604,339.0456852791878,60.25888324873097
CGI,PAH,CGI → PAH,93,16.688172043010752,15.795698924731182,0.1827956989247312,0.043010752688172046,45.0,14.526881720430108
CHA,ATL,CHA → ATL,1233,9.753446877534468,9.789943227899432,0.11030008110300081,0.012976480129764802,106.0,26.72506082725061
CHA,CLT,CHA → CLT,568,9.077464788732394,8.737676056338028,0.125,0.017605633802816902,241.0,47.191901408450704
CHA,DCA,CHA → DCA,120,20.841666666666665,22.316666666666666,0.125,0.05,523.0,73.74166666666666
CHA,DFW,CHA → DFW,409,10.234718826405867,11.276283618581907,0.15892420537897312,0.017114914425427872,695.0,108.08801955990221
CHA,DTW,CHA → DTW,144,17.145833333333332,14.881944444444445,0.19444444444444445,0.006944444444444444,505.0,80.8125
CHA,IAD,CHA → IAD,1,34.0,22.0,1.0,0.0,506.0,67.0
CHA,IAH,CHA → IAH,29,4.379310344827586,6.9655172413793105,0.10344827586206896,0.0,686.0,114.0
CHA,LGA,CHA → LGA,41,2.1463414634146343,2.8292682926829267,0.07317073170731707,0.04878048780487805,734.0,95.60975609756098
CHA,MIA,CHA → MIA,1,0.0,42.0,1.0,0.0,701.0,123.0
CHA,MSP,CHA → MSP,1,201.0,206.0,1.0,0.0,801.0,121.0
CHA,ORD,CHA → ORD,187,18.97326203208556,19.181818181818183,0.1711229946524064,0.0427807486631016,500.50267379679144,83.1336898395722
CHA,PHL,CHA → PHL,28,34.42857142857143,33.5,0.10714285714285714,0.0,641.0,94.39285714285714
CHA,PIE,CHA → PIE,46,25.5,28.82608695652174,0.17391304347826086,0.08695652173913043,513.0,65.23913043478261
CHA,SFB,CHA → SFB,51,44.509803921568626,44.372549019607845,0.3137254901960784,0.0784313725490196,490.0,65.19607843137256
CHO,ATL,CHO → ATL,547,12.542961608775137,12.680073126142595,0.13345521023765997,0.009140767824497258,457.0,72.86654478976234
CHO,CLT,CHO → CLT,447,10.313199105145413,10.302013422818792,0.14317673378076062,0.042505592841163314,245.0,47.096196868008946
CHO,LGA,CHO → LGA,475,19.67157894736842,22.65473684210526,0.25473684210526315,0.05263157894736842,305.0,51.856842105263155
CHO,ORD,CHO → ORD,142,37.58450704225352,39.32394366197183,0.28169014084507044,0.04929577464788732,566.0,90.28169014084507
CHO,PHL,CHO → PHL,2,0.0,5.5,0.0,0.0,210.0,52.5
CHS,ATL,CHS → ATL,1466,6.679399727148704,6.167121418826739,0.08731241473396999,0.013642564802182811,259.0,46.049113233287855
CHS,AUS,CHS → AUS,26,15.461538461538462,15.807692307692308,0.23076923076923078,0.0,1055.0,147.96153846153845
CHS,BLV,CHS → BLV,1,0.0,0.0,0.0,0.0,674.0,94.0
CHS,BNA,CHS → BNA,287,9.104529616724738,7.968641114982578,0.13937282229965156,0.0313588850174216,439.0,67.89547038327527
CHS,BOS,CHS → BOS,423,20.64066193853428,20.43971631205674,0.21040189125295508,0.02364066193853428,818.0,106.37825059101655
CHS,BWI,CHS → BWI,484,9.977272727272727,8.834710743801653,0.16322314049586778,0.028925619834710745,472.0,65.36363636363636
CHS,CLE,CHS → CLE,15,4.666666666666667,4.666666666666667,0.13333333333333333,0.4,595.0,50.666666666666664
CHS,CLT,CHS → CLT,1221,9.884520884520885,9.382473382473382,0.13841113841113842,0.03357903357903358,168.0,36.76986076986077
CHS,CVG,CHS → CVG,39,7.358974358974359,8.41025641025641,0.2564102564102564,0.07692307692307693,497.0,69.84615384615384
CHS,DAL,CHS → DAL,194,10.963917525773196,9.762886597938145,0.22164948453608246,0.030927835051546393,977.0,137.2164948453608
CHS,DCA,CHS → DCA,667,11.094452773613193,11.830584707646176,0.17091454272863568,0.035982008995502246,444.0,64.31934032983509
CHS,DEN,CHS → DEN,268,10.847014925373134,11.011194029850746,0.20149253731343283,0.022388059701492536,1449.0,201.5597014925373
CHS,DFW,CHS → DFW,469,22.33049040511727,22.795309168443495,0.22388059701492538,0.03837953091684435,987.0,140.56076759061833
CHS,DTW,CHS → DTW,176,12.056818181818182,13.142045454545455,0.16477272727272727,0.017045454545454544,667.0,96.10227272727273
CHS,EWR,CHS → EWR,582,14.601374570446735,17.652920962199314,0.24398625429553264,0.07216494845360824,628.0,84.13573883161511
CHS,FLL,CHS → FLL,143,22.454545454545453,22.67132867132867,0.17482517482517482,0.03496503496503497,470.0,71.41258741258741
CHS,HOU,CHS → HOU,111,12.288288288288289,10.567567567567568,0.24324324324324326,0.036036036036036036,928.0,132.06306306306305
CHS,HPN,CHS → HPN,12,39.583333333333336,32.083333333333336,0.4166666666666667,0.08333333333333333,663.0,88.25
CHS,IAD,CHS → IAD,359,13.724233983286908,14.50974930362117,0.18384401114206128,0.022284122562674095,441.0,63.966573816155986
CHS,IAH,CHS → IAH,291,11.096219931271477,11.776632302405499,0.18556701030927836,0.01718213058419244,925.0,137.47079037800688
CHS,IND,CHS → IND,16,10.5625,12.0625,0.25,0.0625,585.0,79.0625
CHS,JFK,CHS → JFK,749,16.7022696929239,16.68090787716956,0.20026702269692923,0.03337783711615487,636.0,85.3004005340454
CHS,LAX,CHS → LAX,49,16.959183673469386,18.653061224489797,0.3469387755102041,0.02040816326530612,2206.0,283.6326530612245
CHS,LCK,CHS → LCK,26,12.846153846153847,14.153846153846153,0.15384615384615385,0.11538461538461539,503.0,63.15384615384615
CHS,LGA,CHS → LGA,615,15.003252032520326,16.434146341463414,0.21138211382113822,0.04065040650406504,641.0,85.53821138211381
CHS,MCI,CHS → MCI,2,10.0,0.0,0.0,0.0,930.0,126.5
CHS,MDW,CHS → MDW,288,10.51736111111111,8.760416666666666,0.14583333333333334,0.027777777777777776,745.0,105.58680555555556
CHS,MIA,CHS → MIA,387,12.612403100775193,12.731266149870802,0.11627906976744186,0.028423772609819122,489.0,75.18863049095607
CHS,MSP,CHS → MSP,27,5.518518518518518,6.333333333333333,0.14814814814814814,0.0,1087.0,155.22222222222223
CHS,MYR,CHS → MYR,7,0.0,0.0,0.0,0.0,84.0,20.857142857142858
CHS,ORD,CHS → ORD,524,10.024809160305344,10.404580152671755,0.13931297709923665,0.05725190839694656,760.0,107.99618320610686
CHS,PGD,CHS → PGD,15,5.933333333333334,5.6,0.06666666666666667,0.0,428.0,63.8
CHS,PHL,CHS → PHL,433,15.348729792147806,14.658198614318707,0.15935334872979215,0.025404157043879907,550.0,81.01616628175519
CHS,PIT,CHS → PIT,41,25.926829268292682,27.658536585365855,0.34146341463414637,0.0,524.0,73.36585365853658
CHS,RDU,CHS → RDU,2,0.0,0.0,0.0,0.0,217.0,38.5
CHS,SDF,CHS → SDF,8,46.0,51.125,0.5,0.125,485.0,64.375
CHS,SEA,CHS → SEA,133,11.368421052631579,9.609022556390977,0.14285714285714285,0.015037593984962405,2415.0,321.6691729323308
CHS,STL,CHS → STL,25,24.68,21.24,0.44,0.0,706.0,100.56
CHS,TTN,CHS → TTN,12,0.5,3.6666666666666665,0.08333333333333333,0.08333333333333333,586.0,78.08333333333333
CID,ATL,CID → ATL,214,7.140186915887851,6.985981308411215,0.07476635514018691,0.018691588785046728,694.0,91.67757009345794
CID,AZA,CID → AZA,104,30.701923076923077,32.55769230769231,0.2403846153846154,0.028846153846153848,1240.0,166.08653846153845
CID,BNA,CID → BNA,52,15.461538461538462,17.403846153846153,0.21153846153846154,0.057692307692307696,481.0,63.53846153846154
CID,CLT,CID → CLT,322,8.267080745341614,10.25776397515528,0.14906832298136646,0.024844720496894408,742.0,98.88819875776397
CID,CMH,CID → CMH,1,0.0,0.0,0.0,0.0,479.0,71.0
CID,DCA,CID → DCA,7,8.142857142857142,9.142857142857142,0.14285714285714285,0.0,801.0,108.14285714285714
CID,DEN,CID → DEN,485,12.470103092783505,12.4,0.15876288659793814,0.024742268041237112,692.0,102.81030927835052
CID,DFW,CID → DFW,498,19.471887550200805,21.012048192771083,0.21686746987951808,0.0321285140562249,685.0,99.7429718875502
CID,DTW,CID → DTW,272,12.011029411764707,11.452205882352942,0.15073529411764705,0.01838235294117647,430.0,65.97058823529412
CID,LAS,CID → LAS,59,32.42372881355932,34.898305084745765,0.2033898305084746,0.06779661016949153,1319.0,169.20338983050848
CID,LAX,CID → LAX,18,18.22222222222222,15.5,0.2777777777777778,0.0,1550.0,196.66666666666666
CID,MCO,CID → MCO,16,24.6875,18.625,0.3125,0.0,1097.0,136.25
CID,MSP,CID → MSP,442,9.846153846153847,9.547511312217194,0.11538461538461539,0.01809954751131222,220.0,44.002262443438916
CID,ORD,CID → ORD,809,16.89122373300371,17.982694684796044,0.17058096415327564,0.05315203955500618,196.0,39.84054388133498
CID,PGD,CID → PGD,59,17.11864406779661,23.10169491525424,0.22033898305084745,0.06779661016949153,1170.0,136.4406779661017
CID,PHX,CID → PHX,123,13.398373983739837,12.130081300813009,0.17073170731707318,0.04065040650406504,1252.0,170.4390243902439
CID,PIE,CID → PIE,56,11.875,14.25,0.26785714285714285,0.017857142857142856,1090.0,131.42857142857142
CID,SFB,CID → SFB,73,23.794520547945204,25.506849315068493,0.2876712328767123,0.0136986301369863,1078.0,133.5205479452055
CID,SRQ,CID → SRQ,11,39.18181818181818,38.09090909090909,0.45454545454545453,0.0,1125.0,137.27272727272728
CIU,APN,CIU → APN,5,10.4,8.4,0.4,0.0,92.0,22.2
CIU,DTW,CIU → DTW,171,23.27485380116959,21.912280701754387,0.14035087719298245,0.023391812865497075,284.0,46.64912280701754
CIU,MSP,CIU → MSP,175,15.297142857142857,14.742857142857142,0.07428571428571429,0.017142857142857144,435.0,73.19428571428571
CKB,IAD,CKB → IAD,134,24.970149253731343,24.417910447761194,0.20149253731343283,0.014925373134328358,151.0,32.73880597014925
CKB,JST,CKB → JST,26,17.615384615384617,16.73076923076923,0.11538461538461539,0.038461538461538464,102.0,24.807692307692307
CKB,MYR,CKB → MYR,18,7.111111111111111,8.0,0.16666666666666666,0.16666666666666666,394.0,47.888888888888886
CKB,ORD,CKB → ORD,146,31.21232876712329,29.636986301369863,0.19863013698630136,0.0410958904109589,444.0,72.87671232876713
CKB,PIE,CKB → PIE,6,0.8333333333333334,1.1666666666666667,0.0,0.0,798.0,112.33333333333333
CKB,SFB,CKB → SFB,54,24.72222222222222,26.51851851851852,0.2777777777777778,0.037037037037037035,727.0,95.62962962962963
CKB,VPS,CKB → VPS,10,29.5,31.2,0.5,0.0,705.0,96.6
CLE,ATL,CLE → ATL,1425,9.439298245614035,8.91157894736842,0.1312280701754386,0.020350877192982456,554.0,80.99298245614035
CLE,AUS,CLE → AUS,13,8.23076923076923,7.538461538461538,0.23076923076923078,0.0,1174.0,161.07692307692307
CLE,BDL,CLE → BDL,37,14.243243243243244,12.64864864864865,0.13513513513513514,0.02702702702702703,476.0,63.729729729729726
CLE,BNA,CLE → BNA,374,7.264705882352941,6.652406417112299,0.12834224598930483,0.040106951871657755,448.0,68.95454545454545
CLE,BOS,CLE → BOS,768,13.470052083333334,14.311197916666666,0.1953125,0.029947916666666668,563.0,75.87369791666667
CLE,BWI,CLE → BWI,455,8.153846153846153,6.608791208791208,0.0989010989010989,0.03076923076923077,314.0,51.417582417582416
CLE,CHS,CLE → CHS,20,10.25,7.3,0.15,0.1,595.0,75.55
CLE,CLT,CLE → CLT,923,11.980498374864572,12.09750812567714,0.13542795232936078,0.02600216684723727,430.0,68.62838569880823
CLE,DAL,CLE → DAL,4,19.5,23.0,0.5,0.0,1015.0,154.25
CLE,DCA,CLE → DCA,582,16.60996563573883,16.936426116838486,0.17697594501718214,0.03951890034364261,310.0,52.312714776632305
CLE,DEN,CLE → DEN,812,10.192118226600986,10.589901477832512,0.15147783251231528,0.023399014778325122,1201.0,166.40024630541873
CLE,DFW,CLE → DFW,694,17.860230547550433,18.404899135446687,0.19596541786743515,0.023054755043227664,1021.0,143.69308357348703
CLE,DTW,CLE → DTW,686,10.345481049562682,10.274052478134111,0.10932944606413994,0.014577259475218658,95.0,25.199708454810494
CLE,EWR,CLE → EWR,696,15.915229885057471,17.900862068965516,0.1968390804597701,0.04741379310344827,404.0,61.0301724137931
CLE,FLL,CLE → FLL,502,17.58565737051793,17.900398406374503,0.18725099601593626,0.021912350597609563,1062.0,139.93227091633466
CLE,HOU,CLE → HOU,1,0.0,0.0,0.0,0.0,1106.0,163.0
CLE,IAD,CLE → IAD,410,6.1658536585365855,6.790243902439024,0.11951219512195121,0.026829268292682926,288.0,48.65121951219512
CLE,IAH,CLE → IAH,490,10.918367346938776,13.522448979591836,0.1673469387755102,0.018367346938775512,1091.0,156.7734693877551
CLE,JAX,CLE → JAX,14,9.714285714285714,7.642857142857143,0.21428571428571427,0.0,753.0,102.78571428571429
CLE,JFK,CLE → JFK,604,11.491721854304636,12.120860927152318,0.16225165562913907,0.0347682119205298,425.0,68.29470198675497
CLE,LAS,CLE → LAS,414,23.54830917874396,23.1280193236715,0.2753623188405797,0.024154589371980676,1824.0,240.83333333333334
CLE,LAX,CLE → LAX,298,13.265100671140939,12.023489932885907,0.14429530201342283,0.013422818791946308,2052.0,269.11744966442956
CLE,LGA,CLE → LGA,1163,14.8469475494411,15.930352536543422,0.1822871883061049,0.052450558899398106,419.0,63.805674978503866
CLE,MCO,CLE → MCO,862,15.124129930394432,15.22505800464037,0.21577726218097448,0.02088167053364269,895.0,116.77610208816705
CLE,MDW,CLE → MDW,585,7.316239316239316,6.770940170940171,0.13162393162393163,0.04786324786324787,307.0,51.598290598290596
CLE,MIA,CLE → MIA,361,8.781163434903046,9.055401662049862,0.14127423822714683,0.024930747922437674,1080.0,144.62049861495845
CLE,MKE,CLE → MKE,72,12.930555555555555,11.444444444444445,0.1527777777777778,0.041666666666666664,328.0,56.56944444444444
CLE,MSP,CLE → MSP,601,12.980033277870216,12.206322795341098,0.11980033277870217,0.013311148086522463,622.0,97.52911813643927
CLE,MSY,CLE → MSY,32,3.40625,4.875,0.15625,0.0,917.0,131.96875
CLE,MYR,CLE → MYR,110,16.827272727272728,16.62727272727273,0.14545454545454545,0.01818181818181818,557.0,76.18181818181819
CLE,ORD,CLE → ORD,1608,12.126865671641792,12.828358208955224,0.1455223880597015,0.034203980099502485,315.2282338308458,56.77985074626866
CLE,ORF,CLE → ORF,7,0.0,0.2857142857142857,0.0,0.0,435.0,65.57142857142857
CLE,PBI,CLE → PBI,23,14.173913043478262,14.434782608695652,0.2608695652173913,0.043478260869565216,1020.0,135.1304347826087
CLE,PGD,CLE → PGD,31,19.516129032258064,24.516129032258064,0.45161290322580644,0.0,999.0,131.16129032258064
CLE,PHL,CLE → PHL,355,12.526760563380282,13.050704225352113,0.1295774647887324,0.036619718309859155,363.0,56.70422535211268
CLE,PHX,CLE → PHX,280,12.721428571428572,11.635714285714286,0.20357142857142857,0.02857142857142857,1737.0,234.03214285714284
CLE,PIE,CLE → PIE,12,41.916666666666664,40.916666666666664,0.25,0.0,932.0,125.58333333333333
CLE,RDU,CLE → RDU,53,12.018867924528301,10.11320754716981,0.1320754716981132,0.018867924528301886,416.0,61.867924528301884
CLE,RSW,CLE → RSW,456,10.848684210526315,11.37938596491228,0.16228070175438597,0.03070175438596491,1025.0,134.98026315789474
CLE,SAN,CLE → SAN,15,9.8,12.8,0.26666666666666666,0.0,2026.0,274.8666666666667
CLE,SAV,CLE → SAV,44,9.659090909090908,11.227272727272727,0.18181818181818182,0.022727272727272728,641.0,86.5
CLE,SEA,CLE → SEA,52,10.153846153846153,9.038461538461538,0.17307692307692307,0.0,2021.0,275.03846153846155
CLE,SFB,CLE → SFB,12,18.833333333333332,18.166666666666668,0.25,0.16666666666666666,872.0,93.66666666666667
CLE,SFO,CLE → SFO,190,12.936842105263159,10.7,0.1368421052631579,0.03684210526315789,2161.0,277.12105263157895
CLE,SJU,CLE → SJU,5,29.4,40.8,0.8,0.0,1839.0,238.0
CLE,SLC,CLE → SLC,35,6.085714285714285,6.828571428571428,0.08571428571428572,0.05714285714285714,1565.0,208.4
CLE,SRQ,CLE → SRQ,60,13.166666666666666,16.683333333333334,0.36666666666666664,0.03333333333333333,967.0,125.93333333333334
CLE,STL,CLE → STL,261,6.295019157088123,5.697318007662835,0.11877394636015326,0.022988505747126436,487.0,73.7088122605364
CLE,TPA,CLE → TPA,402,18.83084577114428,19.562189054726367,0.2537313432835821,0.03482587064676617,927.0,122.06965174129353
CLE,VPS,CLE → VPS,11,18.272727272727273,20.363636363636363,0.36363636363636365,0.0,797.0,105.72727272727273
CLL,BHM,CLL → BHM,1,0.0,0.0,0.0,0.0,600.0,72.0
CLL,DFW,CLL → DFW,570,8.557894736842105,10.670175438596491,0.15789473684210525,0.0456140350877193,164.0,37.349122807017544
CLL,IAH,CLL → IAH,157,6.898089171974522,7.89171974522293,0.08917197452229299,0.05732484076433121,74.0,22.280254777070063
CLT,ABE,CLT → ABE,460,9.443478260869565,10.858695652173912,0.16956521739130434,0.03260869565217391,481.0,71.32826086956521
CLT,ACK,CLT → ACK,12,2.0833333333333335,4.166666666666667,0.08333333333333333,0.0,723.0,103.33333333333333
CLT,AEX,CLT → AEX,45,17.177777777777777,18.08888888888889,0.35555555555555557,0.022222222222222223,722.0,104.75555555555556
CLT,AGS,CLT → AGS,467,10.124197002141328,11.190578158458244,0.1841541755888651,0.019271948608137045,140.0,31.379014989293363
CLT,ALB,CLT → ALB,489,9.738241308793455,9.805725971370142,0.1554192229038855,0.018404907975460124,646.0,88.39672801635992
CLT,ATL,CLT → ATL,2465,9.471805273833672,9.065720081135902,0.13144016227180527,0.01257606490872211,226.0,42.87870182555781
CLT,ATW,CLT → ATW,83,11.80722891566265,13.927710843373495,0.1927710843373494,0.03614457831325301,742.0,106.04819277108433
CLT,AUS,CLT → AUS,745,14.026845637583893,15.459060402684564,0.22818791946308725,0.036241610738255034,1032.0,142.68322147651006
CLT,AVL,CLT → AVL,984,9.832317073170731,10.435975609756097,0.16869918699186992,0.029471544715447155,91.0,23.878048780487806
CLT,AVP,CLT → AVP,538,9.711895910780669,9.979553903345725,0.17286245353159851,0.026022304832713755,509.0,72.75650557620818
CLT,BDL,CLT → BDL,821,9.66626065773447,9.545676004872107,0.1607795371498173,0.02192448233861145,644.0,85.95127892813642
CLT,BGR,CLT → BGR,170,7.135294117647059,6.970588235294118,0.14705882352941177,0.029411764705882353,921.0,114.46470588235294
CLT,BHM,CLT → BHM,928,11.314655172413794,12.975215517241379,0.20474137931034483,0.020474137931034482,350.0,58.720905172413794
CLT,BNA,CLT → BNA,1501,9.591605596269154,9.558294470353099,0.15056628914057296,0.02798134576948701,328.0,56.74750166555629
CLT,BOS,CLT → BOS,1835,15.420163487738419,14.465940054495913,0.1880108991825613,0.027247956403269755,728.0,96.27956403269755
CLT,BTR,CLT → BTR,390,6.535897435897436,8.323076923076924,0.16153846153846155,0.017948717948717947,675.0,98.96153846153847
CLT,BTV,CLT → BTV,344,11.261627906976743,12.438953488372093,0.14825581395348839,0.011627906976744186,761.0,99.89244186046511
CLT,BUF,CLT → BUF,504,14.222222222222221,14.158730158730158,0.20436507936507936,0.0496031746031746,546.0,73.06944444444444
CLT,BWI,CLT → BWI,1399,11.017869907076483,10.66118656182988,0.19156540385989992,0.034310221586847746,361.0,55.015725518227306
CLT,BZN,CLT → BZN,24,5.25,8.125,0.16666666666666666,0.0,1736.0,239.29166666666666
CLT,CAE,CLT → CAE,673,9.646359583952451,10.114413075780089,0.16344725111441308,0.02674591381872214,88.0,23.206537890044576
CLT,CAK,CLT → CAK,609,14.645320197044335,15.753694581280788,0.22167487684729065,0.021346469622331693,394.0,60.88669950738916
CLT,CHA,CLT → CHA,510,9.666666666666666,10.680392156862744,0.17254901960784313,0.01764705882352941,241.0,43.72352941176471
CLT,CHO,CLT → CHO,458,8.301310043668122,9.620087336244541,0.16375545851528384,0.039301310043668124,245.0,43.185589519650655
CLT,CHS,CLT → CHS,1220,11.004098360655737,11.515573770491804,0.20327868852459016,0.019672131147540985,168.0,34.84098360655738
CLT,CID,CLT → CID,335,12.991044776119402,13.808955223880597,0.20298507462686566,0.023880597014925373,742.0,105.80298507462686
CLT,CLE,CLT → CLE,907,9.28335170893054,10.388092613009922,0.16648291069459759,0.03307607497243661,430.0,63.23042998897464
CLT,CMH,CLT → CMH,1015,11.747783251231526,12.428571428571429,0.1793103448275862,0.023645320197044337,347.0,54.53004926108375
CLT,CMI,CLT → CMI,70,9.985714285714286,12.057142857142857,0.18571428571428572,0.02857142857142857,522.0,80.8
CLT,CRW,CLT → CRW,577,12.849220103986136,13.327556325823224,0.17677642980935876,0.025996533795493933,221.0,40.17677642980936
CLT,CSG,CLT → CSG,67,6.3283582089552235,8.835820895522389,0.11940298507462686,0.0,295.0,52.82089552238806
CLT,CVG,CLT → CVG,1056,11.425189393939394,12.118371212121213,0.1875,0.016098484848484848,335.0,55.921401515151516
CLT,DAB,CLT → DAB,672,10.575892857142858,10.739583333333334,0.17261904761904762,0.02976190476190476,416.0,62.06547619047619
CLT,DAL,CLT → DAL,158,11.917721518987342,11.284810126582279,0.1962025316455696,0.0189873417721519,926.0,134.30379746835442
CLT,DAY,CLT → DAY,718,12.13649025069638,13.628133704735376,0.1977715877437326,0.0,370.0,61.467966573816156
CLT,DCA,CLT → DCA,1378,10.619738751814223,11.272133526850508,0.1792452830188679,0.026124818577648767,331.0,53.600145137880986
CLT,DEN,CLT → DEN,1346,13.801634472511145,14.323179791976226,0.21099554234769688,0.020802377414561663,1337.0,186.2340267459138
CLT,DFW,CLT → DFW,1641,10.737964655697745,10.70993296770262,0.170018281535649,0.028031687995124923,936.0,134.03046922608166
CLT,DSM,CLT → DSM,422,13.109004739336493,13.362559241706162,0.18009478672985782,0.02132701421800948,815.0,119.02369668246446
CLT,DTW,CLT → DTW,1501,9.028647568287807,8.53564290473018,0.145236508994004,0.016655562958027982,500.0,75.06928714190539
CLT,ECP,CLT → ECP,407,6.348894348894349,7.778869778869779,0.16707616707616707,0.009828009828009828,437.0,71.45945945945945
CLT,ELP,CLT → ELP,19,18.57894736842105,16.157894736842106,0.3684210526315789,0.0,1482.0,198.0
CLT,ERI,CLT → ERI,99,6.393939393939394,6.797979797979798,0.13131313131313133,0.010101010101010102,476.0,71.05050505050505
CLT,EVV,CLT → EVV,31,5.032258064516129,7.645161290322581,0.12903225806451613,0.03225806451612903,414.0,70.87096774193549
CLT,EWN,CLT → EWN,529,6.80718336483932,8.351606805293006,0.15311909262759923,0.03213610586011342,221.0,38.476370510396976
CLT,EWR,CLT → EWR,1806,17.069213732004428,17.670542635658915,0.22812846068660023,0.03488372093023256,529.0,75.57308970099668
CLT,EYW,CLT → EYW,542,12.70110701107011,14.839483394833948,0.1974169741697417,0.03136531365313653,736.0,101.53874538745387
CLT,FAY,CLT → FAY,602,9.478405315614618,10.164451827242525,0.15614617940199335,0.03820598006644518,118.0,25.36046511627907
CLT,FCA,CLT → FCA,17,2.235294117647059,2.0,0.0,0.0,1923.0,259.4117647058824
CLT,FLL,CLT → FLL,1261,15.352101506740683,15.07533703409992,0.21015067406819984,0.02775574940523394,632.0,90.80174464710547
CLT,FLO,CLT → FLO,17,6.705882352941177,5.117647058823529,0.11764705882352941,0.11764705882352941,99.0,23.529411764705884
CLT,FNT,CLT → FNT,239,7.99581589958159,10.292887029288703,0.1799163179916318,0.012552301255230125,555.0,87.60251046025104
CLT,FSD,CLT → FSD,67,10.492537313432836,10.91044776119403,0.16417910447761194,0.0,1021.0,148.6417910447761
CLT,FWA,CLT → FWA,209,8.650717703349283,9.83732057416268,0.14832535885167464,0.019138755980861243,460.0,69.66507177033493
CLT,GNV,CLT → GNV,513,8.21832358674464,8.567251461988304,0.13255360623781676,0.025341130604288498,388.0,59.89083820662768
CLT,GPT,CLT → GPT,377,7.36604774535809,8.992042440318302,0.16976127320954906,0.021220159151193633,577.0,85.60212201591511
CLT,GRR,CLT → GRR,450,10.644444444444444,11.264444444444445,0.19555555555555557,0.028888888888888888,583.0,83.77333333333333
CLT,GSO,CLT → GSO,1008,11.85515873015873,11.869047619047619,0.17162698412698413,0.025793650793650792,83.0,23.29563492063492
CLT,GSP,CLT → GSP,1153,10.387684301821336,11.183000867302688,0.17519514310494363,0.01647875108412836,75.0,20.13009540329575
CLT,HHH,CLT → HHH,480,7.70625,9.466666666666667,0.15625,0.03125,207.0,40.25208333333333
CLT,HNL,CLT → HNL,28,19.357142857142858,17.428571428571427,0.2857142857142857,0.0,4678.0,558.3571428571429
CLT,HOU,CLT → HOU,69,10.53623188405797,10.26086956521739,0.21739130434782608,0.057971014492753624,920.0,129.85507246376812
CLT,HPN,CLT → HPN,542,10.047970479704796,10.523985239852399,0.15682656826568267,0.046125461254612546,564.0,84.70479704797047
CLT,HSV,CLT → HSV,584,9.95376712328767,10.857876712328768,0.1780821917808219,0.0273972602739726,333.0,56.26027397260274
CLT,HTS,CLT → HTS,27,11.0,11.37037037037037,0.18518518518518517,0.037037037037037035,235.0,40.55555555555556
CLT,HVN,CLT → HVN,12,2.3333333333333335,0.16666666666666666,0.0,0.0,605.0,88.16666666666667
CLT,IAD,CLT → IAD,1299,10.451886066204773,11.175519630484988,0.15242494226327943,0.04003079291762895,322.0,51.86528098537337
CLT,IAH,CLT → IAH,1196,13.87876254180602,14.102842809364548,0.20150501672240803,0.020066889632107024,912.0,131.68896321070235
CLT,ILM,CLT → ILM,1189,10.026072329688814,10.603868797308662,0.17073170731707318,0.0336417157275021,185.0,33.489486963835155
CLT,IND,CLT → IND,1011,10.428288822947577,11.159248269040553,0.1582591493570722,0.026706231454005934,427.0,67.64094955489614
CLT,IPT,CLT → IPT,11,84.36363636363636,82.63636363636364,0.09090909090909091,0.0,470.0,70.63636363636364
CLT,ITH,CLT → ITH,31,15.32258064516129,10.387096774193548,0.3225806451612903,0.0,557.0,80.0
CLT,JAC,CLT → JAC,17,4.117647058823529,5.117647058823529,0.11764705882352941,0.0,1685.0,226.11764705882354
CLT,JAN,CLT → JAN,447,10.48545861297539,11.56599552572707,0.1789709172259508,0.03355704697986577,562.0,83.95973154362416
CLT,JAX,CLT → JAX,1108,11.558664259927799,11.824909747292418,0.17328519855595667,0.033393501805054154,328.0,53.021660649819495
CLT,JFK,CLT → JFK,1416,13.953389830508474,14.69915254237288,0.1906779661016949,0.033192090395480225,541.0,77.56920903954803
CLT,LAS,CLT → LAS,979,12.118488253319715,12.827374872318693,0.22880490296220635,0.024514811031664963,1916.0,250.60980592441265
CLT,LAX,CLT → LAX,1062,12.290018832391715,11.116760828625235,0.18267419962335216,0.01694915254237288,2125.0,275.1045197740113
CLT,LEX,CLT → LEX,386,9.564766839378239,11.494818652849741,0.18911917098445596,0.023316062176165803,281.0,49.05440414507772
CLT,LFT,CLT → LFT,142,9.5,11.161971830985916,0.18309859154929578,0.007042253521126761,729.0,105.63380281690141
CLT,LGA,CLT → LGA,2186,16.796889295516927,16.997712717291858,0.1948764867337603,0.03705397987191217,544.0,75.55077767612077
CLT,LIT,CLT → LIT,542,8.850553505535055,11.370848708487085,0.18265682656826568,0.025830258302583026,640.0,96.44280442804428
CLT,LYH,CLT → LYH,184,7.336956521739131,7.853260869565218,0.125,0.04891304347826087,175.0,34.94021739130435
CLT,MCI,CLT → MCI,602,9.4734219269103,9.541528239202657,0.15780730897009967,0.029900332225913623,808.0,117.54817275747509
CLT,MCO,CLT → MCO,2012,16.40506958250497,17.08648111332008,0.23757455268389663,0.02286282306163022,468.0,68.85735586481114
CLT,MDT,CLT → MDT,528,9.066287878787879,10.043560606060606,0.1875,0.02462121212121212,413.0,62.234848484848484
CLT,MDW,CLT → MDW,292,9.804794520547945,8.746575342465754,0.1643835616438356,0.030821917808219176,584.0,85.93493150684931
CLT,MEM,CLT → MEM,907,11.723263506063947,11.824696802646086,0.17861080485115766,0.016538037486218304,511.0,81.53362734288865
CLT,MGM,CLT → MGM,65,18.4,19.353846153846153,0.23076923076923078,0.015384615384615385,372.0,57.83076923076923
CLT,MHT,CLT → MHT,512,9.083984375,8.900390625,0.1484375,0.025390625,737.0,98.171875
CLT,MIA,CLT → MIA,1265,13.21501976284585,13.093280632411068,0.1857707509881423,0.018972332015810278,650.0,92.44031620553359
CLT,MKE,CLT → MKE,669,13.680119581464872,13.51270553064275,0.19282511210762332,0.02242152466367713,651.0,96.26158445440957
CLT,MLB,CLT → MLB,469,9.347547974413645,10.603411513859275,0.15778251599147122,0.019189765458422176,490.0,72.6183368869936
CLT,MOB,CLT → MOB,101,7.079207920792079,8.514851485148515,0.16831683168316833,0.0,526.0,79.20792079207921
CLT,MSN,CLT → MSN,375,11.216,12.026666666666667,0.192,0.024,708.0,101.216
CLT,MSP,CLT → MSP,1016,11.545275590551181,10.871062992125983,0.15748031496062992,0.010826771653543307,930.0,134.4281496062992
CLT,MSY,CLT → MSY,920,12.376086956521739,13.164130434782608,0.19021739130434784,0.03804347826086957,651.0,92.92934782608695
CLT,MTJ,CLT → MTJ,3,0.0,13.333333333333334,0.6666666666666666,0.0,1505.0,224.0
CLT,MVY,CLT → MVY,4,30.0,26.0,0.25,0.0,704.0,98.0
CLT,MYR,CLT → MYR,1113,10.64240790655885,11.324348607367476,0.16621743036837378,0.030548068283917342,157.0,32.16262353998203
CLT,OAJ,CLT → OAJ,569,8.040421792618629,8.588752196836555,0.15289982425307558,0.015817223198594025,191.0,34.45518453427065
CLT,OKC,CLT → OKC,399,15.007518796992482,15.914786967418546,0.19047619047619047,0.020050125313283207,940.0,134.2982456140351
CLT,OMA,CLT → OMA,413,13.389830508474576,13.91041162227603,0.2033898305084746,0.021791767554479417,913.0,131.2324455205811
CLT,ONT,CLT → ONT,67,19.53731343283582,20.37313432835821,0.373134328358209,0.014925373134328358,2078.0,265.5223880597015
CLT,ORD,CLT → ORD,1979,15.541687721071249,15.710965133906013,0.19252147549267307,0.030823648307225872,599.0,90.58918645780697
CLT,ORF,CLT → ORF,1173,11.647911338448424,12.251491901108269,0.19011082693947143,0.017902813299232736,290.0,45.608695652173914
CLT,PBI,CLT → PBI,819,11.61050061050061,13.083028083028083,0.18803418803418803,0.03296703296703297,590.0,83.84859584859585
CLT,PDX,CLT → PDX,133,18.451127819548873,19.75187969924812,0.2631578947368421,0.015037593984962405,2282.0,300.3984962406015
CLT,PGV,CLT → PGV,32,4.6875,6.21875,0.0625,0.0625,203.0,34.28125
CLT,PHF,CLT → PHF,308,12.512987012987013,12.467532467532468,0.18181818181818182,0.03896103896103896,282.0,46.65584415584416
CLT,PHL,CLT → PHL,1493,13.540522438044206,12.429336905559277,0.17548559946416611,0.020093770931011386,449.0,67.5713328868051
CLT,PHX,CLT → PHX,1155,12.028571428571428,11.530735930735931,0.1800865800865801,0.009523809523809525,1773.0,239.04935064935066
CLT,PIA,CLT → PIA,316,9.183544303797468,9.949367088607595,0.18670886075949367,0.012658227848101266,607.0,91.45253164556962
CLT,PIT,CLT → PIT,1147,10.646033129904097,10.380122057541412,0.15780296425457715,0.02005231037489102,366.0,56.74542284219704
CLT,PNS,CLT → PNS,787,11.580686149936467,12.993646759847522,0.18297331639135958,0.01905972045743329,488.0,75.02414231257941
CLT,PVD,CLT → PVD,677,11.336779911373707,10.779911373707533,0.18020679468242246,0.025110782865583457,683.0,90.31462333825702
CLT,PWM,CLT → PWM,336,9.345238095238095,8.785714285714286,0.125,0.03571428571428571,813.0,100.57738095238095
CLT,RAP,CLT → RAP,84,13.285714285714286,15.571428571428571,0.2261904761904762,0.0,1322.0,178.97619047619048
CLT,RDU,CLT → RDU,1367,11.493782004389173,10.98390636430139,0.1799561082662765,0.025603511338697878,130.0,29.7286027798098
CLT,RIC,CLT → RIC,1183,14.181741335587489,14.029585798816568,0.1893491124260355,0.027895181741335588,257.0,42.62214708368555
CLT,RNO,CLT → RNO,13,18.46153846153846,19.46153846153846,0.23076923076923078,0.07692307692307693,2141.0,259.61538461538464
CLT,ROA,CLT → ROA,44,13.727272727272727,16.113636363636363,0.22727272727272727,0.09090909090909091,155.0,33.54545454545455
CLT,ROC,CLT → ROC,519,9.433526011560694,9.84971098265896,0.18882466281310212,0.03468208092485549,573.0,76.97687861271676
CLT,RSW,CLT → RSW,830,13.24578313253012,13.69156626506024,0.20240963855421687,0.02891566265060241,600.0,86.73373493975903
CLT,SAN,CLT → SAN,561,12.971479500891265,12.99108734402852,0.22459893048128343,0.0196078431372549,2077.0,269.5133689839572
CLT,SAT,CLT → SAT,604,12.259933774834437,13.205298013245033,0.21026490066225165,0.02152317880794702,1095.0,153.41721854304635
CLT,SAV,CLT → SAV,1190,11.736974789915966,12.33529411764706,0.18403361344537816,0.02857142857142857,213.0,39.36806722689076
CLT,SBN,CLT → SBN,361,10.515235457063712,11.786703601108034,0.1329639889196676,0.0221606648199446,534.0,79.00277008310249
CLT,SDF,CLT → SDF,987,10.128672745694022,10.799392097264437,0.13779128672745694,0.02127659574468085,335.0,57.022289766970616
CLT,SEA,CLT → SEA,408,14.732843137254902,14.213235294117647,0.24754901960784315,0.022058823529411766,2279.0,300.62254901960785
CLT,SFO,CLT → SFO,632,17.29746835443038,18.575949367088608,0.26424050632911394,0.022151898734177215,2296.0,299.5775316455696
CLT,SGF,CLT → SGF,464,10.010775862068966,11.282327586206897,0.1961206896551724,0.02586206896551724,708.0,105.72629310344827
CLT,SHV,CLT → SHV,338,10.967455621301776,12.014792899408285,0.15680473372781065,0.023668639053254437,764.0,111.12130177514793
CLT,SJC,CLT → SJC,10,2.6,0.1,0.0,0.0,2274.0,304.3
CLT,SJU,CLT → SJU,318,13.89308176100629,13.21069182389937,0.1792452830188679,0.009433962264150943,1475.0,185.46540880503144
CLT,SLC,CLT → SLC,392,13.732142857142858,13.334183673469388,0.16581632653061223,0.007653061224489796,1727.0,234.78826530612244
CLT,SMF,CLT → SMF,160,18.8125,16.98125,0.25,0.0125,2244.0,295.74375
CLT,SNA,CLT → SNA,10,11.9,11.8,0.2,0.0,2099.0,263.1
CLT,SRQ,CLT → SRQ,642,12.113707165109034,13.5202492211838,0.1853582554517134,0.021806853582554516,547.0,81.95482866043614
CLT,STL,CLT → STL,969,10.944272445820433,11.259029927760578,0.16821465428276575,0.029927760577915376,575.0,88.9453044375645
CLT,STT,CLT → STT,226,8.889380530973451,9.420353982300885,0.13274336283185842,0.004424778761061947,1520.0,190.89380530973452
CLT,STX,CLT → STX,42,8.166666666666666,9.30952380952381,0.19047619047619047,0.0,1562.0,197.42857142857142
CLT,SYR,CLT → SYR,548,12.25,12.213503649635037,0.20437956204379562,0.023722627737226276,603.0,82.07481751824818
CLT,TLH,CLT → TLH,547,7.745886654478976,7.6727605118829985,0.1590493601462523,0.021937842778793418,386.0,61.61791590493601
CLT,TOL,CLT → TOL,94,15.808510638297872,15.308510638297872,0.2553191489361702,0.0,466.0,70.91489361702128
CLT,TPA,CLT → TPA,1365,10.471062271062271,11.271794871794873,0.1934065934065934,0.029304029304029304,507.0,74.55164835164835
CLT,TRI,CLT → TRI,198,9.131313131313131,8.409090909090908,0.11616161616161616,0.045454545454545456,119.0,27.0
CLT,TTN,CLT → TTN,71,13.633802816901408,12.0,0.15492957746478872,0.028169014084507043,484.0,69.49295774647888
CLT,TUL,CLT → TUL,328,11.939024390243903,11.875,0.17682926829268292,0.01524390243902439,842.0,120.77439024390245
CLT,TUS,CLT → TUS,4,8.5,7.25,0.25,0.0,1735.0,237.75
CLT,TVC,CLT → TVC,25,18.76,19.36,0.32,0.0,702.0,98.08
CLT,TYS,CLT → TYS,886,11.313769751693002,12.007900677200903,0.1963882618510158,0.006772009029345372,177.0,35.603837471783294
CLT,VPS,CLT → VPS,643,11.121306376360808,12.41213063763608,0.18195956454121306,0.026438569206842923,460.0,71.65940902021772
CLT,XNA,CLT → XNA,551,11.266787658802178,12.994555353901996,0.19782214156079855,0.010889292196007259,754.0,111.49546279491832
CMH,ATL,CMH → ATL,1422,7.960618846694796,8.227144866385373,0.10970464135021098,0.014767932489451477,447.0,68.37974683544304
CMH,AUS,CMH → AUS,47,15.53191489361702,14.957446808510639,0.19148936170212766,0.0425531914893617,1073.0,143.72340425531914
CMH,BNA,CMH → BNA,325,8.492307692307692,6.923076923076923,0.12615384615384614,0.018461538461538463,337.0,55.581538461538464
CMH,BOS,CMH → BOS,533,9.487804878048781,9.547842401500938,0.13320825515947468,0.0225140712945591,640.0,86.8030018761726
CMH,BWI,CMH → BWI,483,9.01656314699793,7.463768115942029,0.11801242236024845,0.045548654244306416,337.0,51.674948240165634
CMH,CLT,CMH → CLT,1030,7.967961165048544,8.351456310679612,0.13106796116504854,0.030097087378640777,347.0,58.09611650485437
CMH,CVG,CMH → CVG,1,0.0,0.0,0.0,0.0,115.0,26.0
CMH,DAL,CMH → DAL,171,12.801169590643275,12.222222222222221,0.19298245614035087,0.04678362573099415,919.0,127.2046783625731
CMH,DCA,CMH → DCA,812,8.08128078817734,9.483990147783251,0.12438423645320197,0.027093596059113302,323.0,52.74630541871921
CMH,DEN,CMH → DEN,699,11.377682403433477,11.639484978540773,0.1988555078683834,0.01859799713876967,1154.0,164.1874105865522
CMH,DFW,CMH → DFW,652,22.94478527607362,23.800613496932517,0.17484662576687116,0.032208588957055216,926.0,132.23466257668713
CMH,DTW,CMH → DTW,738,10.643631436314363,10.543360433604336,0.13008130081300814,0.01084010840108401,155.0,36.516260162601625
CMH,ECP,CMH → ECP,1,0.0,0.0,0.0,0.0,684.0,96.0
CMH,EWR,CMH → EWR,587,11.155025553662691,12.035775127768314,0.14991482112436116,0.05792163543441227,463.0,71.48040885860307
CMH,FLL,CMH → FLL,322,14.267080745341614,14.549689440993788,0.16459627329192547,0.031055900621118012,973.0,126.67391304347827
CMH,HOU,CMH → HOU,131,3.3282442748091605,2.877862595419847,0.06870229007633588,0.04580152671755725,1000.7709923664122,139.34351145038167
CMH,IAD,CMH → IAD,358,11.195530726256983,11.354748603351956,0.12011173184357542,0.0223463687150838,299.0,49.84357541899441
CMH,IAH,CMH → IAH,407,14.523341523341523,15.823095823095823,0.15724815724815724,0.02702702702702703,986.0,144.0884520884521
CMH,JFK,CMH → JFK,527,8.726755218216319,9.072106261859583,0.127134724857685,0.036053130929791274,483.0,80.08918406072107
CMH,LAS,CMH → LAS,440,13.070454545454545,12.915909090909091,0.18636363636363637,0.022727272727272728,1771.0,234.24772727272727
CMH,LAX,CMH → LAX,175,10.06857142857143,12.508571428571429,0.24,0.03428571428571429,1995.0,260.34285714285716
CMH,LGA,CMH → LGA,1330,9.678195488721805,11.878195488721804,0.17593984962406015,0.02631578947368421,479.0,76.11052631578947
CMH,MCO,CMH → MCO,797,13.204516938519449,13.303638644918443,0.18318695106649938,0.037641154328732745,802.0,104.25721455457968
CMH,MDW,CMH → MDW,674,8.710682492581602,7.609792284866469,0.1201780415430267,0.05341246290801187,283.0,47.77151335311573
CMH,MIA,CMH → MIA,357,13.431372549019608,13.84593837535014,0.18207282913165265,0.025210084033613446,990.0,134.80392156862746
CMH,MSP,CMH → MSP,549,9.14936247723133,9.480874316939891,0.13114754098360656,0.01092896174863388,626.0,96.367941712204
CMH,MSY,CMH → MSY,10,17.8,18.7,0.2,0.0,806.0,113.7
CMH,MYR,CMH → MYR,34,12.117647058823529,10.235294117647058,0.23529411764705882,0.029411764705882353,488.0,67.44117647058823
CMH,OAK,CMH → OAK,23,3.217391304347826,3.391304347826087,0.08695652173913043,0.0,2110.0,288.17391304347825
CMH,ORD,CMH → ORD,1552,13.60180412371134,14.630154639175258,0.19072164948453607,0.02577319587628866,296.0,53.90399484536083
CMH,PBI,CMH → PBI,4,2.75,10.0,0.25,0.0,932.0,142.25
CMH,PHL,CMH → PHL,550,7.410909090909091,7.378181818181818,0.10909090909090909,0.03272727272727273,406.0,62.91818181818182
CMH,PHX,CMH → PHX,416,9.334134615384615,8.8125,0.15144230769230768,0.019230769230769232,1670.0,226.125
CMH,PNS,CMH → PNS,11,8.454545454545455,6.545454545454546,0.18181818181818182,0.18181818181818182,700.0,78.45454545454545
CMH,RDU,CMH → RDU,57,1.7543859649122806,2.736842105263158,0.10526315789473684,0.017543859649122806,362.0,55.75438596491228
CMH,RSW,CMH → RSW,384,10.276041666666666,10.7734375,0.16927083333333334,0.033854166666666664,930.0,124.41145833333333
CMH,SEA,CMH → SEA,142,9.97887323943662,10.985915492957746,0.23943661971830985,0.007042253521126761,2016.0,276.1478873239437
CMH,SFO,CMH → SFO,89,30.876404494382022,24.95505617977528,0.2808988764044944,0.033707865168539325,2120.0,268.5280898876405
CMH,SLC,CMH → SLC,13,0.38461538461538464,0.15384615384615385,0.0,0.0,1528.0,215.53846153846155
CMH,SRQ,CMH → SRQ,56,12.142857142857142,10.285714285714286,0.21428571428571427,0.017857142857142856,869.0,117.83928571428571
CMH,STL,CMH → STL,212,5.872641509433962,4.797169811320755,0.10849056603773585,0.02358490566037736,409.0,64.6745283018868
CMH,TPA,CMH → TPA,411,13.554744525547445,12.936739659367397,0.1678832116788321,0.019464720194647202,829.0,110.28223844282239
CMI,CLT,CMI → CLT,90,3.6,3.922222222222222,0.044444444444444446,0.011111111111111112,522.0,80.14444444444445
CMI,DFW,CMI → DFW,318,14.125786163522013,15.79559748427673,0.1761006289308176,0.015723270440251572,692.1855345911949,108.60691823899371
CMI,ORD,CMI → ORD,443,8.844243792325056,9.598194130925508,0.12415349887133183,0.029345372460496615,135.0,35.86907449209932
CMX,DLH,CMX → DLH,4,0.0,0.5,0.0,0.0,176.0,35.0
CMX,EAU,CMX → EAU,2,0.0,0.0,0.0,0.0,215.0,37.5
CMX,ORD,CMX → ORD,344,20.50581395348837,20.46511627906977,0.18604651162790697,0.055232558139534885,360.0,60.625
CNY,DEN,CNY → DEN,240,34.25,35.11666666666667,0.1875,0.05,283.0,45.55833333333333
CNY,SLC,CNY → SLC,59,2.2542372881355934,2.406779661016949,0.06779661016949153,0.0,183.0,35.91525423728814
CNY,VEL,CNY → VEL,3,0.0,0.0,0.0,0.0,117.0,23.0
COD,DEN,COD → DEN,202,27.826732673267326,29.643564356435643,0.23267326732673269,0.019801980198019802,391.0,62.75247524752475
COD,ORD,COD → ORD,3,23.0,11.333333333333334,0.3333333333333333,0.0,1077.0,137.66666666666666
COD,SLC,COD → SLC,41,15.0,17.170731707317074,0.1951219512195122,0.0,298.0,56.46341463414634
COS,ATL,COS → ATL,64,6.046875,6.109375,0.125,0.015625,1184.0,138.21875
COS,DAL,COS → DAL,249,12.184738955823294,10.369477911646586,0.17269076305220885,0.020080321285140562,602.0,82.92369477911646
COS,DEN,COS → DEN,1355,12.278966789667896,13.268634686346864,0.196309963099631,0.02730627306273063,73.0,21.031734317343172
COS,DFW,COS → DFW,864,18.32523148148148,19.4375,0.1840277777777778,0.024305555555555556,592.0,78.95370370370371
COS,HOU,COS → HOU,1,0.0,0.0,0.0,1.0,829.0,0.0
COS,IAD,COS → IAD,7,25.571428571428573,28.285714285714285,0.42857142857142855,0.0,1463.0,172.28571428571428
COS,IAH,COS → IAH,322,21.91614906832298,22.3944099378882,0.2080745341614907,0.015527950310559006,809.0,110.54037267080746
COS,LAS,COS → LAS,340,16.158823529411766,17.061764705882354,0.2411764705882353,0.029411764705882353,604.0,89.02058823529411
COS,LAX,COS → LAX,148,16.7972972972973,14.77027027027027,0.13513513513513514,0.02027027027027027,833.0,125.39864864864865
COS,LGB,COS → LGB,3,0.0,5.0,0.0,0.0,825.0,124.66666666666667
COS,MCO,COS → MCO,38,19.86842105263158,19.394736842105264,0.2631578947368421,0.07894736842105263,1520.0,162.23684210526315
COS,MDW,COS → MDW,115,11.408695652173913,9.939130434782609,0.1391304347826087,0.034782608695652174,917.0,112.4608695652174
COS,MSP,COS → MSP,10,10.8,6.4,0.2,0.0,725.0,96.0
COS,ORD,COS → ORD,381,17.834645669291337,17.95538057742782,0.18110236220472442,0.010498687664041995,911.0,119.78740157480316
COS,PHX,COS → PHX,354,10.692090395480227,10.677966101694915,0.16666666666666666,0.01694915254237288,551.0,83.43785310734464
COS,SAN,COS → SAN,2,0.0,0.0,0.0,0.5,816.0,61.0
COS,SAT,COS → SAT,15,4.533333333333333,3.8666666666666667,0.06666666666666667,0.06666666666666667,732.0,88.26666666666667
COS,SLC,COS → SLC,441,12.775510204081632,12.356009070294785,0.13378684807256236,0.0045351473922902496,411.0,77.29705215419501
COU,DEN,COU → DEN,21,27.19047619047619,29.38095238095238,0.3333333333333333,0.047619047619047616,671.0,106.23809523809524
COU,DFW,COU → DFW,380,17.492105263157896,18.08421052631579,0.19473684210526315,0.06578947368421052,489.1815789473684,72.43157894736842
COU,ORD,COU → ORD,294,14.217687074829932,15.275510204081632,0.14965986394557823,0.04081632653061224,315.0,52.14965986394558
CPR,DEN,CPR → DEN,441,13.664399092970521,15.712018140589569,0.2199546485260771,0.02947845804988662,230.0,42.666666666666664
CPR,SLC,CPR → SLC,278,6.91726618705036,8.255395683453237,0.09352517985611511,0.007194244604316547,320.0,57.010791366906474
CRP,DAL,CRP → DAL,2,3.5,0.0,0.0,0.0,352.0,63.5
CRP,DFW,CRP → DFW,1043,11.84659635666347,12.568552253116012,0.15244487056567593,0.04410354745925216,354.0,59.13710450623202
CRP,HOU,CRP → HOU,567,5.64726631393298,5.4338624338624335,0.07936507936507936,0.026455026455026454,187.0,33.01763668430335
CRP,IAH,CRP → IAH,405,8.861728395061728,10.639506172839507,0.145679012345679,0.05432098765432099,201.0,38.84197530864198
CRW,ATL,CRW → ATL,591,10.851099830795262,10.884940778341793,0.15228426395939088,0.00676818950930626,363.0,60.30626057529611
CRW,CLT,CRW → CLT,643,11.933125972006222,12.734059097978227,0.16174183514774496,0.038880248833592534,221.0,42.60964230171073
CRW,DCA,CRW → DCA,141,8.063829787234043,9.425531914893616,0.10638297872340426,0.014184397163120567,249.0,43.63120567375886
CRW,IAH,CRW → IAH,13,83.0,85.61538461538461,0.23076923076923078,0.0,975.0,156.76923076923077
CRW,MCO,CRW → MCO,35,18.085714285714285,10.714285714285714,0.14285714285714285,0.05714285714285714,686.0,88.65714285714286
CRW,MYR,CRW → MYR,11,10.636363636363637,15.090909090909092,0.2727272727272727,0.0,356.0,54.90909090909091
CRW,ORD,CRW → ORD,125,15.848,17.328,0.184,0.024,416.0,72.024
CRW,PHL,CRW → PHL,62,36.74193548387097,34.70967741935484,0.3387096774193548,0.06451612903225806,356.16129032258067,58.04838709677419
CSG,ATL,CSG → ATL,503,7.184890656063618,7.667992047713717,0.12326043737574553,0.013916500994035786,83.0,24.685884691848905
CSG,CLT,CSG → CLT,70,9.528571428571428,10.17142857142857,0.2571428571428571,0.02857142857142857,295.0,48.128571428571426
CSG,DFW,CSG → DFW,51,7.745098039215686,10.333333333333334,0.17647058823529413,0.0196078431372549,705.0,109.84313725490196
CVG,ATL,CVG → ATL,1121,8.747546833184657,9.03479036574487,0.12578055307760927,0.01159678858162355,373.0,63.93577163247101
CVG,AUS,CVG → AUS,243,7.625514403292181,9.160493827160494,0.16872427983539096,0.00411522633744856,958.0,138.18106995884773
CVG,AZA,CVG → AZA,48,15.270833333333334,13.083333333333334,0.22916666666666666,0.041666666666666664,1553.0,203.54166666666666
CVG,BDL,CVG → BDL,17,1.8235294117647058,0.29411764705882354,0.0,0.0,661.0,83.0
CVG,BOS,CVG → BOS,487,14.55441478439425,14.632443531827516,0.1971252566735113,0.01642710472279261,752.0,98.94250513347022
CVG,BWI,CVG → BWI,571,9.5569176882662,8.77583187390543,0.14535901926444833,0.028021015761821366,430.0,63.13309982486865
CVG,CHS,CVG → CHS,50,4.66,7.74,0.22,0.06,497.0,66.78
CVG,CLT,CVG → CLT,1092,12.659340659340659,12.265567765567766,0.15934065934065933,0.018315018315018316,335.0,60.14835164835165
CVG,DCA,CVG → DCA,766,11.556135770234986,12.848563968668408,0.16318537859007834,0.02349869451697128,411.0,61.442558746736296
CVG,DEN,CVG → DEN,802,10.820448877805486,10.986284289276808,0.19201995012468828,0.0199501246882793,1069.0,152.70822942643392
CVG,DFW,CVG → DFW,849,13.988221436984688,14.546525323910483,0.20259128386336867,0.03180212014134275,812.0,118.85041224970554
CVG,DTW,CVG → DTW,685,6.383941605839416,6.15036496350365,0.10510948905109489,0.00583941605839416,229.0,43.38832116788321
CVG,EWR,CVG → EWR,649,17.741140215716488,18.961479198767336,0.2049306625577812,0.04468412942989214,569.0,83.11710323574731
CVG,EYW,CVG → EYW,14,5.0,5.428571428571429,0.14285714285714285,0.0,1013.0,129.14285714285714
CVG,FLL,CVG → FLL,314,13.69108280254777,16.098726114649683,0.21019108280254778,0.044585987261146494,932.0,120.42356687898089
CVG,HOU,CVG → HOU,55,3.1454545454545455,2.5636363636363635,0.05454545454545454,0.01818181818181818,886.0,130.56363636363636
CVG,IAD,CVG → IAD,240,17.333333333333332,17.154166666666665,0.1625,0.029166666666666667,388.0,59.71666666666667
CVG,IAH,CVG → IAH,454,14.475770925110131,16.16079295154185,0.19383259911894274,0.01762114537444934,871.0,132.2907488986784
CVG,JAX,CVG → JAX,63,14.73015873015873,17.015873015873016,0.20634920634920634,0.0,613.0,85.34920634920636
CVG,JFK,CVG → JFK,352,8.553977272727273,10.082386363636363,0.18181818181818182,0.017045454545454544,589.0,92.5909090909091
CVG,LAS,CVG → LAS,398,17.407035175879397,16.64321608040201,0.22613065326633167,0.01256281407035176,1678.0,223.7035175879397
CVG,LAX,CVG → LAX,197,6.147208121827411,6.67005076142132,0.116751269035533,0.04060913705583756,1900.0,242.2944162436548
CVG,LGA,CVG → LGA,961,13.249739854318419,14.335067637877211,0.19042663891779396,0.03225806451612903,585.0,85.76482830385015
CVG,MCI,CVG → MCI,65,10.169230769230769,9.938461538461539,0.09230769230769231,0.0,539.0,84.56923076923077
CVG,MCO,CVG → MCO,683,14.726207906295754,15.31918008784773,0.18887262079062958,0.021961932650073207,757.0,100.68374816983895
CVG,MDW,CVG → MDW,495,7.02020202020202,6.61010101010101,0.12121212121212122,0.048484848484848485,249.0,44.07272727272727
CVG,MIA,CVG → MIA,431,12.640371229698376,13.334106728538282,0.1925754060324826,0.018561484918793503,948.0,129.0
CVG,MSP,CVG → MSP,709,6.682651622002821,6.10296191819464,0.09873060648801128,0.007052186177715092,596.0,93.78138222849083
CVG,MSY,CVG → MSY,56,9.446428571428571,10.875,0.26785714285714285,0.07142857142857142,701.0,94.21428571428571
CVG,MYR,CVG → MYR,40,25.175,27.275,0.3,0.0,489.0,67.75
CVG,ORD,CVG → ORD,1451,15.26946933149552,16.72226050999311,0.2005513439007581,0.03790489317711923,264.0,50.38594073053067
CVG,ORF,CVG → ORF,9,7.888888888888889,7.333333333333333,0.2222222222222222,0.0,485.0,66.33333333333333
CVG,PBI,CVG → PBI,41,9.048780487804878,10.707317073170731,0.1951219512195122,0.0975609756097561,892.0,109.8048780487805
CVG,PGD,CVG → PGD,173,14.104046242774567,17.358381502890172,0.2138728323699422,0.05202312138728324,850.0,108.72254335260115
CVG,PHL,CVG → PHL,628,14.230891719745223,14.34235668789809,0.19745222929936307,0.01910828025477707,507.0,73.12261146496816
CVG,PHX,CVG → PHX,144,3.673611111111111,4.965277777777778,0.13194444444444445,0.013888888888888888,1569.0,221.75694444444446
CVG,PIE,CVG → PIE,182,10.945054945054945,14.60989010989011,0.22527472527472528,0.03296703296703297,776.0,103.07692307692308
CVG,PVD,CVG → PVD,12,1.75,3.3333333333333335,0.16666666666666666,0.0,722.0,93.16666666666667
CVG,RDU,CVG → RDU,97,9.092783505154639,9.494845360824742,0.15463917525773196,0.0,390.0,59.34020618556701
CVG,RSW,CVG → RSW,368,6.899456521739131,7.611413043478261,0.12228260869565218,0.024456521739130436,879.0,115.86413043478261
CVG,SAN,CVG → SAN,11,4.2727272727272725,8.909090909090908,0.2727272727272727,0.0,1865.0,260.54545454545456
CVG,SAV,CVG → SAV,85,25.67058823529412,27.95294117647059,0.2823529411764706,0.07058823529411765,515.0,68.88235294117646
CVG,SEA,CVG → SEA,177,8.564971751412429,8.073446327683616,0.13559322033898305,0.01694915254237288,1965.0,261.43502824858757
CVG,SFB,CVG → SFB,190,17.3,18.157894736842106,0.23684210526315788,0.10526315789473684,735.0,89.85263157894737
CVG,SFO,CVG → SFO,77,8.831168831168831,8.181818181818182,0.12987012987012986,0.012987012987012988,2036.0,269.27272727272725
CVG,SJU,CVG → SJU,3,0.0,6.0,0.3333333333333333,0.0,1808.0,219.66666666666666
CVG,SLC,CVG → SLC,268,4.697761194029851,5.130597014925373,0.09701492537313433,0.007462686567164179,1450.0,202.38805970149255
CVG,SRQ,CVG → SRQ,117,16.70940170940171,19.957264957264957,0.29914529914529914,0.042735042735042736,812.0,104.61538461538461
CVG,STL,CVG → STL,26,10.807692307692308,11.807692307692308,0.07692307692307693,0.0,308.0,56.19230769230769
CVG,TPA,CVG → TPA,341,18.143695014662757,17.633431085043988,0.18475073313782991,0.03225806451612903,773.0,101.22287390029325
CVG,TYS,CVG → TYS,1,0.0,0.0,0.0,0.0,226.0,36.0
CVG,VPS,CVG → VPS,185,24.681081081081082,26.464864864864865,0.2918918918918919,0.04864864864864865,600.0,81.27027027027027
CWA,DTW,CWA → DTW,197,14.49238578680203,14.426395939086294,0.1218274111675127,0.025380710659898477,363.0,54.20812182741117
CWA,MSP,CWA → MSP,372,10.801075268817204,10.120967741935484,0.10752688172043011,0.013440860215053764,175.0,37.016129032258064
CWA,ORD,CWA → ORD,323,11.461300309597524,12.928792569659443,0.17647058823529413,0.04643962848297214,213.0,47.5046439628483
CYS,DEN,CYS → DEN,107,13.588785046728972,14.280373831775702,0.06542056074766354,0.037383177570093455,90.0,20.72897196261682
CYS,DFW,CYS → DFW,55,23.636363636363637,25.527272727272727,0.2545454545454545,0.10909090909090909,713.0,93.96363636363637
DAB,ATL,DAB → ATL,682,6.529325513196481,6.373900293255132,0.07917888563049853,0.016129032258064516,366.0,58.186217008797655
DAB,CLT,DAB → CLT,617,17.641815235008103,16.86061588330632,0.13776337115072934,0.029173419773095625,416.0,68.39222042139384
DAB,DCA,DAB → DCA,2,19.5,14.5,0.5,0.0,705.0,93.0
DAB,DFW,DAB → DFW,58,25.137931034482758,28.310344827586206,0.3103448275862069,0.05172413793103448,981.0,145.60344827586206
DAB,LGA,DAB → LGA,9,11.88888888888889,10.88888888888889,0.1111111111111111,0.1111111111111111,897.0,109.44444444444444
DAB,PHL,DAB → PHL,50,27.26,28.5,0.32,0.0,808.0,115.38
DAL,ABQ,DAL → ABQ,688,12.783430232558139,10.456395348837209,0.1875,0.027616279069767442,580.0,84.41133720930233
DAL,AMA,DAL → AMA,586,11.102389078498293,9.435153583617748,0.1945392491467577,0.02901023890784983,323.0,51.55631399317406
DAL,ATL,DAL → ATL,1567,14.6509253350351,12.825143586470963,0.18698149329929803,0.022335673261008295,721.0,92.33056796426293
DAL,AUS,DAL → AUS,1299,10.140107775211701,8.319476520400308,0.15011547344110854,0.044649730561970746,189.0,34.15088529638183
DAL,BHM,DAL → BHM,344,14.770348837209303,13.488372093023257,0.24127906976744187,0.020348837209302327,587.0,73.3313953488372
DAL,BNA,DAL → BNA,831,12.793020457280385,10.730445246690733,0.19253910950661854,0.03730445246690734,623.0,77.17689530685921
DAL,BOI,DAL → BOI,10,16.8,14.0,0.2,0.0,1282.0,164.3
DAL,BOS,DAL → BOS,53,27.037735849056602,22.90566037735849,0.22641509433962265,0.05660377358490566,1554.0,174.35849056603774
DAL,BUR,DAL → BUR,135,16.57777777777778,13.103703703703705,0.2814814814814815,0.037037037037037035,1243.0,173.8740740740741
DAL,BWI,DAL → BWI,694,15.760806916426512,13.011527377521613,0.23198847262247838,0.03170028818443804,1209.0,139.93804034582132
DAL,BZN,DAL → BZN,7,5.0,4.0,0.14285714285714285,0.0,1172.0,163.57142857142858
DAL,CHS,DAL → CHS,169,12.47337278106509,10.520710059171599,0.17751479289940827,0.029585798816568046,977.0,115.31952662721893
DAL,CLE,DAL → CLE,2,1.5,0.0,0.0,0.5,1015.0,58.5
DAL,CLT,DAL → CLT,172,13.529069767441861,9.563953488372093,0.1744186046511628,0.03488372093023256,926.0,111.55232558139535
DAL,CMH,DAL → CMH,186,17.440860215053764,14.370967741935484,0.1989247311827957,0.021505376344086023,919.0,111.99462365591398
DAL,COS,DAL → COS,252,14.76984126984127,11.071428571428571,0.18253968253968253,0.01984126984126984,602.0,90.11904761904762
DAL,CRP,DAL → CRP,1,12.0,4.0,0.0,0.0,352.0,60.0
DAL,DCA,DAL → DCA,646,10.993808049535604,9.856037151702786,0.1826625386996904,0.03869969040247678,1184.0,136.87306501547988
DAL,DEN,DAL → DEN,1372,14.9533527696793,13.553935860058308,0.21865889212827988,0.048833819241982504,651.0,92.42201166180757
DAL,DTW,DAL → DTW,51,6.490196078431373,3.019607843137255,0.0784313725490196,0.09803921568627451,981.0,111.80392156862744
DAL,ECP,DAL → ECP,318,13.622641509433961,12.849056603773585,0.22012578616352202,0.018867924528301886,674.0,86.44339622641509
DAL,ELP,DAL → ELP,719,14.986091794158554,12.052851182197497,0.20027816411682892,0.04172461752433936,562.0,78.67176634214186
DAL,FLL,DAL → FLL,478,12.317991631799163,10.207112970711297,0.17782426778242677,0.05230125523012552,1108.0,129.5439330543933
DAL,HDN,DAL → HDN,13,8.23076923076923,6.076923076923077,0.07692307692307693,0.0,779.0,121.84615384615384
DAL,HOU,DAL → HOU,2143,11.134857676154923,9.50489967335511,0.16565562295846945,0.06346243583761083,239.0,42.13719085394307
DAL,HRL,DAL → HRL,47,15.0,15.212765957446809,0.23404255319148937,0.02127659574468085,458.0,63.40425531914894
DAL,IAH,DAL → IAH,406,13.908866995073891,12.31527093596059,0.22167487684729065,0.024630541871921183,216.0,41.24630541871921
DAL,IND,DAL → IND,213,15.826291079812206,13.065727699530516,0.23943661971830985,0.028169014084507043,755.0,95.05164319248826
DAL,JAX,DAL → JAX,70,15.271428571428572,12.385714285714286,0.14285714285714285,0.02857142857142857,907.0,107.67142857142858
DAL,LAS,DAL → LAS,934,14.597430406852249,12.372591006423983,0.2259100642398287,0.032119914346895075,1067.0,144.43040685224838
DAL,LAX,DAL → LAX,893,17.609182530795074,14.291153415453527,0.22284434490481522,0.0335946248600224,1246.0,168.17245240761477
DAL,LBB,DAL → LBB,738,12.680216802168022,10.48509485094851,0.18699186991869918,0.04065040650406504,293.0,46.582655826558266
DAL,LGA,DAL → LGA,612,15.053921568627452,12.905228758169935,0.2369281045751634,0.05228758169934641,1381.0,160.1078431372549
DAL,LGB,DAL → LGB,111,22.09009009009009,18.35135135135135,0.2972972972972973,0.018018018018018018,1232.0,168.65765765765767
DAL,LIT,DAL → LIT,430,17.248837209302327,14.348837209302326,0.2441860465116279,0.030232558139534883,296.0,44.00232558139535
DAL,MAF,DAL → MAF,688,11.408430232558139,9.832848837209303,0.19040697674418605,0.03343023255813953,319.0,50.29651162790697
DAL,MCI,DAL → MCI,865,12.542196531791907,10.373410404624277,0.18959537572254334,0.04161849710982659,460.9352601156069,64.80809248554914
DAL,MCO,DAL → MCO,927,14.5512405609493,13.097087378640778,0.2168284789644013,0.045307443365695796,973.0,119.05609492988134
DAL,MDW,DAL → MDW,1089,14.44811753902663,11.880624426078972,0.21028466483011937,0.04499540863177227,793.0,100.56382001836548
DAL,MEM,DAL → MEM,234,12.26923076923077,10.786324786324787,0.19230769230769232,0.03418803418803419,423.0,59.072649572649574
DAL,MIA,DAL → MIA,153,20.366013071895424,19.22222222222222,0.3333333333333333,0.026143790849673203,1109.0,133.55555555555554
DAL,MKE,DAL → MKE,125,16.072,13.104,0.28,0.024,850.0,109.824
DAL,MSP,DAL → MSP,88,17.954545454545453,13.579545454545455,0.20454545454545456,0.03409090909090909,853.0,111.25
DAL,MSY,DAL → MSY,974,13.768993839835728,12.140657084188911,0.22381930184804927,0.03490759753593429,436.0,58.671457905544145
DAL,MTJ,DAL → MTJ,12,23.083333333333332,20.5,0.16666666666666666,0.0,733.0,115.75
DAL,MYR,DAL → MYR,10,6.4,6.8,0.1,0.0,1038.0,125.9
DAL,OAK,DAL → OAK,297,15.747474747474747,13.003367003367003,0.20202020202020202,0.037037037037037035,1468.0,193.46464646464648
DAL,OKC,DAL → OKC,85,21.611764705882354,16.870588235294118,0.29411764705882354,0.023529411764705882,181.0,34.247058823529414
DAL,OMA,DAL → OMA,155,14.55483870967742,11.729032258064516,0.2,0.03225806451612903,585.9290322580645,78.90967741935484
DAL,ONT,DAL → ONT,143,17.237762237762237,15.251748251748252,0.26573426573426573,0.02097902097902098,1200.0,164.23776223776224
DAL,ORD,DAL → ORD,366,14.579234972677595,12.519125683060109,0.23224043715846995,0.03551912568306011,798.0,104.8879781420765
DAL,ORF,DAL → ORF,8,17.5,15.5,0.25,0.0,1203.0,147.625
DAL,PDX,DAL → PDX,137,9.481751824817518,7.656934306569343,0.18248175182481752,0.0,1626.0,226.2992700729927
DAL,PHL,DAL → PHL,50,7.12,4.02,0.12,0.06,1295.0,147.64
DAL,PHX,DAL → PHX,1125,15.073777777777778,11.923555555555556,0.18933333333333333,0.037333333333333336,879.0,124.92088888888888
DAL,PIT,DAL → PIT,108,8.314814814814815,6.787037037037037,0.12962962962962962,0.018518518518518517,1060.0,126.29629629629629
DAL,PNS,DAL → PNS,208,10.975961538461538,9.889423076923077,0.19230769230769232,0.004807692307692308,592.0,78.38942307692308
DAL,PSP,DAL → PSP,23,6.826086956521739,4.826086956521739,0.08695652173913043,0.0,1137.0,162.1304347826087
DAL,RDU,DAL → RDU,129,12.984496124031008,11.10077519379845,0.26356589147286824,0.06201550387596899,1052.0,123.42635658914729
DAL,RNO,DAL → RNO,26,22.884615384615383,20.03846153846154,0.2692307692307692,0.0,1356.0,187.84615384615384
DAL,RSW,DAL → RSW,69,19.202898550724637,16.579710144927535,0.2318840579710145,0.014492753623188406,1005.0,121.94202898550725
DAL,SAN,DAL → SAN,575,11.58608695652174,9.13391304347826,0.21043478260869566,0.03304347826086956,1182.0,159.01217391304348
DAL,SAT,DAL → SAT,1228,12.526058631921824,10.147394136807817,0.19381107491856678,0.04478827361563518,247.07084690553745,42.48452768729641
DAL,SAV,DAL → SAV,104,9.163461538461538,10.125,0.18269230769230768,0.019230769230769232,914.0,109.21153846153847
DAL,SDF,DAL → SDF,72,10.23611111111111,8.222222222222221,0.16666666666666666,0.041666666666666664,725.0,90.13888888888889
DAL,SEA,DAL → SEA,273,12.64102564102564,12.780219780219781,0.2490842490842491,0.02197802197802198,1670.0,226.98534798534797
DAL,SFO,DAL → SFO,270,10.91851851851852,12.622222222222222,0.22592592592592592,0.014814814814814815,1476.0,205.25925925925927
DAL,SJC,DAL → SJC,346,10.234104046242775,8.471098265895954,0.18208092485549132,0.057803468208092484,1450.0,188.84971098265896
DAL,SLC,DAL → SLC,265,13.735849056603774,10.475471698113207,0.19245283018867926,0.033962264150943396,999.0,136.9056603773585
DAL,SMF,DAL → SMF,170,19.16470588235294,16.764705882352942,0.2529411764705882,0.03529411764705882,1442.0,191.4294117647059
DAL,SNA,DAL → SNA,128,11.7578125,9.6015625,0.2109375,0.03125,1216.0,166.265625
DAL,SRQ,DAL → SRQ,42,13.904761904761905,14.380952380952381,0.2619047619047619,0.047619047619047616,934.0,111.14285714285714
DAL,STL,DAL → STL,791,12.372945638432364,10.034134007585335,0.1997471554993679,0.029077117572692796,546.0,73.91150442477876
DAL,TPA,DAL → TPA,533,15.187617260787993,13.611632270168856,0.23452157598499063,0.05628517823639775,917.0,110.07879924953096
DAL,TUL,DAL → TUL,552,12.722826086956522,9.73913043478261,0.17753623188405798,0.030797101449275364,237.93659420289856,39.84963768115942
DAL,TUS,DAL → TUS,3,0.6666666666666666,2.0,0.0,0.0,824.0,128.66666666666666
DAL,VPS,DAL → VPS,103,12.553398058252426,11.45631067961165,0.23300970873786409,0.02912621359223301,630.0,81.09708737864078
DAY,ATL,DAY → ATL,571,6.712784588441331,6.952714535901927,0.07880910683012259,0.008756567425569177,432.0,73.51488616462346
DAY,CLT,DAY → CLT,732,12.107923497267759,12.103825136612022,0.11748633879781421,0.006830601092896175,370.0,63.49180327868852
DAY,DCA,DAY → DCA,444,12.04054054054054,12.198198198198199,0.16441441441441443,0.02252252252252252,391.0,59.90765765765766
DAY,DEN,DAY → DEN,47,5.51063829787234,6.0638297872340425,0.14893617021276595,0.10638297872340426,1085.0,147.10638297872342
DAY,DFW,DAY → DFW,508,12.328740157480315,13.98228346456693,0.20078740157480315,0.013779527559055118,861.0,127.70669291338582
DAY,DTW,DAY → DTW,387,7.224806201550388,7.58656330749354,0.08010335917312661,0.015503875968992248,166.0,36.88630490956072
DAY,EWR,DAY → EWR,25,3.28,6.6,0.12,0.08,533.0,76.6
DAY,IAD,DAY → IAD,28,17.571428571428573,17.464285714285715,0.17857142857142858,0.07142857142857142,368.0,54.92857142857143
DAY,IAH,DAY → IAH,43,15.162790697674419,21.093023255813954,0.3023255813953488,0.023255813953488372,929.0,144.1860465116279
DAY,LGA,DAY → LGA,250,19.136,20.296,0.212,0.052,549.0,81.112
DAY,MCO,DAY → MCO,5,42.0,51.0,0.4,0.0,808.0,112.6
DAY,MSP,DAY → MSP,134,11.246268656716419,10.753731343283581,0.1417910447761194,0.029850746268656716,574.0,91.84328358208955
DAY,ORD,DAY → ORD,419,15.408114558472553,17.033412887828163,0.15990453460620524,0.031026252983293555,240.0,47.13603818615752
DAY,PGD,DAY → PGD,42,18.69047619047619,20.38095238095238,0.2857142857142857,0.0,904.0,121.14285714285714
DAY,PHL,DAY → PHL,297,10.72053872053872,10.865319865319865,0.1414141414141414,0.016835016835016835,477.0,70.85858585858585
DAY,PIE,DAY → PIE,47,24.085106382978722,26.680851063829788,0.23404255319148937,0.0425531914893617,831.0,106.25531914893617
DAY,SFB,DAY → SFB,34,11.882352941176471,13.264705882352942,0.17647058823529413,0.11764705882352941,785.0,94.61764705882354
DAY,VPS,DAY → VPS,1,4.0,0.0,0.0,0.0,662.0,85.0
DBQ,ORD,DBQ → ORD,246,9.516260162601625,10.373983739837398,0.13008130081300814,0.04065040650406504,147.0,32.292682926829265
DCA,ACK,DCA → ACK,104,9.163461538461538,10.817307692307692,0.1346153846153846,0.028846153846153848,405.0,61.875
DCA,AGS,DCA → AGS,110,9.263636363636364,11.772727272727273,0.20909090909090908,0.02727272727272727,468.0,72.64545454545454
DCA,ALB,DCA → ALB,440,13.743181818181819,14.270454545454545,0.2159090909090909,0.05454545454545454,318.0,53.82954545454545
DCA,ATL,DCA → ATL,2778,10.502159827213823,10.24334053275738,0.1396688264938805,0.024478041756659467,547.0,81.8581713462923
DCA,AUS,DCA → AUS,131,16.900763358778626,15.099236641221374,0.29770992366412213,0.022900763358778626,1315.0,184.12977099236642
DCA,AVL,DCA → AVL,76,5.7894736842105265,9.789473684210526,0.2631578947368421,0.013157894736842105,384.0,63.69736842105263
DCA,BDL,DCA → BDL,736,12.31929347826087,13.769021739130435,0.23369565217391305,0.04076086956521739,313.0,51.61684782608695
DCA,BGR,DCA → BGR,388,16.34020618556701,17.50257731958763,0.22422680412371135,0.03865979381443299,590.0,78.27577319587628
DCA,BHM,DCA → BHM,345,17.655072463768114,18.56231884057971,0.23478260869565218,0.02608695652173913,653.0,97.21159420289855
DCA,BNA,DCA → BNA,1338,9.656203288490284,9.210762331838565,0.14872944693572496,0.032137518684603884,562.0,85.35874439461884
DCA,BOS,DCA → BOS,3649,15.215675527541793,15.721567552754179,0.18443409153192655,0.03891477117018361,399.0,60.9158673609208
DCA,BTR,DCA → BTR,12,51.5,47.916666666666664,0.75,0.0,985.0,137.66666666666666
DCA,BTV,DCA → BTV,384,12.4296875,12.9765625,0.1640625,0.036458333333333336,437.0,65.82291666666667
DCA,BUF,DCA → BUF,355,19.067605633802817,19.611267605633802,0.2507042253521127,0.04225352112676056,296.0,49.39718309859155
DCA,CAE,DCA → CAE,370,14.937837837837838,15.781081081081082,0.1810810810810811,0.02972972972972973,408.0,63.943243243243245
DCA,CAK,DCA → CAK,118,23.56779661016949,25.966101694915253,0.3050847457627119,0.0423728813559322,274.0,49.567796610169495
DCA,CHA,DCA → CHA,123,9.910569105691057,10.487804878048781,0.21951219512195122,0.032520325203252036,523.0,79.27642276422765
DCA,CHS,DCA → CHS,684,16.285087719298247,16.51608187134503,0.2309941520467836,0.03654970760233918,444.0,71.7719298245614
DCA,CID,DCA → CID,5,0.0,0.0,0.0,0.0,801.0,115.4
DCA,CLE,DCA → CLE,589,18.573853989813244,19.826825127334466,0.1969439728353141,0.05263157894736842,310.0,53.16129032258065
DCA,CLT,DCA → CLT,1361,11.421013960323291,11.922116091109478,0.14033798677443057,0.024246877296105803,331.0,58.18883174136664
DCA,CMH,DCA → CMH,761,10.676741130091985,10.421813403416557,0.164257555847569,0.022339027595269383,323.0,55.1892247043364
DCA,CRW,DCA → CRW,141,21.75177304964539,20.70921985815603,0.2553191489361702,0.07801418439716312,249.0,42.47517730496454
DCA,CVG,DCA → CVG,682,12.821114369501466,12.479472140762462,0.17888563049853373,0.024926686217008796,411.0,67.7316715542522
DCA,DAB,DCA → DAB,1,36.0,22.0,1.0,0.0,705.0,113.0
DCA,DAL,DCA → DAL,639,11.610328638497652,10.779342723004694,0.18935837245696402,0.051643192488262914,1184.0,160.85758998435054
DCA,DAY,DCA → DAY,441,14.700680272108844,14.70748299319728,0.2108843537414966,0.022675736961451247,391.0,64.98639455782313
DCA,DEN,DCA → DEN,634,12.239747634069401,11.74763406940063,0.14511041009463724,0.02996845425867508,1476.0,202.79495268138803
DCA,DFW,DCA → DFW,1405,13.274021352313166,13.802846975088968,0.17295373665480426,0.04128113879003559,1192.0,163.66334519572953
DCA,DSM,DCA → DSM,251,12.876494023904382,14.637450199203187,0.2350597609561753,0.03187250996015936,897.0,129.4382470119522
DCA,DTW,DCA → DTW,1133,13.3045013239188,13.27890556045896,0.14827890556045895,0.03089143865842895,405.0,65.41747572815534
DCA,ECP,DCA → ECP,139,7.057553956834532,8.899280575539569,0.15827338129496402,0.02877697841726619,769.0,110.25179856115108
DCA,EWN,DCA → EWN,5,44.6,39.8,0.4,0.0,261.0,44.6
DCA,EWR,DCA → EWR,453,11.7682119205298,13.565121412803531,0.19426048565121412,0.04856512141280353,199.0,40.562913907284766
DCA,EYW,DCA → EYW,168,3.5476190476190474,8.160714285714286,0.21428571428571427,0.023809523809523808,1023.0,145.2797619047619
DCA,FLL,DCA → FLL,952,18.084033613445378,17.099789915966387,0.22268907563025211,0.02415966386554622,899.0,126.4453781512605
DCA,GRR,DCA → GRR,252,22.071428571428573,22.75,0.25396825396825395,0.031746031746031744,524.0,80.23412698412699
DCA,GSO,DCA → GSO,313,15.281150159744408,16.079872204472842,0.24281150159744408,0.03514376996805112,248.0,45.718849840255594
DCA,GSP,DCA → GSP,337,16.774480712166174,17.468842729970326,0.2314540059347181,0.03857566765578635,396.0,64.88724035608308
DCA,HHH,DCA → HHH,67,4.656716417910448,5.522388059701493,0.11940298507462686,0.0,501.0,80.0
DCA,HOU,DCA → HOU,390,14.105128205128205,12.676923076923076,0.17692307692307693,0.046153846153846156,1218.0,168.14358974358976
DCA,HPN,DCA → HPN,533,19.649155722326455,20.848030018761726,0.27392120075046905,0.0600375234521576,234.0,50.133208255159474
DCA,HSV,DCA → HSV,405,11.644444444444444,13.466666666666667,0.1654320987654321,0.027160493827160494,613.0,92.82716049382717
DCA,IAH,DCA → IAH,934,13.781584582441113,14.498929336188437,0.16916488222698073,0.022483940042826552,1208.0,170.63276231263384
DCA,ILM,DCA → ILM,219,13.136986301369863,15.105022831050228,0.2100456621004566,0.0365296803652968,319.0,54.75342465753425
DCA,IND,DCA → IND,716,10.261173184357542,11.289106145251397,0.13687150837988826,0.027932960893854747,500.0,79.13128491620111
DCA,JAN,DCA → JAN,122,17.30327868852459,19.959016393442624,0.28688524590163933,0.08196721311475409,860.0,118.25409836065573
DCA,JAX,DCA → JAX,649,11.437596302003081,12.258859784283514,0.1864406779661017,0.02157164869029276,634.0,95.78120184899846
DCA,JFK,DCA → JFK,986,10.114604462474645,11.773833671399593,0.1795131845841785,0.0486815415821501,213.0,43.538539553752535
DCA,LAN,DCA → LAN,128,18.8515625,18.8515625,0.1796875,0.0546875,479.0,72.1953125
DCA,LAS,DCA → LAS,132,3.4166666666666665,4.575757575757576,0.09848484848484848,0.022727272727272728,2089.0,275.3787878787879
DCA,LAX,DCA → LAX,641,13.482059282371296,14.098283931357255,0.16380655226209048,0.0093603744149766,2311.0,303.7472698907956
DCA,LEX,DCA → LEX,77,10.753246753246753,8.675324675324676,0.14285714285714285,0.06493506493506493,414.0,63.0
DCA,LGA,DCA → LGA,2523,14.397938961553706,16.63178755449861,0.21323820848196592,0.04795877923107412,214.0,41.199762187871585
DCA,LIT,DCA → LIT,115,26.191304347826087,25.565217391304348,0.2608695652173913,0.017391304347826087,888.0,127.24347826086957
DCA,MCI,DCA → MCI,626,13.37220447284345,13.384984025559106,0.18210862619808307,0.03514376996805112,949.0,135.69329073482427
DCA,MCO,DCA → MCO,1499,15.940627084723149,16.05136757838559,0.19679786524349566,0.02334889926617745,759.0,109.50100066711141
DCA,MDW,DCA → MDW,848,11.648584905660377,10.352594339622641,0.1544811320754717,0.04716981132075472,601.0,90.12735849056604
DCA,MEM,DCA → MEM,442,11.536199095022624,11.481900452488688,0.14027149321266968,0.03619909502262444,762.0,112.1606334841629
DCA,MGM,DCA → MGM,120,16.9,16.941666666666666,0.2833333333333333,0.025,693.0,101.11666666666666
DCA,MHT,DCA → MHT,401,11.211970074812967,11.685785536159601,0.18453865336658354,0.04239401496259352,406.0,62.49127182044888
DCA,MIA,DCA → MIA,1277,12.491777603758809,13.335160532498042,0.17697729052466718,0.02662490211433046,919.0,128.7971808927173
DCA,MKE,DCA → MKE,246,16.947154471544714,15.642276422764228,0.17479674796747968,0.036585365853658534,634.0,94.6178861788618
DCA,MLB,DCA → MLB,10,9.9,7.3,0.2,0.0,769.0,118.4
DCA,MSN,DCA → MSN,107,12.719626168224298,11.345794392523365,0.1308411214953271,0.0,707.0,109.23364485981308
DCA,MSP,DCA → MSP,1077,8.787372330547818,8.924791086350975,0.12534818941504178,0.025998142989786442,931.0,133.48003714020427
DCA,MSY,DCA → MSY,794,11.085642317380353,12.358942065491183,0.19395465994962216,0.037783375314861464,969.0,135.9735516372796
DCA,MVY,DCA → MVY,82,5.329268292682927,6.012195121951219,0.08536585365853659,0.012195121951219513,383.0,60.58536585365854
DCA,MYR,DCA → MYR,137,5.372262773722627,5.985401459854015,0.11678832116788321,0.043795620437956206,372.0,60.22627737226277
DCA,OKC,DCA → OKC,238,15.487394957983193,15.008403361344538,0.23109243697478993,0.046218487394957986,1158.0,160.28991596638656
DCA,OMA,DCA → OMA,214,15.64018691588785,14.616822429906541,0.18691588785046728,0.028037383177570093,1012.0,144.02336448598132
DCA,ORD,DCA → ORD,2692,12.449851411589895,12.737741456166418,0.14933135215453194,0.03603268945022288,612.0,94.58766716196136
DCA,ORF,DCA → ORF,468,16.164529914529915,16.536324786324787,0.21153846153846154,0.038461538461538464,142.0,31.621794871794872
DCA,PBI,DCA → PBI,618,13.567961165048544,15.008090614886731,0.20064724919093851,0.019417475728155338,857.0,125.11488673139158
DCA,PDX,DCA → PDX,108,16.166666666666668,17.037037037037038,0.16666666666666666,0.027777777777777776,2350.0,310.69444444444446
DCA,PHL,DCA → PHL,489,13.591002044989775,13.713701431492842,0.1554192229038855,0.032719836400818,119.0,31.03680981595092
DCA,PHX,DCA → PHX,419,16.30310262529833,16.58233890214797,0.14558472553699284,0.014319809069212411,1979.0,266.32935560859187
DCA,PIT,DCA → PIT,561,12.757575757575758,12.26559714795009,0.15151515151515152,0.0213903743315508,204.0,38.524064171122994
DCA,PNS,DCA → PNS,305,17.127868852459017,18.944262295081966,0.21311475409836064,0.03278688524590164,816.0,114.85573770491803
DCA,PVD,DCA → PVD,944,15.489406779661017,15.036016949152541,0.21610169491525424,0.0413135593220339,356.0,55.04237288135593
DCA,PWM,DCA → PWM,488,11.459016393442623,12.026639344262295,0.15778688524590165,0.02459016393442623,482.0,68.5860655737705
DCA,RDU,DCA → RDU,863,14.076477404403244,14.869061413673233,0.1853997682502897,0.030127462340672075,227.0,43.929316338354575
DCA,ROC,DCA → ROC,358,13.924581005586592,14.136871508379889,0.20391061452513967,0.0223463687150838,296.0,50.62849162011173
DCA,RSW,DCA → RSW,425,10.604705882352942,11.955294117647059,0.17647058823529413,0.03529411764705882,892.0,127.91529411764706
DCA,SAV,DCA → SAV,270,13.833333333333334,14.325925925925926,0.2222222222222222,0.05555555555555555,519.0,79.52962962962962
DCA,SBN,DCA → SBN,1,0.0,0.0,0.0,0.0,528.0,80.0
DCA,SDF,DCA → SDF,395,8.90632911392405,9.90886075949367,0.15443037974683543,0.027848101265822784,474.0,78.76455696202531
DCA,SEA,DCA → SEA,337,8.468842729970326,9.495548961424332,0.1632047477744807,0.017804154302670624,2329.0,314.24629080118694
DCA,SFO,DCA → SFO,272,22.591911764705884,21.261029411764707,0.22794117647058823,0.029411764705882353,2442.0,319.1985294117647
DCA,SJU,DCA → SJU,153,11.732026143790849,13.137254901960784,0.21568627450980393,0.006535947712418301,1554.0,195.91503267973857
DCA,SLC,DCA → SLC,146,22.773972602739725,21.65068493150685,0.1917808219178082,0.02054794520547945,1851.0,248.28082191780823
DCA,SRQ,DCA → SRQ,181,8.508287292817679,11.359116022099448,0.2154696132596685,0.016574585635359115,851.0,124.39779005524862
DCA,STL,DCA → STL,952,12.335084033613445,12.48844537815126,0.17436974789915966,0.029411764705882353,719.0,107.97478991596638
DCA,SYR,DCA → SYR,378,9.087301587301587,9.132275132275133,0.17724867724867724,0.03439153439153439,298.0,49.88095238095238
DCA,TLH,DCA → TLH,149,17.375838926174495,17.899328859060404,0.2550335570469799,0.04697986577181208,716.0,98.81208053691275
DCA,TPA,DCA → TPA,877,10.921322690992017,11.046750285062714,0.17103762827822122,0.03078677309007982,814.0,113.98859749144812
DCA,TUL,DCA → TUL,56,7.946428571428571,9.964285714285714,0.21428571428571427,0.017857142857142856,1049.0,150.625
DCA,TVC,DCA → TVC,9,1.0,1.7777777777777777,0.0,0.0,599.0,92.66666666666667
DCA,TYS,DCA → TYS,368,15.834239130434783,17.559782608695652,0.22010869565217392,0.024456521739130436,437.0,68.8125
DCA,VPS,DCA → VPS,183,8.710382513661202,10.934426229508198,0.18032786885245902,0.02185792349726776,789.0,115.44808743169399
DCA,XNA,DCA → XNA,132,22.939393939393938,25.143939393939394,0.25,0.03787878787878788,963.0,136.4469696969697
DDC,DEN,DDC → DEN,185,13.837837837837839,15.751351351351351,0.13513513513513514,0.043243243243243246,292.0,49.75135135135135
DDC,LBL,DDC → LBL,50,3.46,2.88,0.04,0.04,74.0,20.12
DEC,CGI,DEC → CGI,13,0.3076923076923077,0.8461538461538461,0.0,0.0,184.0,33.69230769230769
DEC,JLN,DEC → JLN,27,45.25925925925926,45.44444444444444,0.18518518518518517,0.0,357.0,60.96296296296296
DEC,ORD,DEC → ORD,209,21.803827751196174,21.688995215311003,0.10047846889952153,0.04784688995215311,156.0,35.07177033492823
DEC,PAH,DEC → PAH,4,9.0,8.5,0.25,0.0,191.0,36.25
DEC,SPI,DEC → SPI,5,0.0,0.0,0.0,0.0,43.0,13.0
DEC,TBN,DEC → TBN,24,23.375,21.458333333333332,0.125,0.0,228.0,44.833333333333336
DEN,ABE,DEN → ABE,1,1089.0,1080.0,1.0,0.0,1539.0,186.0
DEN,ABQ,DEN → ABQ,1085,18.13364055299539,16.612903225806452,0.22672811059907835,0.020276497695852536,349.0,52.33456221198157
DEN,ACV,DEN → ACV,110,16.87272727272727,19.972727272727273,0.2727272727272727,0.01818181818181818,1026.0,147.97272727272727
DEN,ALB,DEN → ALB,82,17.170731707317074,16.01219512195122,0.2682926829268293,0.04878048780487805,1610.0,175.9512195121951
DEN,ALS,DEN → ALS,101,14.762376237623762,13.207920792079207,0.04950495049504951,0.0594059405940594,179.0,30.277227722772277
DEN,AMA,DEN → AMA,176,10.772727272727273,9.761363636363637,0.17045454545454544,0.03977272727272727,359.0,51.90340909090909
DEN,ANC,DEN → ANC,261,17.75862068965517,17.379310344827587,0.26436781609195403,0.01532567049808429,2405.0,304.47892720306515
DEN,ASE,DEN → ASE,994,24.632796780684103,25.169014084507044,0.2686116700201207,0.08450704225352113,125.0,26.1056338028169
DEN,ATL,DEN → ATL,2616,13.107798165137615,12.89334862385321,0.19801223241590213,0.020259938837920488,1199.0,139.9051987767584
DEN,ATW,DEN → ATW,102,12.470588235294118,13.843137254901961,0.23529411764705882,0.029411764705882353,883.0,111.69607843137256
DEN,ATY,DEN → ATY,95,8.51578947368421,8.357894736842105,0.11578947368421053,0.021052631578947368,519.0,72.92631578947369
DEN,AUS,DEN → AUS,1865,13.415013404825737,12.714745308310992,0.21018766756032173,0.026273458445040216,775.0,98.8798927613941
DEN,AVL,DEN → AVL,50,18.84,19.96,0.36,0.06,1248.0,137.66
DEN,BDL,DEN → BDL,288,17.05902777777778,16.649305555555557,0.2673611111111111,0.024305555555555556,1671.0,185.90625
DEN,BFF,DEN → BFF,261,12.421455938697317,12.344827586206897,0.19923371647509577,0.022988505747126436,150.0,28.42528735632184
DEN,BFL,DEN → BFL,223,8.650224215246636,8.210762331838565,0.13901345291479822,0.03139013452914798,845.0,124.95067264573991
DEN,BFM,DEN → BFM,17,5.176470588235294,6.0,0.17647058823529413,0.0,1132.0,137.35294117647058
DEN,BHM,DEN → BHM,408,16.034313725490197,17.232843137254903,0.3088235294117647,0.012254901960784314,1083.0,130.36519607843138
DEN,BIH,DEN → BIH,18,10.944444444444445,16.444444444444443,0.3888888888888889,0.0,760.0,119.77777777777777
DEN,BIL,DEN → BIL,536,16.651119402985074,16.604477611940297,0.20708955223880596,0.009328358208955223,455.0,67.30783582089552
DEN,BIS,DEN → BIS,465,14.952688172043011,15.595698924731183,0.1913978494623656,0.017204301075268817,516.0,73.88817204301075
DEN,BKG,DEN → BKG,32,9.375,8.0625,0.1875,0.03125,665.0,82.09375
DEN,BMI,DEN → BMI,40,14.775,14.625,0.25,0.0,834.0,103.825
DEN,BNA,DEN → BNA,1502,15.01797603195739,14.27896138482024,0.22436750998668442,0.03062583222370173,1014.0,119.43209054593875
DEN,BOI,DEN → BOI,1051,16.30637488106565,14.980019029495718,0.2274024738344434,0.01807802093244529,649.0,92.45861084681256
DEN,BOS,DEN → BOS,1314,17.821156773211566,16.226788432267885,0.2511415525114155,0.02207001522070015,1754.0,196.23592085235921
DEN,BRO,DEN → BRO,1,4.0,12.0,0.0,0.0,1049.0,142.0
DEN,BTM,DEN → BTM,19,19.68421052631579,22.842105263157894,0.21052631578947367,0.0,578.0,97.26315789473684
DEN,BTV,DEN → BTV,50,11.02,10.34,0.16,0.0,1639.0,191.6
DEN,BUF,DEN → BUF,182,15.994505494505495,13.005494505494505,0.27472527472527475,0.04395604395604396,1359.0,151.7032967032967
DEN,BUR,DEN → BUR,773,16.241914618369986,14.759379042690815,0.23544631306597671,0.019404915912031046,850.0,122.07244501940491
DEN,BWI,DEN → BWI,1263,13.790973871733966,12.269992082343625,0.23198733174980204,0.04671417260490895,1491.0,164.79097387173397
DEN,BZN,DEN → BZN,994,15.732394366197184,14.924547283702212,0.22736418511066397,0.04024144869215292,524.0,76.27967806841046
DEN,CHS,DEN → CHS,300,16.37,17.996666666666666,0.32666666666666666,0.0033333333333333335,1449.0,168.69
DEN,CID,DEN → CID,459,15.673202614379084,15.671023965141613,0.2113289760348584,0.017429193899782137,692.0,86.24183006535948
DEN,CLE,DEN → CLE,786,12.59033078880407,11.39058524173028,0.22137404580152673,0.013994910941475827,1201.0,138.7468193384224
DEN,CLT,DEN → CLT,1302,11.439324116743471,11.574500768049155,0.18433179723502305,0.019969278033794162,1337.0,156.88709677419354
DEN,CMH,DEN → CMH,712,15.757022471910112,14.73314606741573,0.24157303370786518,0.028089887640449437,1154.0,133.45224719101122
DEN,CNY,DEN → CNY,221,8.53393665158371,9.180995475113122,0.14479638009049775,0.03167420814479638,283.0,46.78733031674208
DEN,COD,DEN → COD,189,15.74074074074074,17.03174603174603,0.20105820105820105,0.037037037037037035,391.0,63.93650793650794
DEN,COS,DEN → COS,1494,19.7429718875502,19.356760374832664,0.25167336010709507,0.03547523427041499,73.0,18.622489959839356
DEN,COU,DEN → COU,26,7.576923076923077,10.307692307692308,0.23076923076923078,0.11538461538461539,671.0,75.3076923076923
DEN,CPR,DEN → CPR,450,10.731111111111112,11.62,0.20222222222222222,0.035555555555555556,230.0,39.68888888888889
DEN,CVG,DEN → CVG,808,12.143564356435643,11.474009900990099,0.1943069306930693,0.01485148514851485,1069.0,127.39108910891089
DEN,CYS,DEN → CYS,115,33.96521739130435,33.17391304347826,0.17391304347826086,0.034782608695652174,90.0,19.756521739130434
DEN,DAL,DEN → DAL,1341,15.400447427293065,13.655480984340045,0.24086502609992544,0.054436987322893364,651.0,85.56674123788218
DEN,DAY,DEN → DAY,44,19.795454545454547,18.40909090909091,0.25,0.13636363636363635,1085.0,113.20454545454545
DEN,DCA,DEN → DCA,592,11.08277027027027,9.261824324324325,0.18243243243243243,0.028716216216216218,1476.0,165.90709459459458
DEN,DDC,DEN → DDC,161,6.037267080745342,7.149068322981367,0.10559006211180125,0.018633540372670808,292.0,46.01242236024845
DEN,DFW,DEN → DFW,2554,16.00548159749413,17.1327329678935,0.22200469851213783,0.028191072826938137,641.0,85.17736883320282
DEN,DIK,DEN → DIK,90,22.27777777777778,23.122222222222224,0.2111111111111111,0.022222222222222223,488.0,70.03333333333333
DEN,DRO,DEN → DRO,661,11.149773071104388,11.582450832072617,0.18910741301059,0.024205748865355523,250.821482602118,44.862329803328294
DEN,DSM,DEN → DSM,874,15.526315789473685,15.591533180778033,0.2322654462242563,0.021739130434782608,589.0,74.0183066361556
DEN,DTW,DEN → DTW,1345,13.00817843866171,12.05724907063197,0.17918215613382898,0.020817843866171002,1123.0,132.85799256505575
DEN,DVL,DEN → DVL,53,11.320754716981131,13.622641509433961,0.16981132075471697,0.018867924528301886,638.0,90.18867924528301
DEN,EAR,DEN → EAR,189,21.73015873015873,22.158730158730158,0.20105820105820105,0.037037037037037035,305.0,44.7037037037037
DEN,ECP,DEN → ECP,56,14.428571428571429,15.821428571428571,0.23214285714285715,0.03571428571428571,1250.0,151.89285714285714
DEN,EGE,DEN → EGE,427,11.63231850117096,11.47775175644028,0.18032786885245902,0.02576112412177986,120.0,25.695550351288055
DEN,ELP,DEN → ELP,576,15.432291666666666,14.609375,0.21006944444444445,0.036458333333333336,563.0,81.18402777777777
DEN,EUG,DEN → EUG,452,14.048672566371682,13.230088495575222,0.20353982300884957,0.017699115044247787,996.0,139.0
DEN,EWR,DEN → EWR,1319,19.290371493555725,19.392721758908262,0.2630780894617134,0.030326004548900682,1605.0,180.81880212282033
DEN,FAI,DEN → FAI,8,19.125,13.125,0.375,0.125,2430.0,267.0
DEN,FAR,DEN → FAR,609,17.6568144499179,18.310344827586206,0.20525451559934318,0.04597701149425287,627.0,83.13957307060755
DEN,FAT,DEN → FAT,696,16.772988505747126,15.915229885057471,0.21120689655172414,0.021551724137931036,844.0,117.47988505747126
DEN,FCA,DEN → FCA,419,12.84964200477327,12.673031026252984,0.21479713603818615,0.00954653937947494,752.0,108.79713603818615
DEN,FLG,DEN → FLG,53,9.735849056603774,9.452830188679245,0.16981132075471697,0.0,503.0,75.45283018867924
DEN,FLL,DEN → FLL,920,17.118478260869566,16.409782608695654,0.2532608695652174,0.01847826086956522,1703.0,196.85760869565217
DEN,FOD,DEN → FOD,19,3.8947368421052633,2.263157894736842,0.10526315789473684,0.10526315789473684,576.0,70.94736842105263
DEN,FSD,DEN → FSD,655,14.11145038167939,13.749618320610686,0.1969465648854962,0.03969465648854962,483.0,66.00458015267175
DEN,GCC,DEN → GCC,339,12.861356932153392,12.466076696165192,0.1415929203539823,0.04129793510324484,313.0,48.13569321533923
DEN,GEG,DEN → GEG,834,16.70863309352518,14.347721822541967,0.2314148681055156,0.017985611510791366,836.0,114.67625899280576
DEN,GJT,DEN → GJT,518,11.967181467181467,12.287644787644787,0.18146718146718147,0.03667953667953668,212.0,37.46718146718147
DEN,GRB,DEN → GRB,39,9.384615384615385,9.102564102564102,0.07692307692307693,0.0,905.0,113.64102564102564
DEN,GRR,DEN → GRR,519,13.745664739884393,12.801541425818883,0.20616570327552985,0.02697495183044316,1015.0,118.29287090558766
DEN,GSP,DEN → GSP,119,12.134453781512605,16.73109243697479,0.24369747899159663,0.025210084033613446,1278.0,152.890756302521
DEN,GTF,DEN → GTF,266,9.477443609022556,8.834586466165414,0.13157894736842105,0.007518796992481203,623.0,91.66917293233082
DEN,GUC,DEN → GUC,176,18.261363636363637,16.579545454545453,0.17045454545454544,0.056818181818181816,152.0,32.60227272727273
DEN,HDN,DEN → HDN,515,13.066019417475728,12.450485436893205,0.1825242718446602,0.031067961165048542,141.0,29.011650485436892
DEN,HLN,DEN → HLN,141,15.184397163120567,13.290780141843971,0.14893617021276595,0.03546099290780142,594.0,86.48936170212765
DEN,HNL,DEN → HNL,191,19.329842931937172,17.151832460732983,0.2356020942408377,0.015706806282722512,3365.0,399.62303664921467
DEN,HOB,DEN → HOB,30,15.033333333333333,16.8,0.16666666666666666,0.06666666666666667,501.0,68.1
DEN,HOU,DEN → HOU,1154,12.787694974003466,11.075389948006933,0.2123050259965338,0.04246100519930676,883.0,111.88128249566725
DEN,HRL,DEN → HRL,38,12.81578947368421,12.210526315789474,0.18421052631578946,0.07894736842105263,1023.0,120.23684210526316
DEN,HSV,DEN → HSV,158,16.77848101265823,19.455696202531644,0.26582278481012656,0.02531645569620253,1048.0,126.88607594936708
DEN,HYS,DEN → HYS,193,9.455958549222798,10.720207253886011,0.19689119170984457,0.046632124352331605,298.0,44.04145077720207
DEN,IAD,DEN → IAD,1280,14.81875,13.5234375,0.20859375,0.01796875,1452.0,163.66953125
DEN,IAH,DEN → IAH,2143,15.977601493233784,16.653756416238917,0.2375174988334111,0.018665422305179653,862.0,111.11945870275315
DEN,ICT,DEN → ICT,699,14.40486409155937,14.373390557939913,0.24320457796852646,0.02861230329041488,420.0,57.18454935622318
DEN,IDA,DEN → IDA,413,16.08958837772397,15.74818401937046,0.17191283292978207,0.024213075060532687,458.0,73.14043583535108
DEN,IND,DEN → IND,1043,14.180249280920421,13.445829338446789,0.2214765100671141,0.032598274209012464,977.0,113.51965484180249
DEN,JAC,DEN → JAC,519,14.558766859344894,14.354527938342967,0.2119460500963391,0.01348747591522158,406.0,64.60693641618496
DEN,JAN,DEN → JAN,11,44.27272727272727,47.09090909090909,0.2727272727272727,0.0,967.0,117.0909090909091
DEN,JAX,DEN → JAX,313,20.447284345047922,20.715654952076676,0.3035143769968051,0.01597444089456869,1447.0,168.87220447284346
DEN,JFK,DEN → JFK,557,25.763016157989227,25.755834829443447,0.2585278276481149,0.02872531418312388,1626.0,186.46858168761221
DEN,JLN,DEN → JLN,55,9.981818181818182,6.0,0.07272727272727272,0.01818181818181818,582.0,76.56363636363636
DEN,JMS,DEN → JMS,263,6.85171102661597,6.752851711026616,0.11406844106463879,0.057034220532319393,573.0,77.39923954372624
DEN,KOA,DEN → KOA,150,26.753333333333334,23.553333333333335,0.24666666666666667,0.006666666666666667,3329.0,414.29333333333335
DEN,LAR,DEN → LAR,311,16.321543408360128,16.839228295819936,0.15755627009646303,0.06430868167202572,113.0,23.832797427652732
DEN,LAS,DEN → LAS,3362,15.902439024390244,15.093991671624034,0.23289708506841167,0.03242117787031529,628.0,86.53985722784057
DEN,LAX,DEN → LAX,3270,15.349847094801223,14.01559633027523,0.19235474006116207,0.02018348623853211,862.0,116.53730886850153
DEN,LBB,DEN → LBB,269,11.12267657992565,12.256505576208179,0.20446096654275092,0.055762081784386616,456.0,61.15613382899628
DEN,LBF,DEN → LBF,253,10.762845849802371,12.075098814229248,0.13438735177865613,0.043478260869565216,228.0,36.5098814229249
DEN,LBL,DEN → LBL,212,7.599056603773585,8.716981132075471,0.15566037735849056,0.02830188679245283,280.0,45.14150943396226
DEN,LFT,DEN → LFT,3,31.0,22.333333333333332,0.3333333333333333,0.0,978.0,117.66666666666667
DEN,LGA,DEN → LGA,1797,19.12131329994435,19.302170283806344,0.27434613244296047,0.041179744017807454,1620.0,182.51864218141347
DEN,LGB,DEN → LGB,330,16.47878787878788,13.909090909090908,0.2606060606060606,0.02727272727272727,854.0,117.24242424242425
DEN,LIH,DEN → LIH,149,17.57046979865772,15.550335570469798,0.174496644295302,0.0,3414.0,428.0
DEN,LIT,DEN → LIT,372,16.18548387096774,15.631720430107526,0.25268817204301075,0.016129032258064516,771.0,97.06451612903226
DEN,LNK,DEN → LNK,105,10.552380952380952,10.866666666666667,0.1619047619047619,0.02857142857142857,423.0,58.03809523809524
DEN,LWS,DEN → LWS,70,10.8,8.457142857142857,0.17142857142857143,0.04285714285714286,768.0,110.18571428571428
DEN,MAF,DEN → MAF,415,15.616867469879518,16.325301204819276,0.1927710843373494,0.04819277108433735,563.0,75.94939759036144
DEN,MCI,DEN → MCI,1637,14.133781307269395,13.273671350030543,0.21747098350641417,0.0354306658521686,533.0,68.60537568723274
DEN,MCO,DEN → MCO,1874,16.966382070437568,16.01120597652081,0.2508004268943437,0.020277481323372464,1546.0,179.67129135538954
DEN,MDT,DEN → MDT,17,13.941176470588236,13.117647058823529,0.11764705882352941,0.0,1474.0,172.94117647058823
DEN,MDW,DEN → MDW,1430,15.396503496503497,12.576923076923077,0.22447552447552446,0.04895104895104895,895.0,106.23286713286713
DEN,MEM,DEN → MEM,563,18.0461811722913,17.101243339253998,0.26465364120781526,0.02486678507992895,872.0,106.50266429840143
DEN,MFR,DEN → MFR,340,16.944117647058825,15.9,0.23529411764705882,0.023529411764705882,964.0,134.55882352941177
DEN,MIA,DEN → MIA,849,17.214369846878682,16.607773851590107,0.23439340400471143,0.02120141342756184,1709.0,196.5288574793875
DEN,MKE,DEN → MKE,1061,15.520263901979265,14.503298774740811,0.235626767200754,0.020735155513666354,896.0,108.92459943449576
DEN,MLI,DEN → MLI,169,14.497041420118343,16.384615384615383,0.2958579881656805,0.05325443786982249,752.0,92.87573964497041
DEN,MMH,DEN → MMH,15,9.733333333333333,8.6,0.13333333333333333,0.06666666666666667,780.0,108.4
DEN,MOT,DEN → MOT,306,21.27124183006536,22.375816993464053,0.1895424836601307,0.03594771241830065,604.0,84.61764705882354
DEN,MRY,DEN → MRY,161,13.217391304347826,12.968944099378882,0.19254658385093168,0.006211180124223602,959.0,136.52173913043478
DEN,MSN,DEN → MSN,445,13.256179775280899,13.476404494382022,0.2292134831460674,0.03146067415730337,826.0,98.40449438202248
DEN,MSO,DEN → MSO,426,19.6056338028169,18.802816901408452,0.24413145539906103,0.011737089201877934,679.0,101.08450704225352
DEN,MSP,DEN → MSP,2497,14.10652783340008,13.239887865438526,0.19463356027232678,0.02523027633159792,680.0,87.07529034841811
DEN,MSY,DEN → MSY,967,14.726990692864529,14.514994829369183,0.2202688728024819,0.03619441571871768,1062.0,124.80041365046536
DEN,MTJ,DEN → MTJ,592,12.405405405405405,11.548986486486486,0.19256756756756757,0.030405405405405407,196.0,35.167229729729726
DEN,MYR,DEN → MYR,13,28.23076923076923,29.923076923076923,0.23076923076923078,0.0,1485.0,177.76923076923077
DEN,OAK,DEN → OAK,815,16.96687116564417,14.512883435582822,0.27361963190184047,0.0343558282208589,957.0,126.86625766871165
DEN,OGG,DEN → OGG,178,24.00561797752809,20.98876404494382,0.2696629213483146,0.0,3302.0,403.02247191011236
DEN,OKC,DEN → OKC,1208,18.620860927152318,18.57201986754967,0.2673841059602649,0.019867549668874173,495.0,69.00413907284768
DEN,OMA,DEN → OMA,1297,14.191210485736315,13.35543562066307,0.2058596761757903,0.01927525057825752,472.0,61.59830377794911
DEN,ONT,DEN → ONT,965,16.29222797927461,14.669430051813471,0.24766839378238342,0.022797927461139896,819.0,110.79170984455959
DEN,ORD,DEN → ORD,2767,17.60065052403325,17.64546440187929,0.23202023852547884,0.024575352367184677,888.0,109.65016263100831
DEN,ORF,DEN → ORF,230,18.943478260869565,19.217391304347824,0.29130434782608694,0.05217391304347826,1553.0,170.80869565217392
DEN,OTH,DEN → OTH,23,8.73913043478261,6.043478260869565,0.17391304347826086,0.0,1040.0,156.47826086956522
DEN,PAE,DEN → PAE,126,13.865079365079366,14.880952380952381,0.16666666666666666,0.015873015873015872,1036.0,153.5952380952381
DEN,PBI,DEN → PBI,12,6.916666666666667,9.5,0.16666666666666666,0.08333333333333333,1679.0,186.83333333333334
DEN,PDX,DEN → PDX,1669,16.49670461354104,14.404433792690234,0.23067705212702216,0.02156980227681246,991.0,135.0257639304973
DEN,PHL,DEN → PHL,1103,17.598368087035357,15.875793291024479,0.24025385312783318,0.029918404351767906,1558.0,175.03263825929284
DEN,PHX,DEN → PHX,3707,14.26031831669814,12.950094415969787,0.20474777448071216,0.03075263015915835,602.0,86.09927164823307
DEN,PIA,DEN → PIA,21,16.761904761904763,16.333333333333332,0.2857142857142857,0.09523809523809523,793.0,86.85714285714286
DEN,PIR,DEN → PIR,182,16.302197802197803,16.076923076923077,0.15934065934065933,0.04395604395604396,385.0,56.12637362637363
DEN,PIT,DEN → PIT,668,14.221556886227544,13.016467065868264,0.23802395209580837,0.011976047904191617,1290.0,147.82035928143713
DEN,PNS,DEN → PNS,126,7.873015873015873,8.722222222222221,0.1746031746031746,0.023809523809523808,1179.0,144.02380952380952
DEN,PRC,DEN → PRC,184,19.766304347826086,19.33695652173913,0.17391304347826086,0.03260869565217391,557.0,80.77173913043478
DEN,PSC,DEN → PSC,326,14.54601226993865,14.322085889570552,0.22085889570552147,0.018404907975460124,852.0,124.9601226993865
DEN,PSP,DEN → PSP,695,16.463309352517985,16.29064748201439,0.2446043165467626,0.027338129496402876,776.0,106.89496402877698
DEN,PUB,DEN → PUB,236,21.716101694915253,22.72457627118644,0.1440677966101695,0.03389830508474576,109.0,24.283898305084747
DEN,PVD,DEN → PVD,13,4.0,10.384615384615385,0.07692307692307693,0.0,1737.0,205.23076923076923
DEN,PVU,DEN → PVU,9,1.0,1.1111111111111112,0.0,0.4444444444444444,375.0,34.22222222222222
DEN,PWM,DEN → PWM,34,15.470588235294118,13.647058823529411,0.17647058823529413,0.0,1782.0,203.23529411764707
DEN,RAP,DEN → RAP,605,17.06611570247934,17.28099173553719,0.20165289256198346,0.03305785123966942,300.0,46.10909090909091
DEN,RDM,DEN → RDM,345,14.44927536231884,13.681159420289855,0.2,0.014492753623188406,898.0,129.35942028985508
DEN,RDU,DEN → RDU,770,17.754545454545454,16.32857142857143,0.2727272727272727,0.02207792207792208,1436.0,164.73246753246752
DEN,RIC,DEN → RIC,326,14.44478527607362,13.874233128834355,0.23006134969325154,0.012269938650306749,1482.0,170.85582822085888
DEN,RIW,DEN → RIW,153,7.117647058823529,8.045751633986928,0.1503267973856209,0.0392156862745098,296.0,47.3202614379085
DEN,RKS,DEN → RKS,234,17.055555555555557,17.85042735042735,0.1794871794871795,0.05555555555555555,260.0,40.6965811965812
DEN,RNO,DEN → RNO,904,15.435840707964601,13.440265486725664,0.23008849557522124,0.02654867256637168,804.0,111.35730088495575
DEN,ROC,DEN → ROC,8,7.0,12.5,0.25,0.0,1413.0,168.5
DEN,RST,DEN → RST,49,2.489795918367347,1.5714285714285714,0.061224489795918366,0.02040816326530612,686.0,90.16326530612245
DEN,RSW,DEN → RSW,355,11.71830985915493,11.033802816901408,0.18591549295774648,0.036619718309859155,1607.0,181.88732394366198
DEN,SAF,DEN → SAF,38,28.263157894736842,27.289473684210527,0.07894736842105263,0.05263157894736842,303.0,43.73684210526316
DEN,SAN,DEN → SAN,2068,12.779980657640232,11.441489361702128,0.20309477756286268,0.020309477756286266,853.0,114.9811411992263
DEN,SAT,DEN → SAT,1151,16.308427454387488,15.518679409209383,0.21807124239791487,0.02432667245873154,794.0,101.47089487402259
DEN,SAV,DEN → SAV,105,8.523809523809524,7.647619047619048,0.1619047619047619,0.01904761904761905,1414.0,165.3904761904762
DEN,SBA,DEN → SBA,520,17.653846153846153,16.611538461538462,0.225,0.025,916.0,127.87307692307692
DEN,SBP,DEN → SBP,347,15.317002881844381,16.195965417867434,0.1988472622478386,0.025936599423631124,931.0,137.9077809798271
DEN,SDF,DEN → SDF,402,19.129353233830845,18.980099502487562,0.2860696517412935,0.017412935323383085,1024.0,122.37064676616916
DEN,SEA,DEN → SEA,2934,14.954328561690525,13.598841172460805,0.21881390593047034,0.016359918200409,1024.0,144.9737559645535
DEN,SFO,DEN → SFO,2177,15.543867707854846,13.779053743683969,0.2223242994947175,0.018833256775378962,967.0,129.63344051446944
DEN,SGF,DEN → SGF,208,10.942307692307692,11.692307692307692,0.15384615384615385,0.04807692307692308,637.0,79.70673076923077
DEN,SGU,DEN → SGU,330,8.542424242424243,9.05151515151515,0.17272727272727273,0.02727272727272727,517.0,77.83333333333333
DEN,SHR,DEN → SHR,210,14.133333333333333,15.438095238095238,0.12380952380952381,0.009523809523809525,359.0,55.63333333333333
DEN,SHV,DEN → SHV,42,18.333333333333332,20.357142857142858,0.23809523809523808,0.023809523809523808,792.0,102.64285714285714
DEN,SJC,DEN → SJC,1143,13.049868766404199,11.440069991251093,0.2099737532808399,0.03237095363079615,948.0,127.55205599300088
DEN,SLC,DEN → SLC,3222,15.312849162011172,14.33302296710118,0.20732464307883303,0.022967101179391682,391.0,63.41651148355059
DEN,SLN,DEN → SLN,118,7.033898305084746,9.305084745762711,0.1440677966101695,0.03389830508474576,383.0,54.813559322033896
DEN,SMF,DEN → SMF,1545,15.824595469255664,13.876375404530744,0.22135922330097088,0.02459546925566343,909.0,124.09838187702266
DEN,SNA,DEN → SNA,1609,10.979490366687383,9.559353635798633,0.17899316345556246,0.029210689869484153,846.0,115.04288377874457
DEN,SRQ,DEN → SRQ,70,17.442857142857143,23.3,0.42857142857142855,0.04285714285714286,1531.0,179.05714285714285
DEN,STL,DEN → STL,1528,14.083769633507853,13.153795811518325,0.20353403141361257,0.030104712041884817,770.0,92.32591623036649
DEN,STS,DEN → STS,35,10.257142857142858,9.714285714285714,0.17142857142857143,0.02857142857142857,977.0,139.45714285714286
DEN,SUN,DEN → SUN,130,6.969230769230769,8.461538461538462,0.19230769230769232,0.05384615384615385,557.0,87.9
DEN,SUX,DEN → SUX,87,25.563218390804597,23.32183908045977,0.21839080459770116,0.022988505747126436,466.0,65.05747126436782
DEN,SYR,DEN → SYR,119,10.722689075630251,13.109243697478991,0.226890756302521,0.01680672268907563,1492.0,172.18487394957984
DEN,TPA,DEN → TPA,1243,13.501206757843926,12.541432019308125,0.21480289621882542,0.030571198712791632,1506.0,171.9710378117458
DEN,TUL,DEN → TUL,780,14.596153846153847,14.173076923076923,0.24871794871794872,0.021794871794871794,541.0,70.98076923076923
DEN,TUS,DEN → TUS,1008,16.481150793650794,16.10515873015873,0.25,0.017857142857142856,639.0,95.13392857142857
DEN,TVC,DEN → TVC,54,14.962962962962964,16.462962962962962,0.2777777777777778,0.0,1032.0,129.42592592592592
DEN,TWF,DEN → TWF,28,8.535714285714286,7.607142857142857,0.07142857142857142,0.0,542.0,85.57142857142857
DEN,TYR,DEN → TYR,14,10.214285714285714,6.714285714285714,0.14285714285714285,0.07142857142857142,732.0,88.07142857142857
DEN,TYS,DEN → TYS,265,13.169811320754716,14.0,0.21132075471698114,0.01509433962264151,1162.0,138.12452830188678
DEN,VEL,DEN → VEL,263,11.490494296577946,10.623574144486692,0.155893536121673,0.053231939163498096,259.0,43.00760456273764
DEN,VPS,DEN → VPS,23,2.869565217391304,4.478260869565218,0.08695652173913043,0.0,1210.0,155.17391304347825
DEN,WYS,DEN → WYS,30,6.333333333333333,6.966666666666667,0.13333333333333333,0.0,469.0,78.6
DEN,XNA,DEN → XNA,262,17.583969465648856,17.870229007633586,0.20610687022900764,0.030534351145038167,616.0,79.10687022900764
DEN,XWA,DEN → XWA,267,22.617977528089888,21.98876404494382,0.18352059925093633,0.0299625468164794,582.0,82.76779026217228
DFW,ABI,DFW → ABI,884,7.960407239819005,9.354072398190045,0.15271493212669685,0.026018099547511313,158.0,30.81787330316742
DFW,ABQ,DFW → ABQ,1036,14.016409266409266,14.006756756756756,0.22972972972972974,0.03185328185328185,569.0,82.35521235521236
DFW,ACT,DFW → ACT,675,7.746666666666667,8.272592592592593,0.11703703703703704,0.03259259259259259,89.0,20.251851851851853
DFW,AEX,DFW → AEX,497,5.346076458752515,6.714285714285714,0.12877263581488935,0.030181086519114688,285.0,44.99195171026157
DFW,AGS,DFW → AGS,199,13.924623115577889,16.33668341708543,0.20100502512562815,0.03015075376884422,874.0,106.12060301507537
DFW,AMA,DFW → AMA,987,15.058763931104357,15.870314083080041,0.1894630192502533,0.05065856129685917,312.0,48.782168186423505
DFW,ANC,DFW → ANC,106,27.72641509433962,26.764150943396228,0.25471698113207547,0.009433962264150943,3043.0,374.9811320754717
DFW,ASE,DFW → ASE,452,16.51769911504425,19.951327433628318,0.252212389380531,0.0420353982300885,701.0,109.77876106194691
DFW,ATL,DFW → ATL,2755,15.11179673321234,15.197822141560799,0.1927404718693285,0.02250453720508167,731.0,94.01597096188748
DFW,AUS,DFW → AUS,1868,15.242505353319057,17.109207708779444,0.24411134903640258,0.034261241970021415,190.0,35.064775160599574
DFW,AVL,DFW → AVL,227,11.066079295154186,13.039647577092511,0.2026431718061674,0.022026431718061675,848.0,106.19823788546256
DFW,BDL,DFW → BDL,227,21.07488986784141,19.211453744493394,0.2775330396475771,0.02643171806167401,1471.0,172.1762114537445
DFW,BFL,DFW → BFL,288,26.23611111111111,26.600694444444443,0.2604166666666667,0.024305555555555556,1271.0,171.79513888888889
DFW,BGR,DFW → BGR,6,11.166666666666666,6.833333333333333,0.16666666666666666,0.0,1717.0,205.5
DFW,BHM,DFW → BHM,843,18.905100830367733,20.047449584816132,0.25741399762752076,0.05812574139976275,597.0,74.44602609727166
DFW,BIL,DFW → BIL,265,6.10188679245283,6.781132075471698,0.1471698113207547,0.0037735849056603774,1081.0,149.67169811320755
DFW,BIS,DFW → BIS,265,16.2188679245283,16.20377358490566,0.17735849056603772,0.022641509433962263,977.0,129.1811320754717
DFW,BKG,DFW → BKG,2,29.5,27.0,0.5,0.0,332.0,50.5
DFW,BMI,DFW → BMI,267,25.629213483146067,25.722846441947567,0.26591760299625467,0.04119850187265917,690.0,87.7378277153558
DFW,BNA,DFW → BNA,1194,16.647403685092126,16.829145728643216,0.2185929648241206,0.036013400335008376,631.0,79.48911222780569
DFW,BOI,DFW → BOI,392,10.540816326530612,11.188775510204081,0.20918367346938777,0.025510204081632654,1272.0,170.32142857142858
DFW,BOS,DFW → BOS,1364,20.480205278592376,18.79692082111437,0.2280058651026393,0.0373900293255132,1562.0,180.17888563049854
DFW,BPT,DFW → BPT,411,5.625304136253042,5.912408759124087,0.09732360097323602,0.046228710462287104,270.0,49.50608272506083
DFW,BRO,DFW → BRO,514,8.861867704280156,9.15953307392996,0.15953307392996108,0.029182879377431907,482.0,69.32879377431907
DFW,BTR,DFW → BTR,817,8.077111383108935,9.208078335373317,0.13953488372093023,0.030599755201958383,383.0,55.97674418604651
DFW,BTV,DFW → BTV,11,4.909090909090909,4.7272727272727275,0.18181818181818182,0.0,1510.0,186.45454545454547
DFW,BUF,DFW → BUF,177,19.84180790960452,20.293785310734464,0.3333333333333333,0.02824858757062147,1212.0,143.63276836158192
DFW,BUR,DFW → BUR,277,14.945848375451263,16.42960288808664,0.2888086642599278,0.021660649819494584,1231.0,170.8158844765343
DFW,BWI,DFW → BWI,694,13.698847262247838,13.579250720461095,0.2219020172910663,0.03314121037463977,1217.0,143.26368876080693
DFW,BZN,DFW → BZN,264,21.113636363636363,21.439393939393938,0.2159090909090909,0.015151515151515152,1163.0,160.65530303030303
DFW,CAE,DFW → CAE,361,15.130193905817174,16.263157894736842,0.2631578947368421,0.036011080332409975,922.0,108.61495844875347
DFW,CHA,DFW → CHA,435,9.816091954022989,10.533333333333333,0.15862068965517243,0.027586206896551724,695.0,89.2367816091954
DFW,CHS,DFW → CHS,508,17.492125984251967,18.505905511811022,0.25,0.03543307086614173,987.0,117.04527559055119
DFW,CID,DFW → CID,523,17.196940726577438,16.982791586998086,0.20267686424474188,0.05736137667304015,685.0,87.53537284894837
DFW,CLE,DFW → CLE,650,14.672307692307692,14.88,0.24,0.027692307692307693,1021.0,124.50923076923077
DFW,CLL,DFW → CLL,593,8.898819561551434,9.114671163575043,0.1163575042158516,0.0387858347386172,164.0,31.24451939291737
DFW,CLT,DFW → CLT,1664,16.087139423076923,15.010817307692308,0.19771634615384615,0.017427884615384616,936.0,116.49338942307692
DFW,CMH,DFW → CMH,639,22.28638497652582,21.959311424100157,0.24569640062597808,0.028169014084507043,926.0,113.79499217527386
DFW,CMI,DFW → CMI,321,10.046728971962617,11.09968847352025,0.1806853582554517,0.024922118380062305,692.1993769470405,92.8411214953271
DFW,COS,DFW → COS,856,13.01518691588785,13.115654205607477,0.20677570093457945,0.02336448598130841,592.0,88.33528037383178
DFW,COU,DFW → COU,423,13.789598108747045,14.125295508274231,0.18203309692671396,0.04491725768321513,489.177304964539,67.25295508274232
DFW,CRP,DFW → CRP,1028,9.358949416342412,10.658560311284047,0.16245136186770429,0.037937743190661476,354.0,56.08949416342413
DFW,CSG,DFW → CSG,57,5.87719298245614,6.842105263157895,0.17543859649122806,0.05263157894736842,705.0,89.19298245614036
DFW,CVG,DFW → CVG,858,13.986013986013987,13.652680652680653,0.2097902097902098,0.01282051282051282,812.0,102.81002331002331
DFW,CYS,DFW → CYS,70,16.085714285714285,14.157142857142857,0.07142857142857142,0.014285714285714285,713.0,103.87142857142857
DFW,DAB,DFW → DAB,48,6.229166666666667,6.333333333333333,0.16666666666666666,0.0625,981.0,113.85416666666667
DFW,DAY,DFW → DAY,529,10.028355387523629,10.801512287334594,0.17013232514177692,0.03213610586011342,861.0,106.78638941398866
DFW,DCA,DFW → DCA,1319,13.69598180439727,13.109931766489765,0.1956027293404094,0.03866565579984837,1192.0,139.14708112206216
DFW,DEN,DFW → DEN,2564,15.476599063962558,16.40210608424337,0.2297191887675507,0.03159126365054602,641.0,93.8280031201248
DFW,DRO,DFW → DRO,502,16.8804780876494,17.121513944223107,0.1852589641434263,0.037848605577689244,674.0,94.59561752988049
DFW,DRT,DFW → DRT,268,11.074626865671641,11.328358208955224,0.12313432835820895,0.029850746268656716,335.0,58.115671641791046
DFW,DSM,DFW → DSM,585,18.242735042735042,18.4,0.22735042735042735,0.02905982905982906,624.0,83.52136752136752
DFW,DTW,DFW → DTW,1546,12.241267787839586,11.071151358344114,0.1759379042690815,0.018111254851228976,986.0,123.11384217335058
DFW,ECP,DFW → ECP,399,21.105263157894736,22.641604010025063,0.2807017543859649,0.020050125313283207,685.0,88.0701754385965
DFW,EGE,DFW → EGE,326,24.006134969325153,24.542944785276074,0.26993865030674846,0.04294478527607362,721.0,109.26687116564418
DFW,ELP,DFW → ELP,1322,18.828290468986385,18.76021180030257,0.24659606656580937,0.03555219364599092,551.0,76.85400907715582
DFW,EUG,DFW → EUG,75,25.026666666666667,22.093333333333334,0.24,0.02666666666666667,1606.0,211.97333333333333
DFW,EVV,DFW → EVV,340,8.697058823529412,9.376470588235295,0.13823529411764707,0.023529411764705882,642.0,84.4235294117647
DFW,EWR,DFW → EWR,1390,17.690647482014388,18.498561151079137,0.24244604316546764,0.04460431654676259,1372.0,163.24460431654677
DFW,EYW,DFW → EYW,225,26.946666666666665,28.58222222222222,0.2222222222222222,0.035555555555555556,1089.0,134.93333333333334
DFW,FAI,DFW → FAI,11,22.0,15.181818181818182,0.36363636363636365,0.09090909090909091,3056.0,346.8181818181818
DFW,FAR,DFW → FAR,307,9.781758957654723,9.859934853420196,0.1465798045602606,0.04234527687296417,968.0,123.40390879478828
DFW,FAT,DFW → FAT,531,17.00376647834275,16.2090395480226,0.23728813559322035,0.026365348399246705,1313.0,176.69679849340866
DFW,FAY,DFW → FAY,75,11.693333333333333,12.226666666666667,0.21333333333333335,0.05333333333333334,1051.0,121.69333333333333
DFW,FCA,DFW → FCA,76,7.565789473684211,10.644736842105264,0.15789473684210525,0.013157894736842105,1390.0,185.22368421052633
DFW,FLG,DFW → FLG,289,15.03114186851211,14.778546712802768,0.19377162629757785,0.02768166089965398,853.0,117.38754325259515
DFW,FLL,DFW → FLL,1309,16.14744079449962,16.450725744843393,0.2452253628724217,0.02215431627196333,1119.0,136.5477463712758
DFW,FSD,DFW → FSD,412,21.961165048543688,23.53640776699029,0.25728155339805825,0.04854368932038835,737.0,95.91504854368932
DFW,FSM,DFW → FSM,628,12.214968152866241,12.337579617834395,0.14968152866242038,0.03503184713375796,227.0,39.195859872611464
DFW,FWA,DFW → FWA,347,14.09221902017291,13.92507204610951,0.19596541786743515,0.01440922190201729,859.0,107.45821325648414
DFW,GCK,DFW → GCK,331,10.743202416918429,11.851963746223564,0.13595166163141995,0.02416918429003021,404.0,64.82477341389728
DFW,GEG,DFW → GEG,232,27.814655172413794,28.767241379310345,0.3146551724137931,0.021551724137931036,1477.0,195.84913793103448
DFW,GGG,DFW → GGG,397,7.090680100755668,7.9294710327455915,0.10831234256926953,0.04030226700251889,140.0,26.61712846347607
DFW,GJT,DFW → GJT,484,8.305785123966942,9.535123966942148,0.16115702479338842,0.006198347107438017,773.0,112.6797520661157
DFW,GNV,DFW → GNV,263,9.319391634980988,11.566539923954373,0.22053231939163498,0.011406844106463879,900.0,114.27756653992395
DFW,GPT,DFW → GPT,415,12.855421686746988,14.065060240963856,0.13975903614457832,0.05542168674698795,500.0,65.42409638554217
DFW,GRB,DFW → GRB,2,0.0,0.0,0.0,0.0,932.0,115.0
DFW,GRI,DFW → GRI,362,5.544198895027624,6.0220994475138125,0.12430939226519337,0.027624309392265192,561.0,81.0524861878453
DFW,GRK,DFW → GRK,961,8.629552549427679,8.312174817898024,0.14776274713839752,0.053069719042663895,134.0,27.798126951092613
DFW,GRR,DFW → GRR,453,14.754966887417218,15.487858719646798,0.22958057395143489,0.033112582781456956,931.0,115.32671081677704
DFW,GSO,DFW → GSO,390,14.65128205128205,14.656410256410256,0.2153846153846154,0.020512820512820513,999.0,120.58205128205128
DFW,GSP,DFW → GSP,369,14.661246612466124,15.436314363143632,0.2140921409214092,0.02981029810298103,862.0,106.21138211382114
DFW,GUC,DFW → GUC,62,16.580645161290324,16.838709677419356,0.1774193548387097,0.06451612903225806,678.0,101.51612903225806
DFW,HDN,DFW → HDN,71,6.943661971830986,9.267605633802816,0.2112676056338028,0.014084507042253521,769.0,121.16901408450704
DFW,HHH,DFW → HHH,10,8.6,24.1,0.3,0.1,954.0,113.0
DFW,HNL,DFW → HNL,306,13.673202614379084,13.294117647058824,0.20915032679738563,0.013071895424836602,3784.0,455.91830065359477
DFW,HOU,DFW → HOU,1009,22.282457879088206,23.82457879088206,0.24281466798810702,0.061446977205153616,247.0,44.31119920713578
DFW,HRL,DFW → HRL,515,9.036893203883496,10.019417475728156,0.13009708737864079,0.031067961165048542,461.0,66.66796116504854
DFW,HSV,DFW → HSV,768,11.009114583333334,11.68359375,0.16536458333333334,0.046875,603.0,76.0234375
DFW,IAD,DFW → IAD,761,16.014454664914584,16.458607095926414,0.2102496714848883,0.035479632063074903,1172.0,138.68856767411302
DFW,IAH,DFW → IAH,2540,15.156692913385827,16.699606299212597,0.2200787401574803,0.03740157480314961,224.0,42.05275590551181
DFW,ICT,DFW → ICT,937,17.27854855923159,17.632870864461047,0.23372465314834578,0.03948772678762007,328.0,51.74599786552828
DFW,IDA,DFW → IDA,130,23.446153846153845,23.246153846153845,0.2076923076923077,0.023076923076923078,1095.0,147.93076923076924
DFW,ILM,DFW → ILM,263,12.726235741444867,13.315589353612168,0.21292775665399238,0.030418250950570342,1106.0,129.1254752851711
DFW,IND,DFW → IND,773,16.479948253557566,15.79301423027167,0.23285899094437257,0.050452781371280724,761.0,95.42432082794308
DFW,JAC,DFW → JAC,262,8.553435114503817,9.477099236641221,0.15648854961832062,0.019083969465648856,1047.0,144.64503816793894
DFW,JAN,DFW → JAN,902,12.329268292682928,13.422394678492239,0.17960088691796008,0.03547671840354767,408.0,56.291574279379155
DFW,JAX,DFW → JAX,806,14.155086848635236,14.724565756823822,0.2456575682382134,0.02729528535980149,918.0,110.92183622828784
DFW,JFK,DFW → JFK,712,17.64325842696629,18.046348314606742,0.2401685393258427,0.025280898876404494,1391.0,175.00702247191012
DFW,JLN,DFW → JLN,194,6.329896907216495,8.881443298969073,0.11855670103092783,0.041237113402061855,327.0,51.42783505154639
DFW,KOA,DFW → KOA,62,16.080645161290324,12.0,0.1774193548387097,0.0,3724.0,459.14516129032256
DFW,LAS,DFW → LAS,2394,18.572263993316625,18.695488721804512,0.2619047619047619,0.024644945697577275,1055.0,141.95989974937342
DFW,LAW,DFW → LAW,536,9.781716417910447,10.472014925373134,0.13432835820895522,0.054104477611940295,140.0,29.90671641791045
DFW,LAX,DFW → LAX,2937,15.610146407899217,14.635342185903983,0.20054477357848144,0.020088525706503234,1235.0,163.779366700715
DFW,LBB,DFW → LBB,1039,13.8334937439846,14.437921077959576,0.18286814244465832,0.04908565928777671,282.0,45.06641000962464
DFW,LCH,DFW → LCH,443,8.559819413092551,9.690744920993229,0.15124153498871332,0.03160270880361174,295.0,49.66591422121896
DFW,LEX,DFW → LEX,463,9.775377969762419,10.248380129589632,0.1879049676025918,0.032397408207343416,785.0,99.6976241900648
DFW,LFT,DFW → LFT,735,16.46938775510204,17.76326530612245,0.19727891156462585,0.04353741496598639,351.0,53.565986394557825
DFW,LGA,DFW → LGA,2497,15.649579495394473,15.114937925510613,0.2146575891069283,0.03524229074889868,1389.0,166.39287144573487
DFW,LGB,DFW → LGB,31,5.806451612903226,7.32258064516129,0.12903225806451613,0.03225806451612903,1221.0,164.96774193548387
DFW,LIT,DFW → LIT,1203,9.58021612635079,10.909393183707397,0.1770573566084788,0.02660016625103907,304.0,47.21030756442228
DFW,LRD,DFW → LRD,617,9.750405186385738,10.108589951377633,0.1458670988654781,0.027552674230145867,396.0,59.86385737439222
DFW,MAF,DFW → MAF,1110,12.635135135135135,13.418018018018017,0.2045045045045045,0.04504504504504504,309.0,48.49009009009009
DFW,MCI,DFW → MCI,1097,14.453965360072926,14.436645396536008,0.19781221513217867,0.040109389243391066,460.0,65.897903372835
DFW,MCO,DFW → MCO,1986,19.498489425981873,20.099697885196374,0.2618328298086606,0.03121852970795569,985.0,122.85699899295065
DFW,MDT,DFW → MDT,153,11.581699346405228,12.222222222222221,0.23529411764705882,0.032679738562091505,1231.0,142.94771241830065
DFW,MDW,DFW → MDW,45,36.75555555555555,36.51111111111111,0.35555555555555557,0.06666666666666667,797.0,101.53333333333333
DFW,MEI,DFW → MEI,50,19.78,19.58,0.16,0.02,485.0,67.94
DFW,MEM,DFW → MEM,1107,16.08130081300813,16.758807588075882,0.24299909665763325,0.028906955736224028,431.0,62.402890695573625
DFW,MFE,DFW → MFE,1037,19.51301832208293,19.812921890067503,0.24783027965284474,0.044358727097396335,469.0,66.68659594985535
DFW,MGM,DFW → MGM,407,19.457002457002456,20.717444717444717,0.24815724815724816,0.029484029484029485,622.0,79.96805896805897
DFW,MHK,DFW → MHK,449,10.915367483296214,11.447661469933184,0.1514476614699332,0.0334075723830735,431.0,63.487750556792875
DFW,MIA,DFW → MIA,1764,17.715419501133788,17.57766439909297,0.2494331065759637,0.023242630385487528,1121.0,134.68650793650792
DFW,MKE,DFW → MKE,512,16.044921875,14.564453125,0.2265625,0.037109375,853.0,108.099609375
DFW,MLB,DFW → MLB,2,0.0,0.0,0.0,0.0,1031.0,116.5
DFW,MLI,DFW → MLI,319,17.545454545454547,17.884012539184955,0.2006269592476489,0.034482758620689655,691.0,88.47335423197492
DFW,MLU,DFW → MLU,443,8.239277652370204,9.53273137697517,0.12641083521444696,0.033860045146726865,293.0,45.38374717832957
DFW,MOB,DFW → MOB,511,13.397260273972602,14.309197651663405,0.18003913894324852,0.033268101761252444,539.0,71.25831702544032
DFW,MRY,DFW → MRY,227,8.290748898678414,9.022026431718063,0.15418502202643172,0.013215859030837005,1430.0,196.41409691629957
DFW,MSN,DFW → MSN,449,20.07795100222717,19.728285077951004,0.23162583518930957,0.031180400890868598,821.0,103.89086859688196
DFW,MSO,DFW → MSO,237,8.776371308016877,10.354430379746836,0.2109704641350211,0.004219409282700422,1320.0,182.47679324894514
DFW,MSP,DFW → MSP,1564,14.529411764705882,14.368286445012787,0.1867007672634271,0.01918158567774936,852.0,113.54475703324808
DFW,MSY,DFW → MSY,1257,16.749403341288783,17.7326968973747,0.25855210819411295,0.035003977724741446,447.0,61.536197295147176
DFW,MTJ,DFW → MTJ,266,15.161654135338345,15.06015037593985,0.17669172932330826,0.03759398496240601,722.0,103.27443609022556
DFW,MYR,DFW → MYR,162,16.493827160493826,16.296296296296298,0.24691358024691357,0.012345679012345678,1048.0,127.40123456790124
DFW,OAK,DFW → OAK,28,4.642857142857143,6.571428571428571,0.17857142857142858,0.0,1457.0,196.85714285714286
DFW,OGG,DFW → OGG,282,16.095744680851062,17.606382978723403,0.20921985815602837,0.010638297872340425,3711.0,451.0
DFW,OKC,DFW → OKC,1313,14.3008377760853,14.063214013709063,0.2124904798172125,0.046458492003046456,175.0,34.08530083777609
DFW,OMA,DFW → OMA,639,15.236306729264475,14.929577464788732,0.2269170579029734,0.04381846635367762,583.0,78.93270735524257
DFW,ONT,DFW → ONT,944,17.484110169491526,17.265889830508474,0.2701271186440678,0.02754237288135593,1188.0,156.85487288135593
DFW,ORD,DFW → ORD,2813,15.693210095982936,15.069321009598294,0.20049768929968007,0.03199431212228937,801.2296480625666,104.84678279416993
DFW,ORF,DFW → ORF,388,17.65721649484536,17.286082474226806,0.23195876288659795,0.030927835051546393,1212.0,142.07731958762886
DFW,PBI,DFW → PBI,443,11.534988713318285,12.142212189616252,0.21896162528216703,0.020316027088036117,1102.0,134.941309255079
DFW,PDX,DFW → PDX,867,15.78085351787774,15.08881199538639,0.23760092272202998,0.02883506343713956,1616.0,210.44290657439447
DFW,PHL,DFW → PHL,1416,19.49223163841808,18.326977401129945,0.23022598870056496,0.04307909604519774,1303.0,153.2521186440678
DFW,PHX,DFW → PHX,1931,16.858104609010876,16.372345934748836,0.23562920766442258,0.02278612118073537,868.0,123.53236664940445
DFW,PIA,DFW → PIA,309,19.398058252427184,19.993527508090615,0.2621359223300971,0.04854368932038835,672.0,84.10355987055016
DFW,PIB,DFW → PIB,77,17.38961038961039,16.61038961038961,0.19480519480519481,0.05194805194805195,462.0,62.09090909090909
DFW,PIT,DFW → PIT,652,14.969325153374234,14.378834355828221,0.21779141104294478,0.02147239263803681,1067.0,128.9478527607362
DFW,PNS,DFW → PNS,750,17.14,18.221333333333334,0.252,0.04933333333333333,604.0,76.96666666666667
DFW,PSP,DFW → PSP,420,14.907142857142857,15.530952380952382,0.23333333333333334,0.02619047619047619,1126.0,153.3190476190476
DFW,PWM,DFW → PWM,22,18.545454545454547,17.681818181818183,0.2727272727272727,0.045454545454545456,1622.0,187.86363636363637
DFW,RAP,DFW → RAP,411,16.54014598540146,17.15815085158151,0.20924574209245742,0.031630170316301706,835.0,111.10705596107056
DFW,RDU,DFW → RDU,892,14.292600896860986,14.06390134529148,0.22309417040358745,0.03923766816143498,1061.0,128.1109865470852
DFW,RIC,DFW → RIC,378,18.219576719576718,17.656084656084655,0.21428571428571427,0.021164021164021163,1158.0,136.75132275132276
DFW,RNO,DFW → RNO,507,11.934911242603551,11.613412228796845,0.1952662721893491,0.021696252465483234,1345.0,179.99802761341223
DFW,ROC,DFW → ROC,1,0.0,0.0,0.0,0.0,1265.0,151.0
DFW,ROW,DFW → ROW,390,10.582051282051282,10.592307692307692,0.12564102564102564,0.03076923076923077,435.0,65.23333333333333
DFW,RSW,DFW → RSW,612,15.28921568627451,15.57516339869281,0.22712418300653595,0.03431372549019608,1017.0,124.15849673202614
DFW,SAF,DFW → SAF,545,13.809174311926606,14.770642201834862,0.1779816513761468,0.023853211009174313,551.0,81.98715596330275
DFW,SAN,DFW → SAN,1430,15.267832167832168,15.618881118881118,0.25384615384615383,0.03146853146853147,1171.0,154.3972027972028
DFW,SAT,DFW → SAT,1565,16.073482428115017,16.484984025559104,0.22492012779552717,0.043450479233226834,247.0,43.04664536741214
DFW,SAV,DFW → SAV,361,21.1994459833795,20.493074792243767,0.2548476454293629,0.019390581717451522,925.0,111.54847645429363
DFW,SBA,DFW → SBA,333,16.474474474474473,17.255255255255257,0.24924924924924924,0.018018018018018018,1316.0,177.27627627627626
DFW,SBN,DFW → SBN,358,18.35754189944134,18.304469273743017,0.2206703910614525,0.019553072625698324,846.0,108.15083798882682
DFW,SBP,DFW → SBP,249,14.200803212851406,15.220883534136545,0.20481927710843373,0.008032128514056224,1360.0,187.60642570281124
DFW,SDF,DFW → SDF,866,17.497690531177827,17.862586605080832,0.21247113163972287,0.02771362586605081,733.0,94.10046189376443
DFW,SEA,DFW → SEA,1709,14.043300175541253,13.964891749561147,0.23756582796957285,0.023405500292568753,1660.0,220.2919836161498
DFW,SFO,DFW → SFO,1641,21.008531383302863,20.17001828153565,0.26142595978062155,0.031687995124923825,1464.0,192.89031078610603
DFW,SGF,DFW → SGF,1088,10.564338235294118,11.346507352941176,0.15441176470588236,0.015625,364.0,55.44485294117647
DFW,SGU,DFW → SGU,74,13.243243243243244,15.22972972972973,0.21621621621621623,0.013513513513513514,976.0,135.72972972972974
DFW,SHV,DFW → SHV,935,8.675935828877005,9.749732620320856,0.14545454545454545,0.04385026737967915,190.0,33.12513368983957
DFW,SJC,DFW → SJC,521,13.850287907869482,13.66602687140115,0.236084452975048,0.01727447216890595,1438.0,193.30134357005758
DFW,SJT,DFW → SJT,752,4.910904255319149,5.80186170212766,0.1023936170212766,0.0398936170212766,229.0,40.371010638297875
DFW,SJU,DFW → SJU,226,25.3141592920354,23.650442477876105,0.2610619469026549,0.022123893805309734,2165.0,243.8849557522124
DFW,SLC,DFW → SLC,1669,18.18394248052726,17.916117435590174,0.22168963451168364,0.02696225284601558,989.0,135.20730976632714
DFW,SMF,DFW → SMF,737,20.683853459972863,19.08955223880597,0.27951153324287653,0.027137042062415198,1431.0,188.52645861601084
DFW,SNA,DFW → SNA,1328,9.204066265060241,9.750753012048193,0.18298192771084337,0.036897590361445784,1205.0,160.2899096385542
DFW,SPI,DFW → SPI,290,15.948275862068966,16.16896551724138,0.13793103448275862,0.017241379310344827,630.0,86.08620689655173
DFW,SPS,DFW → SPS,498,3.602409638554217,4.7269076305220885,0.08634538152610442,0.05421686746987952,113.0,26.815261044176708
DFW,SRQ,DFW → SRQ,176,11.329545454545455,12.465909090909092,0.23295454545454544,0.017045454545454544,945.0,120.69886363636364
DFW,STL,DFW → STL,1043,16.60019175455417,16.052732502396932,0.21668264621284755,0.03355704697986577,550.0,74.98849472674976
DFW,STS,DFW → STS,135,3.3185185185185184,6.333333333333333,0.14814814814814814,0.0,1495.0,208.5037037037037
DFW,STT,DFW → STT,47,12.446808510638299,12.638297872340425,0.23404255319148937,0.0,2225.0,262.93617021276594
DFW,SUX,DFW → SUX,48,12.854166666666666,13.583333333333334,0.22916666666666666,0.020833333333333332,657.0,93.625
DFW,SWO,DFW → SWO,337,8.00593471810089,8.910979228486648,0.12759643916913946,0.032640949554896145,225.0,39.51632047477745
DFW,SYR,DFW → SYR,80,27.8,27.9,0.3625,0.0125,1336.0,157.9
DFW,TLH,DFW → TLH,412,11.95873786407767,12.766990291262136,0.1941747572815534,0.043689320388349516,767.0,93.89563106796116
DFW,TPA,DFW → TPA,1318,16.943854324734446,17.059939301972687,0.2306525037936267,0.036418816388467376,929.0,114.6752655538695
DFW,TRI,DFW → TRI,243,9.25925925925926,9.218106995884774,0.1646090534979424,0.0205761316872428,868.0,106.54320987654322
DFW,TUL,DFW → TUL,1292,16.0874613003096,16.061145510835914,0.1996904024767802,0.04256965944272446,237.0,40.46749226006192
DFW,TUS,DFW → TUS,991,15.60443995963673,15.67204843592331,0.25731584258324924,0.03733602421796166,813.0,111.5640766902119
DFW,TVC,DFW → TVC,72,26.333333333333332,28.90277777777778,0.20833333333333334,0.0,1022.0,134.45833333333334
DFW,TXK,DFW → TXK,533,10.302063789868669,10.637898686679174,0.1350844277673546,0.0375234521575985,181.0,32.70544090056285
DFW,TYR,DFW → TYR,604,7.905629139072848,8.27317880794702,0.12748344370860928,0.04966887417218543,102.0,22.385761589403973
DFW,TYS,DFW → TYS,635,16.513385826771653,17.826771653543307,0.2078740157480315,0.04409448818897638,771.1606299212599,93.87244094488189
DFW,VPS,DFW → VPS,731,14.355677154582763,15.560875512995896,0.24076607387140903,0.04514363885088919,641.0,81.98495212038304
DFW,XNA,DFW → XNA,1261,10.082474226804123,11.02934179222839,0.1570182394924663,0.02775574940523394,280.0,45.394131641554324
DFW,YUM,DFW → YUM,189,20.947089947089946,22.16931216931217,0.2328042328042328,0.026455026455026454,1022.0,140.7037037037037
DHN,ATL,DHN → ATL,483,8.219461697722567,8.229813664596273,0.12215320910973085,0.006211180124223602,170.0,35.94616977225673
DIK,DEN,DIK → DEN,86,17.290697674418606,18.069767441860463,0.1511627906976744,0.023255813953488372,488.0,75.4186046511628
DLG,AKN,DLG → AKN,6,11.166666666666666,5.5,0.3333333333333333,0.16666666666666666,71.0,15.666666666666666
DLG,ANC,DLG → ANC,131,10.572519083969466,12.030534351145038,0.2595419847328244,0.04580152671755725,329.0,48.67175572519084
DLH,MSP,DLH → MSP,703,12.49217638691323,12.014224751066857,0.13086770981507823,0.02702702702702703,144.0,33.364153627311524
DLH,ORD,DLH → ORD,290,18.927586206896553,19.120689655172413,0.1793103448275862,0.05517241379310345,397.0,66.9448275862069
DRO,DEN,DRO → DEN,668,15.781437125748504,18.4625748502994,0.2155688622754491,0.0374251497005988,250.8488023952096,44.80688622754491
DRO,DFW,DRO → DFW,506,16.205533596837945,17.033596837944664,0.18181818181818182,0.029644268774703556,674.0,87.78260869565217
DRO,IAH,DRO → IAH,2,0.0,0.0,0.0,0.0,869.0,116.5
DRO,LAS,DRO → LAS,6,0.0,9.0,0.16666666666666666,0.0,418.0,63.833333333333336
DRO,LAX,DRO → LAX,7,2.4285714285714284,1.4285714285714286,0.0,0.0,639.1428571428571,91.28571428571429
DRO,ORD,DRO → ORD,3,0.0,4.333333333333333,0.0,0.0,1107.0,148.0
DRO,PHX,DRO → PHX,364,13.75,14.744505494505495,0.13186813186813187,0.01098901098901099,351.4120879120879,56.752747252747255
DRO,SLC,DRO → SLC,27,8.222222222222221,14.074074074074074,0.25925925925925924,0.0,339.0,60.888888888888886
DRT,DFW,DRT → DFW,280,12.960714285714285,13.817857142857143,0.16785714285714284,0.025,335.0,53.52857142857143
DSM,ATL,DSM → ATL,468,12.14102564102564,12.739316239316238,0.11538461538461539,0.01282051282051282,743.0,96.51495726495726
DSM,AUS,DSM → AUS,16,10.375,10.875,0.25,0.0,813.0,107.75
DSM,AZA,DSM → AZA,74,21.7027027027027,22.824324324324323,0.24324324324324326,0.013513513513513514,1137.2972972972973,154.45945945945945
DSM,BNA,DSM → BNA,36,12.13888888888889,17.083333333333332,0.3055555555555556,0.05555555555555555,530.0,69.69444444444444
DSM,CLT,DSM → CLT,422,14.068720379146919,15.21563981042654,0.11374407582938388,0.011848341232227487,815.0,109.50473933649289
DSM,DCA,DSM → DCA,269,5.925650557620818,7.609665427509293,0.11524163568773234,0.022304832713754646,897.0,112.33457249070632
DSM,DEN,DSM → DEN,872,9.76834862385321,11.277522935779816,0.1536697247706422,0.02408256880733945,589.0,88.33256880733946
DSM,DFW,DSM → DFW,583,15.428816466552316,15.735849056603774,0.2144082332761578,0.04288164665523156,624.0,90.13207547169812
DSM,DTW,DSM → DTW,449,4.5300668151447665,5.035634743875279,0.0801781737193764,0.0066815144766146995,533.7661469933184,75.6347438752784
DSM,EWR,DSM → EWR,13,5.846153846153846,5.923076923076923,0.07692307692307693,0.0,1017.0,126.84615384615384
DSM,FLL,DSM → FLL,14,5.857142857142857,8.642857142857142,0.21428571428571427,0.0,1315.5714285714287,162.78571428571428
DSM,HOU,DSM → HOU,17,13.294117647058824,18.647058823529413,0.29411764705882354,0.058823529411764705,825.0,111.0
DSM,IAH,DSM → IAH,325,10.96,12.996923076923077,0.16307692307692306,0.033846153846153845,802.0,117.04
DSM,LAS,DSM → LAS,225,24.12,24.24,0.26666666666666666,0.017777777777777778,1216.0,163.7422222222222
DSM,LAX,DSM → LAX,19,0.6842105263157895,1.0526315789473684,0.0,0.05263157894736842,1447.0,178.68421052631578
DSM,LGA,DSM → LGA,149,9.154362416107382,9.604026845637584,0.14093959731543623,0.026845637583892617,1031.0,125.96644295302013
DSM,MCO,DSM → MCO,28,11.892857142857142,10.964285714285714,0.17857142857142858,0.07142857142857142,1141.0,128.25
DSM,MIA,DSM → MIA,22,2.272727272727273,8.090909090909092,0.2727272727272727,0.0,1327.0,171.9090909090909
DSM,MSP,DSM → MSP,635,7.902362204724409,7.426771653543307,0.08661417322834646,0.009448818897637795,232.0,43.658267716535434
DSM,ORD,DSM → ORD,1094,13.317184643510055,14.43235831809872,0.1526508226691042,0.033820840950639856,299.0,51.90219378427788
DSM,PDX,DSM → PDX,15,9.466666666666667,8.6,0.06666666666666667,0.0,1471.0,193.86666666666667
DSM,PGD,DSM → PGD,63,36.74603174603175,40.44444444444444,0.36507936507936506,0.015873015873015872,1206.0,146.71428571428572
DSM,PHL,DSM → PHL,83,9.795180722891565,9.421686746987952,0.1566265060240964,0.012048192771084338,972.0,123.90361445783132
DSM,PHX,DSM → PHX,321,9.813084112149532,10.894080996884735,0.14330218068535824,0.012461059190031152,1149.2367601246106,158.9688473520249
DSM,PIE,DSM → PIE,92,19.945652173913043,26.27173913043478,0.2717391304347826,0.021739130434782608,1126.0,137.0
DSM,PSP,DSM → PSP,12,11.0,13.25,0.08333333333333333,0.0,1355.0,190.16666666666666
DSM,SAN,DSM → SAN,15,20.6,25.866666666666667,0.4,0.06666666666666667,1428.0,174.6
DSM,SFB,DSM → SFB,77,17.428571428571427,18.467532467532468,0.24675324675324675,0.03896103896103896,1124.0,135.46753246753246
DSM,SLC,DSM → SLC,73,2.1506849315068495,4.863013698630137,0.1232876712328767,0.0,955.0,146.4794520547945
DSM,SNA,DSM → SNA,19,30.36842105263158,32.473684210526315,0.21052631578947367,0.0,1428.6315789473683,196.94736842105263
DSM,SRQ,DSM → SRQ,34,12.5,20.441176470588236,0.4117647058823529,0.08823529411764706,1160.0,131.41176470588235
DSM,STL,DSM → STL,312,7.009615384615385,6.0993589743589745,0.12179487179487179,0.035256410256410256,259.0,40.85897435897436
DSM,VPS,DSM → VPS,21,14.047619047619047,22.095238095238095,0.2857142857142857,0.047619047619047616,860.0,106.14285714285714
DTW,ABE,DTW → ABE,334,10.679640718562874,9.982035928143713,0.1317365269461078,0.008982035928143712,425.0,60.862275449101794
DTW,ALB,DTW → ALB,554,12.933212996389893,12.844765342960288,0.1407942238267148,0.016245487364620937,489.0,64.86281588447653
DTW,ANC,DTW → ANC,2,0.0,2.0,0.0,0.0,2986.0,380.0
DTW,APN,DTW → APN,214,8.799065420560748,7.514018691588785,0.13551401869158877,0.014018691588785047,198.0,39.21495327102804
DTW,ATL,DTW → ATL,2173,9.087896916705017,8.279337321675104,0.13115508513575702,0.008743672342383801,594.0,89.33686148182237
DTW,ATW,DTW → ATW,424,12.985849056603774,13.919811320754716,0.17452830188679244,0.02358490566037736,296.0,55.93867924528302
DTW,AUS,DTW → AUS,591,10.3248730964467,11.057529610829103,0.17428087986463622,0.018612521150592216,1149.0,157.36209813874788
DTW,AVL,DTW → AVL,3,0.0,0.0,0.0,0.0,470.0,74.33333333333333
DTW,AVP,DTW → AVP,115,23.11304347826087,21.191304347826087,0.14782608695652175,0.034782608695652174,399.0,55.62608695652174
DTW,AZO,DTW → AZO,459,8.026143790849673,8.100217864923748,0.10893246187363835,0.023965141612200435,113.0,26.531590413943356
DTW,BDL,DTW → BDL,593,9.549747048903878,9.072512647554806,0.13827993254637436,0.01517706576728499,549.0,71.94603709949409
DTW,BGM,DTW → BGM,208,9.596153846153847,8.26923076923077,0.125,0.014423076923076924,378.0,53.96634615384615
DTW,BGR,DTW → BGR,12,35.583333333333336,32.5,0.25,0.0,750.0,95.33333333333333
DTW,BHM,DTW → BHM,184,10.423913043478262,9.559782608695652,0.16847826086956522,0.005434782608695652,625.0,90.125
DTW,BMI,DTW → BMI,48,22.291666666666668,22.416666666666668,0.10416666666666667,0.0,313.0,55.520833333333336
DTW,BNA,DTW → BNA,1041,7.138328530259366,6.942363112391931,0.11911623439000961,0.01921229586935639,456.0,69.40345821325649
DTW,BOS,DTW → BOS,1229,12.882017900732302,13.06346623270952,0.17168429617575265,0.021969080553295363,632.0,81.2514239218877
DTW,BTV,DTW → BTV,330,8.175757575757576,8.806060606060607,0.12121212121212122,0.006060606060606061,537.0,72.92121212121212
DTW,BUF,DTW → BUF,572,13.812937062937063,13.638111888111888,0.15034965034965034,0.026223776223776224,241.0,40.10839160839161
DTW,BWI,DTW → BWI,1047,10.175740210124165,9.832855778414517,0.1384909264565425,0.029608404966571154,409.0,61.14040114613181
DTW,BZN,DTW → BZN,9,3.6666666666666665,3.0,0.1111111111111111,0.0,1400.0,187.11111111111111
DTW,CHA,DTW → CHA,152,9.861842105263158,11.453947368421053,0.15789473684210525,0.006578947368421052,505.0,75.77631578947368
DTW,CHS,DTW → CHS,188,8.159574468085106,7.909574468085107,0.16489361702127658,0.005319148936170213,667.0,96.3936170212766
DTW,CID,DTW → CID,288,8.277777777777779,8.875,0.10416666666666667,0.010416666666666666,430.0,70.67013888888889
DTW,CIU,DTW → CIU,172,7.8313953488372094,6.6686046511627906,0.11046511627906977,0.011627906976744186,284.0,49.01744186046512
DTW,CLE,DTW → CLE,722,10.228531855955678,10.113573407202216,0.11911357340720222,0.0221606648199446,95.0,22.898891966759003
DTW,CLT,DTW → CLT,1492,10.285522788203753,9.780160857908847,0.12533512064343164,0.024798927613941018,500.0,77.19504021447722
DTW,CMH,DTW → CMH,748,9.56951871657754,9.418449197860962,0.10561497326203209,0.014705882352941176,155.0,33.231283422459896
DTW,CVG,DTW → CVG,686,8.339650145772595,8.626822157434402,0.12244897959183673,0.0014577259475218659,229.0,43.14139941690962
DTW,CWA,DTW → CWA,200,7.95,9.87,0.15,0.0,363.0,62.875
DTW,DAB,DTW → DAB,1,57.0,33.0,1.0,0.0,908.0,118.0
DTW,DAL,DTW → DAL,47,8.170212765957446,7.25531914893617,0.2127659574468085,0.06382978723404255,981.0,135.0
DTW,DAY,DTW → DAY,391,8.263427109974424,8.391304347826088,0.13554987212276215,0.0025575447570332483,166.0,33.02557544757033
DTW,DCA,DTW → DCA,1134,9.774250440917108,10.566137566137566,0.13315696649029982,0.021164021164021163,405.0,62.5679012345679
DTW,DEN,DTW → DEN,1313,9.236862147753238,9.891089108910892,0.15917745620715917,0.016755521706016754,1123.0,158.53769992383855
DTW,DFW,DTW → DFW,1630,13.453374233128834,14.743558282208589,0.19202453987730062,0.02822085889570552,986.0,139.27791411042944
DTW,DSM,DTW → DSM,423,8.74468085106383,8.77304964539007,0.10638297872340426,0.0070921985815602835,533.7304964539007,82.15366430260048
DTW,ELM,DTW → ELM,317,10.321766561514195,10.804416403785488,0.11987381703470032,0.031545741324921134,332.0,47.36593059936909
DTW,ERI,DTW → ERI,101,16.514851485148515,13.168316831683168,0.16831683168316833,0.04950495049504951,164.0,31.396039603960396
DTW,ESC,DTW → ESC,224,13.808035714285714,12.71875,0.1875,0.017857142857142856,306.0,55.589285714285715
DTW,EVV,DTW → EVV,193,9.455958549222798,9.300518134715025,0.12435233160621761,0.025906735751295335,363.0,58.51813471502591
DTW,EWR,DTW → EWR,1246,17.02728731942215,17.67897271268058,0.21107544141252008,0.03531300160513644,488.0,69.21027287319423
DTW,FLL,DTW → FLL,1161,12.25925925925926,13.770887166236003,0.2058570198105082,0.015503875968992248,1127.0,151.9681309216193
DTW,FWA,DTW → FWA,290,12.448275862068966,10.806896551724138,0.10344827586206896,0.0034482758620689655,128.0,28.53448275862069
DTW,GRB,DTW → GRB,512,8.75,9.060546875,0.1328125,0.009765625,287.0,52.900390625
DTW,GRR,DTW → GRR,810,9.220987654320988,8.992592592592592,0.1259259259259259,0.024691358024691357,120.0,26.874074074074073
DTW,GSO,DTW → GSO,170,12.547058823529412,12.876470588235295,0.14705882352941177,0.01764705882352941,460.0,70.6470588235294
DTW,GSP,DTW → GSP,238,10.827731092436975,11.298319327731093,0.13865546218487396,0.03361344537815126,508.0,72.39495798319328
DTW,HNL,DTW → HNL,27,18.555555555555557,18.59259259259259,0.25925925925925924,0.0,4475.0,546.2592592592592
DTW,HOU,DTW → HOU,25,5.48,3.68,0.12,0.04,1092.0,151.0
DTW,HPN,DTW → HPN,347,18.73198847262248,18.253602305475503,0.1930835734870317,0.011527377521613832,505.0,71.86167146974063
DTW,HSV,DTW → HSV,106,16.28301886792453,15.839622641509434,0.1792452830188679,0.0,554.0,81.48113207547169
DTW,IAD,DTW → IAD,929,11.367061356297093,11.78794402583423,0.15715823466092574,0.022604951560818085,383.0,59.16469321851453
DTW,IAH,DTW → IAH,1304,13.920245398773005,14.002300613496933,0.20705521472392638,0.01763803680981595,1075.0,154.13957055214723
DTW,IMT,DTW → IMT,142,8.901408450704226,8.288732394366198,0.11971830985915492,0.0,344.0,61.894366197183096
DTW,IND,DTW → IND,766,7.415143603133159,7.365535248041775,0.1279373368146214,0.006527415143603133,231.0,42.460835509138384
DTW,ITH,DTW → ITH,235,9.557446808510639,8.931914893617021,0.1148936170212766,0.01276595744680851,353.0,51.863829787234046
DTW,JAC,DTW → JAC,5,2.2,0.0,0.0,0.0,1387.0,190.0
DTW,JAX,DTW → JAX,306,10.143790849673202,9.5359477124183,0.1568627450980392,0.013071895424836602,813.0,109.18627450980392
DTW,JFK,DTW → JFK,794,14.41183879093199,16.03148614609572,0.1952141057934509,0.03400503778337532,509.0,73.9294710327456
DTW,LAN,DTW → LAN,506,12.221343873517787,11.521739130434783,0.11264822134387352,0.017786561264822136,74.0,20.100790513833992
DTW,LAS,DTW → LAS,1435,11.758188153310105,11.043205574912893,0.16794425087108014,0.012543554006968641,1749.0,232.26968641114982
DTW,LAX,DTW → LAX,1193,11.165968147527241,11.787091366303438,0.1777032690695725,0.014249790444258172,1979.0,259.69823973176864
DTW,LEX,DTW → LEX,486,9.786008230452675,11.037037037037036,0.12962962962962962,0.00823045267489712,296.0,50.42798353909465
DTW,LGA,DTW → LGA,1713,13.332749562171628,13.762405137186223,0.18272037361354349,0.028604786923525978,502.0,72.4944541739638
DTW,LIT,DTW → LIT,33,8.030303030303031,5.303030303030303,0.09090909090909091,0.0,705.0,99.24242424242425
DTW,LSE,DTW → LSE,100,7.11,7.27,0.12,0.02,416.0,70.9
DTW,MBS,DTW → MBS,527,9.313092979127134,9.100569259962048,0.13282732447817835,0.007590132827324478,98.0,25.4876660341556
DTW,MCI,DTW → MCI,656,9.007621951219512,8.626524390243903,0.1173780487804878,0.024390243902439025,629.0,94.42530487804878
DTW,MCO,DTW → MCO,1621,12.544725478099938,13.48056755089451,0.17643429981492906,0.016656384947563233,957.0,127.79148673658236
DTW,MDT,DTW → MDT,360,15.6,14.316666666666666,0.15555555555555556,0.016666666666666666,371.0,55.49722222222222
DTW,MDW,DTW → MDW,903,9.145071982281285,8.931339977851605,0.14396456256921372,0.023255813953488372,228.0,44.753045404208194
DTW,MEM,DTW → MEM,344,9.095930232558139,9.267441860465116,0.13662790697674418,0.014534883720930232,610.0,90.97383720930233
DTW,MHT,DTW → MHT,39,6.333333333333333,6.435897435897436,0.15384615384615385,0.05128205128205128,610.0,72.28205128205128
DTW,MIA,DTW → MIA,634,9.397476340694006,10.629337539432177,0.17034700315457413,0.026813880126182965,1145.0,150.49211356466876
DTW,MKE,DTW → MKE,689,10.640058055152394,10.386066763425253,0.15820029027576196,0.01741654571843251,237.0,45.346879535558784
DTW,MLI,DTW → MLI,90,19.933333333333334,17.7,0.25555555555555554,0.022222222222222223,373.0,64.43333333333334
DTW,MQT,DTW → MQT,247,14.562753036437247,14.157894736842104,0.17813765182186234,0.016194331983805668,349.0,60.57085020242915
DTW,MSN,DTW → MSN,596,11.63255033557047,11.26006711409396,0.15100671140939598,0.015100671140939598,311.0,52.41442953020134
DTW,MSP,DTW → MSP,1148,8.468641114982578,7.847560975609756,0.10975609756097561,0.010452961672473868,528.0,84.15418118466899
DTW,MSY,DTW → MSY,445,7.865168539325842,8.979775280898876,0.1550561797752809,0.02696629213483146,926.0,124.35955056179775
DTW,MYR,DTW → MYR,288,8.8125,8.649305555555555,0.12152777777777778,0.010416666666666666,636.0,88.07638888888889
DTW,OAK,DTW → OAK,27,20.40740740740741,18.59259259259259,0.18518518518518517,0.037037037037037035,2068.0,260.3703703703704
DTW,OKC,DTW → OKC,47,19.21276595744681,17.106382978723403,0.2765957446808511,0.0,900.0,133.61702127659575
DTW,OMA,DTW → OMA,392,16.668367346938776,16.775510204081634,0.17857142857142858,0.01020408163265306,651.0,98.75765306122449
DTW,ORD,DTW → ORD,2317,13.028485110056106,14.13206732844195,0.16961588260681917,0.02330599913681485,235.0,47.783772119119554
DTW,ORF,DTW → ORF,397,9.8816120906801,10.93198992443325,0.14609571788413098,0.005037783375314861,529.0,77.73551637279597
DTW,ORH,DTW → ORH,40,13.925,12.0,0.175,0.075,588.0,74.95
DTW,PBI,DTW → PBI,134,4.6716417910447765,5.7388059701492535,0.13432835820895522,0.03731343283582089,1086.0,142.97761194029852
DTW,PDX,DTW → PDX,158,7.2405063291139244,7.3734177215189876,0.1518987341772152,0.012658227848101266,1953.0,259.246835443038
DTW,PHL,DTW → PHL,1218,11.155993431855501,10.573891625615763,0.12315270935960591,0.022988505747126436,453.0,66.89819376026273
DTW,PHX,DTW → PHX,1057,10.656575212866604,10.919583727530748,0.15610217596972564,0.01229895931882687,1671.0,227.20151371807
DTW,PIT,DTW → PIT,720,12.833333333333334,12.922222222222222,0.13472222222222222,0.013888888888888888,201.0,36.84722222222222
DTW,PLN,DTW → PLN,397,10.926952141057935,9.974811083123425,0.14609571788413098,0.027707808564231738,243.0,42.7808564231738
DTW,PVD,DTW → PVD,334,19.934131736526947,18.880239520958085,0.16766467065868262,0.020958083832335328,615.0,80.1556886227545
DTW,PWM,DTW → PWM,286,10.104895104895105,10.8006993006993,0.15034965034965034,0.0034965034965034965,668.0,84.62937062937063
DTW,RDU,DTW → RDU,674,11.449554896142434,10.961424332344214,0.13204747774480713,0.011869436201780416,501.0,72.87388724035608
DTW,RIC,DTW → RIC,406,7.556650246305419,7.692118226600985,0.15270935960591134,0.009852216748768473,456.0,68.23645320197045
DTW,ROC,DTW → ROC,591,9.28087986463621,9.079526226734348,0.11336717428087986,0.01015228426395939,296.0,46.23857868020305
DTW,RSW,DTW → RSW,998,9.566132264529058,10.474949899799599,0.15130260521042085,0.01503006012024048,1084.0,141.84068136272546
DTW,SAN,DTW → SAN,389,11.51413881748072,11.298200514138818,0.18251928020565553,0.007712082262210797,1956.0,258.1568123393316
DTW,SAT,DTW → SAT,367,10.362397820163487,10.188010899182562,0.19618528610354224,0.010899182561307902,1214.0,169.7465940054496
DTW,SAV,DTW → SAV,79,6.215189873417722,7.734177215189874,0.17721518987341772,0.012658227848101266,705.0,95.32911392405063
DTW,SBN,DTW → SBN,403,15.739454094292803,15.024813895781637,0.14640198511166252,0.009925558312655087,157.0,32.58560794044665
DTW,SCE,DTW → SCE,230,11.160869565217391,10.873913043478261,0.1608695652173913,0.013043478260869565,301.0,48.3304347826087
DTW,SDF,DTW → SDF,522,12.639846743295019,12.82183908045977,0.13984674329501914,0.005747126436781609,306.0,53.8007662835249
DTW,SEA,DTW → SEA,954,10.286163522012579,9.89412997903564,0.1310272536687631,0.010482180293501049,1927.0,260.11006289308176
DTW,SFO,DTW → SFO,602,12.966777408637874,11.82890365448505,0.16611295681063123,0.013289036544850499,2079.0,272.4750830564784
DTW,SJC,DTW → SJC,27,4.111111111111111,3.7777777777777777,0.07407407407407407,0.0,2062.0,277.0
DTW,SJU,DTW → SJU,47,2.872340425531915,5.8936170212765955,0.10638297872340426,0.0,1930.0,241.46808510638297
DTW,SLC,DTW → SLC,721,6.1317614424410545,6.0221914008321775,0.11927877947295423,0.006934812760055479,1481.0,206.18169209431346
DTW,SMF,DTW → SMF,19,5.684210526315789,3.0,0.10526315789473684,0.0,2013.0,272.10526315789474
DTW,SNA,DTW → SNA,69,7.6521739130434785,10.231884057971014,0.14492753623188406,0.014492753623188406,1960.0,258.6666666666667
DTW,SRQ,DTW → SRQ,54,5.388888888888889,8.037037037037036,0.18518518518518517,0.037037037037037035,1022.0,133.40740740740742
DTW,STL,DTW → STL,768,8.24609375,8.1015625,0.13541666666666666,0.033854166666666664,440.0,70.33333333333333
DTW,SWF,DTW → SWF,79,18.050632911392405,15.708860759493671,0.16455696202531644,0.0379746835443038,479.0,67.11392405063292
DTW,SYR,DTW → SYR,575,7.401739130434783,6.824347826086957,0.10434782608695652,0.01391304347826087,374.0,53.37913043478261
DTW,TPA,DTW → TPA,1016,8.81988188976378,10.01968503937008,0.1673228346456693,0.008858267716535433,983.0,131.7244094488189
DTW,TTN,DTW → TTN,5,39.8,36.6,0.4,0.0,464.0,66.2
DTW,TVC,DTW → TVC,596,13.98993288590604,13.916107382550335,0.15100671140939598,0.015100671140939598,207.0,40.76510067114094
DTW,TYS,DTW → TYS,420,7.566666666666666,7.719047619047619,0.10476190476190476,0.014285714285714285,443.0,65.96666666666667
DVL,DEN,DVL → DEN,129,12.031007751937985,14.65891472868217,0.20930232558139536,0.06976744186046512,638.0,89.46511627906976
DVL,JMS,DVL → JMS,138,11.195652173913043,11.03623188405797,0.08695652173913043,0.07246376811594203,83.0,20.67391304347826
EAR,DEN,EAR → DEN,205,9.848780487804879,10.64390243902439,0.1024390243902439,0.03902439024390244,305.0,51.24878048780488
EAR,LBF,EAR → LBF,6,0.0,0.0,0.0,0.0,92.0,23.666666666666668
EAR,ORD,EAR → ORD,90,21.27777777777778,22.91111111111111,0.23333333333333334,0.03333333333333333,583.0,83.46666666666667
EAT,SEA,EAT → SEA,138,10.08695652173913,10.68840579710145,0.10144927536231885,0.036231884057971016,99.0,29.507246376811594
EAU,CMX,EAU → CMX,2,12.0,6.0,0.0,0.0,215.0,38.0
EAU,ORD,EAU → ORD,277,15.115523465703971,15.429602888086643,0.1371841155234657,0.039711191335740074,269.0,47.75812274368231
ECP,ATL,ECP → ATL,922,9.342733188720173,8.800433839479393,0.10845986984815618,0.014099783080260303,240.0,42.509761388286336
ECP,AUS,ECP → AUS,34,15.147058823529411,15.617647058823529,0.20588235294117646,0.0,710.0,99.94117647058823
ECP,BNA,ECP → BNA,456,8.739035087719298,8.361842105263158,0.14692982456140352,0.015350877192982455,401.0,62.348684210526315
ECP,BWI,ECP → BWI,47,5.787234042553192,4.8936170212765955,0.14893617021276595,0.0425531914893617,798.0,102.0
ECP,CLT,ECP → CLT,423,10.957446808510639,10.002364066193854,0.15602836879432624,0.009456264775413711,437.0,65.06619385342789
ECP,CMH,ECP → CMH,1,1.0,0.0,0.0,0.0,684.0,101.0
ECP,DAL,ECP → DAL,278,8.535971223021583,8.046762589928058,0.1474820143884892,0.0539568345323741,674.0,95.72302158273381
ECP,DCA,ECP → DCA,148,15.087837837837839,15.797297297297296,0.1891891891891892,0.060810810810810814,769.0,98.36486486486487
ECP,DEN,ECP → DEN,54,20.35185185185185,25.24074074074074,0.3148148148148148,0.037037037037037035,1250.0,174.38888888888889
ECP,DFW,ECP → DFW,387,23.03875968992248,23.149870801033593,0.19121447028423771,0.03359173126614987,685.0,104.14987080103359
ECP,HOU,ECP → HOU,209,9.966507177033494,9.253588516746412,0.13875598086124402,0.023923444976076555,570.8468899521531,88.377990430622
ECP,IAH,ECP → IAH,177,11.062146892655367,12.214689265536723,0.14124293785310735,0.02824858757062147,572.0,93.63276836158192
ECP,IND,ECP → IND,5,62.4,85.0,0.6,0.0,646.0,95.2
ECP,MCI,ECP → MCI,18,12.555555555555555,10.666666666666666,0.2222222222222222,0.05555555555555555,797.0,103.94444444444444
ECP,MDW,ECP → MDW,31,18.483870967741936,18.387096774193548,0.3548387096774194,0.03225806451612903,795.0,110.6774193548387
ECP,ORD,ECP → ORD,30,20.533333333333335,19.9,0.26666666666666666,0.06666666666666667,809.1333333333333,116.1
ECP,PHL,ECP → PHL,9,16.444444444444443,10.333333333333334,0.2222222222222222,0.0,886.0,119.0
ECP,STL,ECP → STL,129,9.395348837209303,9.170542635658915,0.13953488372093023,0.031007751937984496,634.0,86.51162790697674
EGE,ASE,EGE → ASE,1,0.0,17.0,1.0,0.0,29.0,29.0
EGE,ATL,EGE → ATL,56,9.089285714285714,10.089285714285714,0.17857142857142858,0.03571428571428571,1312.0,147.89285714285714
EGE,AUS,EGE → AUS,5,70.8,76.6,0.8,0.0,836.0,118.4
EGE,DEN,EGE → DEN,454,14.088105726872246,15.56387665198238,0.22026431718061673,0.046255506607929514,120.0,31.480176211453745
EGE,DFW,EGE → DFW,319,23.677115987460816,24.178683385579937,0.20376175548589343,0.04075235109717868,721.0,95.67711598746081
EGE,EWR,EGE → EWR,57,46.64912280701754,43.70175438596491,0.2807017543859649,0.05263157894736842,1725.0,186.47368421052633
EGE,IAD,EGE → IAD,4,0.0,1.5,0.0,0.0,1573.0,187.5
EGE,IAH,EGE → IAH,52,11.0,11.557692307692308,0.17307692307692307,0.038461538461538464,934.0,121.38461538461539
EGE,JFK,EGE → JFK,57,18.403508771929825,14.578947368421053,0.19298245614035087,0.07017543859649122,1746.0,189.89473684210526
EGE,LAX,EGE → LAX,65,43.92307692307692,43.36923076923077,0.24615384615384617,0.06153846153846154,748.0,104.76923076923077
EGE,LGA,EGE → LGA,4,0.0,0.25,0.0,0.0,1739.0,204.75
EGE,MIA,EGE → MIA,51,37.23529411764706,34.05882352941177,0.2549019607843137,0.0196078431372549,1810.0,204.86274509803923
EGE,ORD,EGE → ORD,114,23.00877192982456,22.69298245614035,0.21052631578947367,0.043859649122807015,1007.0,123.25438596491227
EGE,PHL,EGE → PHL,3,0.0,1.6666666666666667,0.0,0.6666666666666666,1678.0,67.0
EGE,PHX,EGE → PHX,21,30.19047619047619,28.523809523809526,0.2857142857142857,0.047619047619047616,513.0,82.23809523809524
EGE,SFO,EGE → SFO,49,23.714285714285715,23.020408163265305,0.2653061224489796,0.08163265306122448,847.0,115.79591836734694
EGE,SLC,EGE → SLC,1,0.0,0.0,0.0,1.0,279.0,0.0
EKO,SLC,EKO → SLC,245,14.073469387755102,15.383673469387755,0.10204081632653061,0.0163265306122449,200.0,37.089795918367344
ELM,ATL,ELM → ATL,2,0.0,0.0,0.0,0.0,717.0,116.0
ELM,DTW,ELM → DTW,337,10.643916913946587,10.750741839762611,0.13056379821958458,0.032640949554896145,332.0,55.49554896142433
ELM,PGD,ELM → PGD,14,15.142857142857142,23.0,0.35714285714285715,0.14285714285714285,1090.0,132.14285714285714
ELM,PIE,ELM → PIE,48,15.75,18.020833333333332,0.25,0.0,1035.0,142.02083333333334
ELM,SFB,ELM → SFB,71,14.394366197183098,15.04225352112676,0.2112676056338028,0.014084507042253521,954.0,129.16901408450704
ELP,ATL,ELP → ATL,326,7.5,6.269938650306749,0.10429447852760736,0.012269938650306749,1282.0,150.1319018404908
ELP,AUS,ELP → AUS,525,10.855238095238095,10.756190476190476,0.16,0.03428571428571429,528.0,67.90857142857143
ELP,CLT,ELP → CLT,11,11.090909090909092,14.181818181818182,0.18181818181818182,0.0,1482.0,181.8181818181818
ELP,DAL,ELP → DAL,661,10.101361573373676,9.800302571860817,0.16036308623298035,0.028744326777609682,562.0,77.73676248108926
ELP,DEN,ELP → DEN,578,18.323529411764707,18.64878892733564,0.185121107266436,0.03806228373702422,563.0,82.89273356401384
ELP,DFW,ELP → DFW,1238,16.55411954765751,16.235056542810984,0.172859450726979,0.035541195476575124,551.0,73.29806138933765
ELP,HOU,ELP → HOU,448,9.149553571428571,7.595982142857143,0.13392857142857142,0.04017857142857143,677.0,83.92857142857143
ELP,IAH,ELP → IAH,510,10.496078431372549,10.813725490196079,0.09803921568627451,0.021568627450980392,667.0,89.27058823529411
ELP,LAS,ELP → LAS,403,9.069478908188586,8.511166253101736,0.141439205955335,0.02729528535980149,583.0,82.42431761786601
ELP,LAX,ELP → LAX,374,8.917112299465241,8.647058823529411,0.13368983957219252,0.0053475935828877,715.0,101.6524064171123
ELP,LGB,ELP → LGB,8,0.875,0.125,0.0,0.0,699.0,94.875
ELP,MCO,ELP → MCO,13,23.846153846153847,23.53846153846154,0.3076923076923077,0.0,1516.0,178.3846153846154
ELP,ORD,ELP → ORD,366,10.942622950819672,11.23224043715847,0.14754098360655737,0.02459016393442623,1236.0,150.9945355191257
ELP,PHX,ELP → PHX,1167,10.438731790916881,10.261353898886032,0.13367609254498714,0.01713796058269066,347.0,56.186803770351325
ELP,SAN,ELP → SAN,90,5.666666666666667,5.022222222222222,0.1,0.044444444444444446,636.0,86.36666666666666
ELP,SAT,ELP → SAT,248,7.459677419354839,6.806451612903226,0.12903225806451613,0.036290322580645164,496.0,61.92741935483871
ELP,SEA,ELP → SEA,87,7.954022988505747,7.482758620689655,0.1724137931034483,0.0,1368.0,192.02298850574712
ELP,SFB,ELP → SFB,2,5.5,3.0,0.0,0.5,1514.0,95.5
ELP,SJC,ELP → SJC,5,15.0,16.0,0.2,0.0,964.0,148.4
ELP,SLC,ELP → SLC,13,1.6153846153846154,2.230769230769231,0.0,0.0,693.0,107.76923076923077
ERI,CLT,ERI → CLT,94,11.23404255319149,10.617021276595745,0.1276595744680851,0.031914893617021274,476.0,74.95744680851064
ERI,DTW,ERI → DTW,146,13.821917808219178,13.143835616438356,0.14383561643835616,0.02054794520547945,164.0,36.58904109589041
ERI,ORD,ERI → ORD,47,13.0,15.638297872340425,0.19148936170212766,0.02127659574468085,398.0,70.17021276595744
ESC,DTW,ESC → DTW,225,17.773333333333333,18.666666666666668,0.1688888888888889,0.022222222222222223,306.0,48.471111111111114
ESC,IMT,ESC → IMT,14,6.714285714285714,5.071428571428571,0.14285714285714285,0.0,50.0,18.357142857142858
ESC,MSP,ESC → MSP,72,32.388888888888886,32.416666666666664,0.20833333333333334,0.0,304.0,54.958333333333336
ESC,PLN,ESC → PLN,3,0.0,1.0,0.0,0.0,112.0,27.0
EUG,AZA,EUG → AZA,65,13.184615384615384,12.96923076923077,0.24615384615384617,0.046153846153846156,971.0,120.8923076923077
EUG,BUR,EUG → BUR,17,15.294117647058824,12.941176470588236,0.23529411764705882,0.0,732.0,98.58823529411765
EUG,DEN,EUG → DEN,441,15.993197278911564,16.36281179138322,0.1655328798185941,0.036281179138321996,996.0,123.83219954648526
EUG,DFW,EUG → DFW,80,34.7625,32.5125,0.2625,0.0125,1606.0,191.4
EUG,LAS,EUG → LAS,129,15.178294573643411,13.852713178294573,0.2713178294573643,0.007751937984496124,700.0,94.06976744186046
EUG,LAX,EUG → LAX,384,6.6328125,7.361979166666667,0.11458333333333333,0.0234375,748.0,102.08854166666667
EUG,OAK,EUG → OAK,185,11.108108108108109,10.054054054054054,0.15675675675675677,0.021621621621621623,445.0,65.75675675675676
EUG,ORD,EUG → ORD,39,12.41025641025641,13.692307692307692,0.1794871794871795,0.02564102564102564,1780.0,203.10256410256412
EUG,PHX,EUG → PHX,245,14.338775510204082,13.677551020408163,0.09795918367346938,0.004081632653061225,952.0,123.53061224489795
EUG,PSP,EUG → PSP,8,1.625,1.375,0.0,0.375,796.0,71.125
EUG,SAN,EUG → SAN,19,8.947368421052632,10.052631578947368,0.2631578947368421,0.0,850.0,115.84210526315789
EUG,SEA,EUG → SEA,813,6.0664206642066425,6.089790897908979,0.09471094710947109,0.00984009840098401,234.0,46.75768757687577
EUG,SFO,EUG → SFO,508,15.710629921259843,15.811023622047244,0.1830708661417323,0.023622047244094488,451.0,70.57086614173228
EUG,SJC,EUG → SJC,36,19.25,16.13888888888889,0.3611111111111111,0.0,471.0,71.69444444444444
EUG,SLC,EUG → SLC,314,4.369426751592357,4.057324840764331,0.06369426751592357,0.006369426751592357,618.0,86.08917197452229
EUG,SNA,EUG → SNA,19,7.7894736842105265,8.68421052631579,0.10526315789473684,0.10526315789473684,776.0,98.36842105263158
EVV,ATL,EVV → ATL,489,4.979550102249489,6.932515337423313,0.10429447852760736,0.014314928425357873,350.0,55.486707566462165
EVV,CLT,EVV → CLT,19,7.2105263157894735,13.31578947368421,0.21052631578947367,0.05263157894736842,414.0,65.3157894736842
EVV,DFW,EVV → DFW,353,8.093484419263456,9.73087818696884,0.1359773371104816,0.028328611898016998,642.0,97.4929178470255
EVV,DTW,EVV → DTW,198,4.58080808080808,4.292929292929293,0.07575757575757576,0.005050505050505051,363.0,57.05050505050505
EVV,ORD,EVV → ORD,134,14.671641791044776,15.574626865671641,0.17164179104477612,0.08955223880597014,272.0,53.85820895522388
EVV,SFB,EVV → SFB,44,16.568181818181817,17.477272727272727,0.3409090909090909,0.11363636363636363,734.0,88.0
EVV,VPS,EVV → VPS,15,11.266666666666667,9.6,0.2,0.0,524.0,70.73333333333333
EWN,ATL,EWN → ATL,103,9.669902912621358,9.310679611650485,0.08737864077669903,0.02912621359223301,433.0,73.99029126213593
EWN,CLT,EWN → CLT,568,11.133802816901408,10.0,0.11971830985915492,0.02640845070422535,221.0,50.058098591549296
EWN,DCA,EWN → DCA,1,0.0,0.0,0.0,0.0,261.0,48.0
EWR,ACK,EWR → ACK,8,20.875,21.0,0.5,0.0,218.0,40.875
EWR,ALB,EWR → ALB,124,13.0,12.508064516129032,0.20967741935483872,0.04032258064516129,143.0,32.153225806451616
EWR,ANC,EWR → ANC,32,83.8125,84.375,0.3125,0.0,3370.0,426.375
EWR,ATL,EWR → ATL,2630,17.01444866920152,16.66653992395437,0.19543726235741446,0.03003802281368821,746.0,106.59619771863117
EWR,AUS,EWR → AUS,742,18.078167115902964,18.171159029649594,0.2641509433962264,0.03908355795148248,1504.0,201.5700808625337
EWR,AVL,EWR → AVL,145,5.310344827586207,6.620689655172414,0.1310344827586207,0.08275862068965517,583.0,81.56551724137931
EWR,AVP,EWR → AVP,12,2.9166666666666665,3.8333333333333335,0.08333333333333333,0.0,93.0,27.583333333333332
EWR,BGR,EWR → BGR,148,19.5472972972973,18.33108108108108,0.21621621621621623,0.0945945945945946,393.0,53.648648648648646
EWR,BNA,EWR → BNA,905,18.63646408839779,19.093922651933703,0.2276243093922652,0.04640883977900553,748.0,107.59779005524862
EWR,BOS,EWR → BOS,1876,20.10501066098081,19.33368869936034,0.2340085287846482,0.04317697228144989,200.0,39.12686567164179
EWR,BQN,EWR → BQN,151,31.456953642384107,29.370860927152318,0.37748344370860926,0.052980132450331126,1585.0,185.96026490066225
EWR,BTV,EWR → BTV,249,25.481927710843372,27.156626506024097,0.285140562248996,0.0321285140562249,266.0,46.55020080321285
EWR,BUF,EWR → BUF,312,16.185897435897434,15.977564102564102,0.24358974358974358,0.07692307692307693,282.0,47.08653846153846
EWR,BWI,EWR → BWI,7,21.714285714285715,19.428571428571427,0.14285714285714285,0.0,169.0,36.42857142857143
EWR,BZN,EWR → BZN,86,10.395348837209303,9.674418604651162,0.13953488372093023,0.046511627906976744,1882.0,247.3139534883721
EWR,CAK,EWR → CAK,46,21.195652173913043,21.58695652173913,0.2391304347826087,0.1956521739130435,382.0,52.04347826086956
EWR,CHS,EWR → CHS,609,16.454844006568145,18.059113300492612,0.2134646962233169,0.06896551724137931,628.0,88.65517241379311
EWR,CLE,EWR → CLE,756,21.771164021164022,21.464285714285715,0.25793650793650796,0.03439153439153439,404.0,64.3478835978836
EWR,CLT,EWR → CLT,1869,16.431781701444624,16.202247191011235,0.18673087212413056,0.038523274478330656,529.0,81.68378812199037
EWR,CMH,EWR → CMH,621,14.954911433172303,16.561996779388085,0.21900161030595813,0.07246376811594203,463.0,71.04830917874396
EWR,CVG,EWR → CVG,678,15.927728613569322,15.974926253687316,0.17699115044247787,0.05014749262536873,569.0,89.78466076696165
EWR,DAY,EWR → DAY,30,33.53333333333333,35.53333333333333,0.36666666666666664,0.16666666666666666,533.0,73.06666666666666
EWR,DCA,EWR → DCA,442,9.527149321266968,11.223981900452488,0.15610859728506787,0.05429864253393665,199.0,41.484162895927604
EWR,DEN,EWR → DEN,1246,16.930176565008026,16.65008025682183,0.21508828250401285,0.03130016051364366,1605.0,215.91733547351524
EWR,DFW,EWR → DFW,1379,19.79187817258883,19.05293691080493,0.22987672226250908,0.03770848440899202,1372.0,188.0203045685279
EWR,DSM,EWR → DSM,14,12.285714285714286,7.142857142857143,0.21428571428571427,0.0,1017.0,146.42857142857142
EWR,DTW,EWR → DTW,1288,14.311335403726709,13.994565217391305,0.18633540372670807,0.029503105590062112,488.0,80.4138198757764
EWR,EGE,EWR → EGE,41,11.560975609756097,10.804878048780488,0.1951219512195122,0.12195121951219512,1725.0,216.53658536585365
EWR,EYW,EWR → EYW,288,7.326388888888889,9.90625,0.16319444444444445,0.052083333333333336,1196.0,163.07986111111111
EWR,FLL,EWR → FLL,2278,19.428884986830553,18.978928884986832,0.2537313432835821,0.03204565408252853,1065.0,143.97146619841968
EWR,GRR,EWR → GRR,187,23.898395721925134,24.925133689839573,0.3422459893048128,0.11229946524064172,605.0,84.45989304812834
EWR,GSO,EWR → GSO,196,13.341836734693878,13.688775510204081,0.21428571428571427,0.08163265306122448,445.0,68.04081632653062
EWR,GSP,EWR → GSP,218,15.51834862385321,16.68807339449541,0.17889908256880735,0.10550458715596331,594.0,83.74770642201835
EWR,HDN,EWR → HDN,10,4.3,3.4,0.1,0.1,1728.0,225.0
EWR,HHH,EWR → HHH,42,10.30952380952381,10.261904761904763,0.23809523809523808,0.023809523809523808,687.0,97.73809523809524
EWR,HNL,EWR → HNL,123,19.463414634146343,15.601626016260163,0.2032520325203252,0.008130081300813009,4962.0,605.1463414634146
EWR,IAD,EWR → IAD,673,16.835066864784547,15.585438335809807,0.23922734026745915,0.031203566121842496,212.0,44.6998514115899
EWR,IAH,EWR → IAH,1493,16.21969189551239,16.338914936369726,0.22705961152042867,0.022103148024112524,1400.0,190.63496316141996
EWR,ILM,EWR → ILM,74,11.932432432432432,12.283783783783784,0.1891891891891892,0.06756756756756757,488.0,70.58108108108108
EWR,IND,EWR → IND,625,18.4208,19.2368,0.2336,0.0608,645.0,94.816
EWR,ITH,EWR → ITH,3,29.666666666666668,27.0,0.6666666666666666,0.0,172.0,33.333333333333336
EWR,JAC,EWR → JAC,57,8.508771929824562,7.631578947368421,0.21052631578947367,0.08771929824561403,1874.0,240.1578947368421
EWR,JAX,EWR → JAX,525,17.49142857142857,17.78095238095238,0.21904761904761905,0.02857142857142857,820.0,116.79619047619047
EWR,LAS,EWR → LAS,1188,19.955387205387204,18.37037037037037,0.24494949494949494,0.02861952861952862,2227.0,288.45286195286195
EWR,LAX,EWR → LAX,2046,20.507820136852395,19.717497556207235,0.25855327468230693,0.022482893450635387,2454.0,313.4535679374389
EWR,MCI,EWR → MCI,353,20.110481586402265,20.453257790368273,0.2577903682719547,0.031161473087818695,1092.0,155.61473087818698
EWR,MCO,EWR → MCO,2936,21.252043596730246,21.650885558583106,0.26396457765667575,0.030313351498637602,937.0,129.21559945504086
EWR,MDT,EWR → MDT,38,9.5,10.078947368421053,0.21052631578947367,0.10526315789473684,141.0,28.5
EWR,MDW,EWR → MDW,185,22.383783783783784,20.518918918918917,0.3027027027027027,0.0918918918918919,711.0,99.04864864864865
EWR,MEM,EWR → MEM,200,12.135,11.99,0.195,0.07,946.0,133.345
EWR,MHT,EWR → MHT,110,19.027272727272727,18.90909090909091,0.23636363636363636,0.06363636363636363,209.0,38.19090909090909
EWR,MIA,EWR → MIA,1912,19.482217573221757,19.677301255230127,0.26464435146443516,0.03085774058577406,1085.0,147.125
EWR,MKE,EWR → MKE,300,15.503333333333334,17.26,0.22666666666666666,0.06666666666666667,725.0,106.82666666666667
EWR,MSN,EWR → MSN,114,31.07894736842105,31.210526315789473,0.2543859649122807,0.07894736842105263,799.0,112.1842105263158
EWR,MSP,EWR → MSP,1128,17.06382978723404,16.538120567375888,0.20124113475177305,0.03546099290780142,1008.0,145.48670212765958
EWR,MSY,EWR → MSY,621,19.711755233494365,20.075684380032207,0.23510466988727857,0.027375201288244767,1167.0,161.03220611916265
EWR,MTJ,EWR → MTJ,32,17.0625,17.84375,0.3125,0.09375,1795.0,236.03125
EWR,MVY,EWR → MVY,7,55.714285714285715,54.285714285714285,0.7142857142857143,0.0,192.0,36.857142857142854
EWR,MYR,EWR → MYR,400,16.455,18.7525,0.2225,0.045,550.0,79.1225
EWR,OAK,EWR → OAK,47,30.638297872340427,34.57446808510638,0.2978723404255319,0.0425531914893617,2555.0,329.48936170212767
EWR,OGG,EWR → OGG,24,28.916666666666668,33.541666666666664,0.4583333333333333,0.0,4904.0,618.6666666666666
EWR,OKC,EWR → OKC,27,27.62962962962963,32.333333333333336,0.4074074074074074,0.037037037037037035,1325.0,185.5185185185185
EWR,OMA,EWR → OMA,111,11.72072072072072,12.207207207207206,0.21621621621621623,0.05405405405405406,1134.0,159.34234234234233
EWR,ORD,EWR → ORD,2166,18.704524469067405,18.34118190212373,0.22022160664819945,0.04155124653739612,719.0,110.02585410895661
EWR,ORF,EWR → ORF,365,15.482191780821918,16.427397260273974,0.2273972602739726,0.06301369863013699,284.0,48.9041095890411
EWR,PBI,EWR → PBI,1311,18.579710144927535,19.36842105263158,0.2799389778794813,0.03966437833714721,1023.0,139.13348588863462
EWR,PDX,EWR → PDX,310,21.593548387096774,21.11935483870968,0.2645161290322581,0.03870967741935484,2434.0,316.43225806451613
EWR,PHL,EWR → PHL,47,8.851063829787234,13.404255319148936,0.2765957446808511,0.1276595744680851,80.0,24.617021276595743
EWR,PHX,EWR → PHX,933,17.022508038585208,15.486602357984994,0.21114683815648447,0.028938906752411574,2133.0,281.5155412647374
EWR,PIT,EWR → PIT,936,13.623931623931623,14.342948717948717,0.1891025641025641,0.05555555555555555,319.0,53.8034188034188
EWR,PNS,EWR → PNS,8,12.625,7.625,0.125,0.125,1015.0,118.75
EWR,PSP,EWR → PSP,16,23.0625,32.5,0.3125,0.0,2358.0,329.125
EWR,PVD,EWR → PVD,246,13.365853658536585,14.532520325203253,0.23983739837398374,0.08130081300813008,160.0,31.402439024390244
EWR,PWM,EWR → PWM,358,24.45810055865922,24.053072625698324,0.23743016759776536,0.0670391061452514,284.0,46.05027932960894
EWR,RAP,EWR → RAP,11,0.7272727272727273,0.0,0.0,0.0,1489.0,199.63636363636363
EWR,RDU,EWR → RDU,1127,16.845607808340727,16.070984915705413,0.22715173025732033,0.0417036379769299,416.0,67.11357586512867
EWR,RIC,EWR → RIC,222,16.73873873873874,16.34234234234234,0.21621621621621623,0.03153153153153153,277.0,52.54504504504504
EWR,RNO,EWR → RNO,1,0.0,0.0,0.0,0.0,2390.0,303.0
EWR,ROC,EWR → ROC,233,19.93991416309013,18.678111587982833,0.2532188841201717,0.02575107296137339,246.0,45.06437768240343
EWR,RSW,EWR → RSW,1022,19.948140900195696,20.167318982387474,0.22504892367906065,0.03718199608610567,1068.0,148.06164383561645
EWR,SAN,EWR → SAN,659,15.907435508345978,14.575113808801214,0.2078907435508346,0.02276176024279211,2425.0,315.45220030349014
EWR,SAT,EWR → SAT,236,14.622881355932204,14.51271186440678,0.2033898305084746,0.03389830508474576,1569.0,213.07203389830508
EWR,SAV,EWR → SAV,417,14.309352517985612,15.558752997601918,0.23261390887290168,0.05755395683453238,708.0,100.57553956834532
EWR,SBN,EWR → SBN,12,3.3333333333333335,3.4166666666666665,0.08333333333333333,0.0,637.0,97.91666666666667
EWR,SDF,EWR → SDF,294,17.724489795918366,17.80952380952381,0.22789115646258504,0.08843537414965986,642.0,96.07482993197279
EWR,SEA,EWR → SEA,740,18.864864864864863,18.724324324324325,0.24054054054054055,0.024324324324324326,2402.0,319.0810810810811
EWR,SFO,EWR → SFO,1842,21.373507057546146,18.9185667752443,0.250814332247557,0.025515743756786103,2565.0,326.6411509229099
EWR,SJC,EWR → SJC,39,28.94871794871795,27.71794871794872,0.41025641025641024,0.0,2548.0,349.02564102564105
EWR,SJU,EWR → SJU,913,25.10843373493976,24.53778751369113,0.3132530120481928,0.019715224534501644,1608.0,198.32858707557503
EWR,SLC,EWR → SLC,352,23.241477272727273,22.451704545454547,0.2471590909090909,0.028409090909090908,1969.0,266.9431818181818
EWR,SMF,EWR → SMF,121,28.47107438016529,28.181818181818183,0.4297520661157025,0.01652892561983471,2500.0,327.6115702479339
EWR,SNA,EWR → SNA,322,11.074534161490684,10.236024844720497,0.18944099378881987,0.031055900621118012,2434.0,317.90683229813664
EWR,SRQ,EWR → SRQ,419,14.859188544152744,17.55131264916468,0.2315035799522673,0.03341288782816229,1034.0,146.75178997613367
EWR,STL,EWR → STL,273,20.84981684981685,23.117216117216117,0.26373626373626374,0.03296703296703297,872.0,129.66300366300365
EWR,STT,EWR → STT,172,12.0,13.255813953488373,0.20348837209302326,0.01744186046511628,1634.0,202.02906976744185
EWR,SYR,EWR → SYR,162,21.228395061728396,21.771604938271604,0.32098765432098764,0.08641975308641975,195.0,36.17901234567901
EWR,TPA,EWR → TPA,1323,18.525321239606953,18.677248677248677,0.23809523809523808,0.036281179138321996,997.0,137.55404383975812
EWR,TVC,EWR → TVC,28,3.107142857142857,5.035714285714286,0.14285714285714285,0.03571428571428571,644.0,95.71428571428571
EWR,TYS,EWR → TYS,121,21.462809917355372,21.884297520661157,0.2066115702479339,0.11570247933884298,631.0,81.7107438016529
EWR,VPS,EWR → VPS,42,19.11904761904762,21.357142857142858,0.2619047619047619,0.07142857142857142,988.0,128.28571428571428
EWR,XNA,EWR → XNA,44,7.909090909090909,9.272727272727273,0.18181818181818182,0.022727272727272728,1131.0,164.86363636363637
EYW,ATL,EYW → ATL,770,10.192207792207792,10.176623376623377,0.13506493506493505,0.02207792207792208,646.0,93.44415584415584
EYW,AVL,EYW → AVL,22,83.63636363636364,81.22727272727273,0.36363636363636365,0.045454545454545456,751.0,98.04545454545455
EYW,BNA,EYW → BNA,17,36.411764705882355,40.88235294117647,0.4117647058823529,0.17647058823529413,849.0,101.76470588235294
EYW,BOS,EYW → BOS,68,30.220588235294116,29.63235294117647,0.3382352941176471,0.0,1373.0,181.88235294117646
EYW,CLT,EYW → CLT,524,13.83969465648855,12.561068702290076,0.22709923664122136,0.02480916030534351,736.0,105.51908396946565
EYW,CVG,EYW → CVG,21,16.476190476190474,16.142857142857142,0.19047619047619047,0.09523809523809523,1013.0,123.38095238095238
EYW,DCA,EYW → DCA,158,20.67721518987342,19.78481012658228,0.31645569620253167,0.0189873417721519,1023.0,134.65822784810126
EYW,DFW,EYW → DFW,243,17.419753086419753,16.995884773662553,0.24279835390946503,0.0411522633744856,1089.0,155.43621399176953
EYW,EWR,EYW → EWR,295,26.816949152542374,29.51186440677966,0.30847457627118646,0.06779661016949153,1196.0,150.8542372881356
EYW,IAD,EYW → IAD,63,33.17460317460318,36.19047619047619,0.3968253968253968,0.07936507936507936,1023.0,128.14285714285714
EYW,IAH,EYW → IAH,43,40.04651162790697,42.41860465116279,0.32558139534883723,0.0,915.0,160.48837209302326
EYW,IND,EYW → IND,14,17.285714285714285,17.0,0.35714285714285715,0.07142857142857142,1078.0,135.64285714285714
EYW,JFK,EYW → JFK,33,12.515151515151516,10.272727272727273,0.18181818181818182,0.06060606060606061,1201.0,150.72727272727272
EYW,LGA,EYW → LGA,110,32.79090909090909,34.41818181818182,0.39090909090909093,0.00909090909090909,1207.0,160.38181818181818
EYW,MCO,EYW → MCO,15,23.733333333333334,20.533333333333335,0.13333333333333333,0.0,268.0,47.333333333333336
EYW,MIA,EYW → MIA,581,9.519793459552496,10.027538726333907,0.16006884681583478,0.0189328743545611,125.92771084337349,26.538726333907057
EYW,ORD,EYW → ORD,235,23.706382978723404,23.314893617021276,0.2936170212765957,0.05531914893617021,1251.0,168.4808510638298
EYW,PHL,EYW → PHL,164,24.615853658536587,22.402439024390244,0.31097560975609756,0.042682926829268296,1121.0,146.9512195121951
EYW,PIE,EYW → PIE,24,21.0,16.208333333333332,0.25,0.041666666666666664,238.0,40.791666666666664
EYW,PIT,EYW → PIT,19,28.105263157894736,27.789473684210527,0.3157894736842105,0.0,1102.0,143.68421052631578
EYW,RSW,EYW → RSW,3,0.0,0.0,0.0,0.3333333333333333,136.0,20.0
EYW,SFB,EYW → SFB,27,28.59259259259259,28.62962962962963,0.25925925925925924,0.1111111111111111,292.0,46.148148148148145
EYW,TPA,EYW → TPA,15,5.8,3.2666666666666666,0.13333333333333333,0.0,240.0,44.46666666666667
FAI,ANC,FAI → ANC,976,5.296106557377049,6.023565573770492,0.1014344262295082,0.02151639344262295,261.0,43.93852459016394
FAI,DEN,FAI → DEN,5,7.4,4.2,0.2,0.0,2430.0,286.2
FAI,DFW,FAI → DFW,9,3.888888888888889,2.4444444444444446,0.1111111111111111,0.0,3056.0,351.55555555555554
FAI,MSP,FAI → MSP,51,29.901960784313726,26.568627450980394,0.13725490196078433,0.0,2466.0,285.45098039215685
FAI,ORD,FAI → ORD,54,8.24074074074074,10.851851851851851,0.14814814814814814,0.0,2785.0,325.0925925925926
FAI,SCC,FAI → SCC,42,4.333333333333333,4.880952380952381,0.07142857142857142,0.0,373.0,55.88095238095238
FAI,SEA,FAI → SEA,873,8.115693012600229,8.269186712485682,0.16265750286368844,0.012600229095074456,1533.0,185.92325315005726
FAI,SFO,FAI → SFO,3,0.0,0.0,0.0,0.0,2148.0,267.3333333333333
FAI,SLC,FAI → SLC,4,40.0,46.5,0.75,0.0,2183.0,259.25
FAR,ATL,FAR → ATL,5,15.0,16.8,0.4,0.0,1123.0,144.8
FAR,AZA,FAR → AZA,117,17.444444444444443,17.99145299145299,0.23076923076923078,0.008547008547008548,1220.0,162.008547008547
FAR,BNA,FAR → BNA,38,15.81578947368421,17.473684210526315,0.2894736842105263,0.05263157894736842,910.0,108.6842105263158
FAR,DEN,FAR → DEN,588,22.13605442176871,22.8265306122449,0.1989795918367347,0.0391156462585034,627.0,91.66666666666667
FAR,DFW,FAR → DFW,290,20.682758620689654,21.851724137931033,0.2103448275862069,0.02413793103448276,968.0,129.91379310344828
FAR,LAS,FAR → LAS,71,17.788732394366196,17.788732394366196,0.18309859154929578,0.056338028169014086,1205.0,153.74647887323943
FAR,LAX,FAR → LAX,11,7.818181818181818,6.545454545454546,0.18181818181818182,0.0,1440.0,190.0909090909091
FAR,MCO,FAR → MCO,9,149.44444444444446,153.66666666666666,0.1111111111111111,0.0,1526.0,186.22222222222223
FAR,MSP,FAR → MSP,901,11.18534961154273,11.520532741398446,0.13762486126526083,0.02774694783573807,223.0,39.26082130965594
FAR,ORD,FAR → ORD,621,15.276972624798711,15.859903381642512,0.17391304347826086,0.04830917874396135,557.0,78.22705314009661
FAR,PHX,FAR → PHX,56,13.714285714285714,15.660714285714286,0.26785714285714285,0.03571428571428571,1225.0,164.23214285714286
FAR,PIE,FAR → PIE,18,2.9444444444444446,2.5,0.05555555555555555,0.0,1519.0,180.0
FAR,SFB,FAR → SFB,36,13.11111111111111,14.38888888888889,0.3055555555555556,0.027777777777777776,1508.0,178.94444444444446
FAT,DEN,FAT → DEN,623,16.662921348314608,16.08186195826645,0.16051364365971107,0.02247191011235955,844.0,111.17817014446229
FAT,DFW,FAT → DFW,521,16.01919385796545,16.059500959692897,0.1727447216890595,0.03838771593090211,1313.0,156.24376199616123
FAT,LAS,FAT → LAS,544,15.597426470588236,16.753676470588236,0.25,0.027573529411764705,259.0,47.67279411764706
FAT,LAX,FAT → LAX,635,12.09291338582677,12.532283464566929,0.12125984251968504,0.006299212598425197,209.0,42.92125984251968
FAT,ORD,FAT → ORD,74,20.324324324324323,17.27027027027027,0.2702702702702703,0.02702702702702703,1730.0,201.44594594594594
FAT,PDX,FAT → PDX,234,8.196581196581196,8.713675213675213,0.10683760683760683,0.004273504273504274,626.0,94.14529914529915
FAT,PHX,FAT → PHX,639,12.646322378716745,12.161189358372457,0.13145539906103287,0.025039123630672927,493.0,75.98591549295774
FAT,SAN,FAT → SAN,364,8.052197802197803,9.052197802197803,0.08241758241758242,0.0027472527472527475,314.0,52.892857142857146
FAT,SEA,FAT → SEA,448,5.341517857142857,6.877232142857143,0.109375,0.011160714285714286,748.0,111.6875
FAT,SFO,FAT → SFO,534,16.586142322097377,15.840823970037453,0.1891385767790262,0.0149812734082397,158.0,31.60674157303371
FAT,SLC,FAT → SLC,587,8.691652470187394,7.642248722316865,0.08006814310051108,0.010221465076660987,501.0,73.53321976149915
FAY,ATL,FAY → ATL,563,14.339253996447603,14.580817051509769,0.12966252220248667,0.010657193605683837,331.0,60.42984014209591
FAY,CLT,FAY → CLT,645,11.167441860465116,9.530232558139534,0.14108527131782947,0.046511627906976744,118.0,33.51472868217054
FAY,DFW,FAY → DFW,85,12.75294117647059,12.129411764705882,0.12941176470588237,0.047058823529411764,1051.0,151.35294117647058
FCA,ATL,FCA → ATL,1,0.0,0.0,0.0,0.0,1842.0,222.0
FCA,AZA,FCA → AZA,29,13.344827586206897,14.344827586206897,0.1724137931034483,0.034482758620689655,1044.0,134.48275862068965
FCA,CLT,FCA → CLT,13,7.6923076923076925,7.461538461538462,0.23076923076923078,0.0,1923.0,237.07692307692307
FCA,DEN,FCA → DEN,435,15.020689655172413,17.79310344827586,0.19080459770114944,0.01839080459770115,752.0,100.82298850574712
FCA,DFW,FCA → DFW,63,54.38095238095238,56.36507936507937,0.2222222222222222,0.0,1390.0,175.52380952380952
FCA,IAH,FCA → IAH,12,6.5,8.833333333333334,0.16666666666666666,0.08333333333333333,1613.0,187.58333333333334
FCA,JFK,FCA → JFK,6,14.833333333333334,5.5,0.16666666666666666,0.0,2044.0,244.33333333333334
FCA,LAS,FCA → LAS,52,21.134615384615383,21.76923076923077,0.21153846153846154,0.019230769230769232,845.0,117.0
FCA,LAX,FCA → LAX,81,24.48148148148148,24.22222222222222,0.16049382716049382,0.0,1014.0,147.40740740740742
FCA,LGA,FCA → LGA,4,398.0,404.25,0.5,0.0,2035.0,244.0
FCA,MSP,FCA → MSP,219,9.949771689497718,9.91324200913242,0.0867579908675799,0.0045662100456621,1026.0,129.10045662100455
FCA,OAK,FCA → OAK,9,24.555555555555557,26.11111111111111,0.2222222222222222,0.0,834.0,121.22222222222223
FCA,ORD,FCA → ORD,125,14.136,15.08,0.192,0.008,1352.0,167.376
FCA,PDX,FCA → PDX,10,3.1,3.0,0.1,0.0,437.0,81.4
FCA,SAN,FCA → SAN,10,5.9,3.8,0.1,0.0,1086.0,153.2
FCA,SEA,FCA → SEA,273,7.197802197802198,9.824175824175825,0.1575091575091575,0.014652014652014652,379.0,73.7985347985348
FCA,SFO,FCA → SFO,66,12.651515151515152,13.954545454545455,0.12121212121212122,0.030303030303030304,844.0,125.03030303030303
FCA,SLC,FCA → SLC,553,7.808318264014466,8.077757685352623,0.0922242314647378,0.012658227848101266,531.0,76.72332730560579
FLG,DEN,FLG → DEN,43,16.767441860465116,18.674418604651162,0.2558139534883721,0.06976744186046512,503.0,67.79069767441861
FLG,DFW,FLG → DFW,275,12.887272727272727,13.86909090909091,0.14181818181818182,0.025454545454545455,853.0,107.67272727272727
FLG,PHX,FLG → PHX,620,9.796774193548387,10.21774193548387,0.10483870967741936,0.043548387096774194,119.0,27.38064516129032
FLL,ABE,FLL → ABE,26,35.73076923076923,36.19230769230769,0.34615384615384615,0.0,1041.0,142.34615384615384
FLL,ACY,FLL → ACY,268,14.888059701492537,14.182835820895523,0.23134328358208955,0.026119402985074626,977.0,124.07462686567165
FLL,ALB,FLL → ALB,201,21.114427860696516,20.611940298507463,0.2835820895522388,0.06467661691542288,1204.0,146.318407960199
FLL,ATL,FLL → ATL,3522,14.607609312890403,14.222884724588303,0.1970471323111868,0.016751845542305507,581.0,83.39040318001136
FLL,ATW,FLL → ATW,9,69.44444444444444,95.44444444444444,0.8888888888888888,0.1111111111111111,1338.0,160.44444444444446
FLL,AUS,FLL → AUS,462,15.391774891774892,15.670995670995671,0.2532467532467532,0.01948051948051948,1105.0,152.45454545454547
FLL,AVL,FLL → AVL,298,19.114093959731544,21.406040268456376,0.3187919463087248,0.050335570469798654,660.1610738255033,86.2751677852349
FLL,BDL,FLL → BDL,403,17.60545905707196,16.843672456575682,0.26054590570719605,0.02977667493796526,1173.0,145.80397022332505
FLL,BGR,FLL → BGR,6,1.5,2.5,0.16666666666666666,0.0,1438.0,179.33333333333334
FLL,BHM,FLL → BHM,3,0.0,0.0,0.0,0.0,650.0,93.33333333333333
FLL,BLV,FLL → BLV,24,10.0,9.958333333333334,0.125,0.08333333333333333,1028.0,125.91666666666667
FLL,BNA,FLL → BNA,826,14.663438256658596,14.391041162227603,0.19854721549636803,0.0423728813559322,793.0,107.5726392251816
FLL,BOS,FLL → BOS,1371,20.546316557257477,19.75492341356674,0.25309992706053974,0.025528811086797956,1237.0,157.33989788475566
FLL,BQN,FLL → BQN,178,19.43820224719101,18.43820224719101,0.3202247191011236,0.028089887640449437,982.0,116.49438202247191
FLL,BUF,FLL → BUF,254,12.956692913385826,13.17716535433071,0.19291338582677164,0.06299212598425197,1166.0,144.04330708661416
FLL,BWI,FLL → BWI,1772,12.246049661399548,11.243227990970654,0.1873589164785553,0.033860045146726865,925.0,119.29627539503386
FLL,BZN,FLL → BZN,9,8.222222222222221,2.7777777777777777,0.0,0.0,2183.0,285.8888888888889
FLL,CAK,FLL → CAK,9,10.666666666666666,8.11111111111111,0.2222222222222222,0.1111111111111111,1026.0,120.0
FLL,CHS,FLL → CHS,161,32.285714285714285,32.37888198757764,0.3167701863354037,0.024844720496894408,470.0,70.20496894409938
FLL,CLE,FLL → CLE,526,17.38973384030418,17.568441064638783,0.22053231939163498,0.024714828897338403,1062.0,136.65779467680608
FLL,CLT,FLL → CLT,1333,12.63165791447862,12.268567141785446,0.1522880720180045,0.030007501875468866,632.0,92.22130532633159
FLL,CMH,FLL → CMH,370,17.251351351351353,17.11081081081081,0.22972972972972974,0.01891891891891892,973.0,126.93783783783783
FLL,CVG,FLL → CVG,346,19.34971098265896,21.90173410404624,0.26011560693641617,0.06358381502890173,932.0,118.73121387283237
FLL,DAL,FLL → DAL,455,10.351648351648352,9.791208791208792,0.16703296703296702,0.035164835164835165,1108.0,151.94945054945055
FLL,DCA,FLL → DCA,912,20.788377192982455,20.25219298245614,0.26644736842105265,0.03070175438596491,899.0,118.13706140350877
FLL,DEN,FLL → DEN,903,12.49280177187154,12.839424141749722,0.19490586932447398,0.017718715393133997,1703.0,228.48062015503876
FLL,DFW,FLL → DFW,1300,17.15923076923077,17.310769230769232,0.21384615384615385,0.025384615384615384,1119.0,156.3830769230769
FLL,DSM,FLL → DSM,22,12.227272727272727,12.045454545454545,0.2727272727272727,0.0,1315.5454545454545,175.6818181818182
FLL,DTW,FLL → DTW,1170,13.776068376068377,14.007692307692308,0.1675213675213675,0.011965811965811967,1127.0,147.53846153846155
FLL,EWR,FLL → EWR,2318,22.402502157031925,23.18421052631579,0.26660914581535805,0.028041415012942193,1065.0,141.1578947368421
FLL,FNT,FLL → FNT,15,3.8666666666666667,6.533333333333333,0.2,0.06666666666666667,1182.0,151.46666666666667
FLL,FSD,FLL → FSD,12,16.5,17.166666666666668,0.25,0.08333333333333333,1526.0,192.5
FLL,GRR,FLL → GRR,21,17.238095238095237,18.476190476190474,0.38095238095238093,0.09523809523809523,1198.0,148.0
FLL,GSO,FLL → GSO,16,11.3125,11.3125,0.25,0.0,691.0,97.3125
FLL,GSP,FLL → GSP,52,48.65384615384615,48.96153846153846,0.3269230769230769,0.019230769230769232,620.0,83.8076923076923
FLL,HDN,FLL → HDN,8,4.375,4.5,0.125,0.0,1843.0,267.375
FLL,HOU,FLL → HOU,505,12.2,11.5009900990099,0.17425742574257425,0.02574257425742574,957.0,136.02178217821782
FLL,HPN,FLL → HPN,273,23.9010989010989,23.326007326007325,0.27106227106227104,0.029304029304029304,1097.0,145.06227106227107
FLL,IAD,FLL → IAD,358,9.932960893854748,10.072625698324023,0.11731843575418995,0.027932960893854747,901.0,118.64245810055866
FLL,IAG,FLL → IAG,27,6.7407407407407405,5.925925925925926,0.14814814814814814,0.037037037037037035,1176.0,146.88888888888889
FLL,IAH,FLL → IAH,1046,14.848948374760994,15.457934990439771,0.20363288718929254,0.02581261950286807,966.0,135.83173996175907
FLL,IND,FLL → IND,369,17.539295392953928,16.357723577235774,0.21680216802168023,0.03523035230352303,1005.0,132.98373983739836
FLL,ISP,FLL → ISP,144,23.13888888888889,22.493055555555557,0.2777777777777778,0.041666666666666664,1092.0,137.75694444444446
FLL,JAX,FLL → JAX,398,15.135678391959798,14.826633165829145,0.22613065326633167,0.04020100502512563,319.0,49.89447236180904
FLL,JFK,FLL → JFK,1754,27.005131128848348,26.161345496009123,0.2748004561003421,0.02508551881413911,1069.0,137.17958950969214
FLL,LAS,FLL → LAS,447,19.440715883668904,17.57046979865772,0.2505592841163311,0.02237136465324385,2173.0,281.2326621923937
FLL,LAX,FLL → LAX,948,12.924050632911392,14.04535864978903,0.20675105485232068,0.00949367088607595,2343.0,306.8691983122363
FLL,LBE,FLL → LBE,88,12.306818181818182,11.034090909090908,0.1590909090909091,0.056818181818181816,980.0,125.68181818181819
FLL,LCK,FLL → LCK,45,14.466666666666667,15.488888888888889,0.2,0.044444444444444446,961.0,123.06666666666666
FLL,LEX,FLL → LEX,58,44.8448275862069,46.10344827586207,0.3620689655172414,0.06896551724137931,865.0,109.06896551724138
FLL,LGA,FLL → LGA,1871,17.593265633351148,16.902191341528596,0.23623730625334047,0.034206306787814,1076.0,138.19668626402992
FLL,MCI,FLL → MCI,205,11.097560975609756,10.351219512195122,0.16585365853658537,0.02926829268292683,1242.0,166.21463414634147
FLL,MCO,FLL → MCO,792,15.246212121212121,14.579545454545455,0.22095959595959597,0.026515151515151516,177.0,33.61489898989899
FLL,MDT,FLL → MDT,15,16.466666666666665,21.466666666666665,0.26666666666666666,0.06666666666666667,993.0,129.8
FLL,MDW,FLL → MDW,617,13.239870340356564,12.213938411669368,0.19611021069692058,0.04700162074554295,1167.0,152.7358184764992
FLL,MEM,FLL → MEM,61,14.278688524590164,16.540983606557376,0.19672131147540983,0.06557377049180328,851.0,113.31147540983606
FLL,MHT,FLL → MHT,37,14.91891891891892,12.486486486486486,0.13513513513513514,0.10810810810810811,1262.0,145.21621621621622
FLL,MKE,FLL → MKE,93,15.118279569892474,13.440860215053764,0.20430107526881722,0.021505376344086023,1243.0,167.25806451612902
FLL,MSP,FLL → MSP,319,13.796238244514107,13.115987460815047,0.16927899686520376,0.01567398119122257,1487.0,198.98119122257054
FLL,MSY,FLL → MSY,711,14.395218002812939,13.746835443037975,0.2180028129395218,0.040787623066104076,674.0,95.23628691983123
FLL,MYR,FLL → MYR,203,9.773399014778326,9.379310344827585,0.1330049261083744,0.009852216748768473,529.0,79.49261083743842
FLL,ORD,FLL → ORD,1271,16.85129819040126,17.427222659323366,0.23996852871754523,0.01888276947285602,1182.0,161.87647521636507
FLL,ORF,FLL → ORF,58,23.879310344827587,26.5,0.3448275862068966,0.05172413793103448,781.0,101.56896551724138
FLL,ORH,FLL → ORH,94,25.22340425531915,24.5,0.2978723404255319,0.031914893617021274,1211.0,150.59574468085106
FLL,PBG,FLL → PBG,83,16.80722891566265,17.012048192771083,0.18072289156626506,0.08433734939759036,1334.0,150.710843373494
FLL,PDX,FLL → PDX,25,13.0,11.4,0.2,0.0,2694.0,365.76
FLL,PHL,FLL → PHL,1288,19.365683229813666,18.43866459627329,0.2329192546583851,0.019409937888198756,992.0,132.0939440993789
FLL,PHX,FLL → PHX,212,20.75943396226415,18.72641509433962,0.27358490566037735,0.0047169811320754715,1972.0,267.27830188679246
FLL,PIA,FLL → PIA,8,2.875,2.25,0.0,0.0,1145.0,153.125
FLL,PIT,FLL → PIT,433,18.290993071593533,16.67205542725173,0.23325635103926096,0.016166281755196306,994.0,129.78752886836028
FLL,PNS,FLL → PNS,27,31.48148148148148,32.51851851851852,0.4074074074074074,0.037037037037037035,525.0,80.5925925925926
FLL,PSP,FLL → PSP,1,0.0,0.0,0.0,0.0,2233.0,300.0
FLL,PVD,FLL → PVD,251,19.191235059760956,18.48605577689243,0.24302788844621515,0.027888446215139442,1188.0,147.6812749003984
FLL,PWM,FLL → PWM,1,0.0,0.0,0.0,0.0,1332.0,185.0
FLL,RDU,FLL → RDU,651,21.282642089093702,20.127496159754223,0.22119815668202766,0.009216589861751152,680.0,97.605222734255
FLL,RIC,FLL → RIC,330,26.996969696969696,26.493939393939392,0.27575757575757576,0.03939393939393939,805.0,104.80606060606061
FLL,ROC,FLL → ROC,2,8.5,12.0,0.5,0.0,1183.0,163.0
FLL,SAN,FLL → SAN,116,24.482758620689655,22.370689655172413,0.3103448275862069,0.02586206896551724,2269.0,295.75
FLL,SAT,FLL → SAT,77,10.415584415584416,9.077922077922079,0.18181818181818182,0.03896103896103896,1145.0,156.3896103896104
FLL,SDF,FLL → SDF,89,20.573033707865168,21.741573033707866,0.34831460674157305,0.02247191011235955,895.0,121.29213483146067
FLL,SEA,FLL → SEA,295,13.91864406779661,13.491525423728813,0.22372881355932203,0.030508474576271188,2717.0,353.1593220338983
FLL,SFO,FLL → SFO,449,15.396436525612472,14.859688195991092,0.20489977728285078,0.0022271714922048997,2584.0,342.7639198218263
FLL,SJU,FLL → SJU,1290,17.794573643410853,16.22170542635659,0.24496124031007752,0.024806201550387597,1046.0,124.01782945736434
FLL,SLC,FLL → SLC,289,10.816608996539792,10.550173010380623,0.16262975778546712,0.01730103806228374,2084.0,275.28373702422147
FLL,STL,FLL → STL,402,13.753731343283581,13.027363184079602,0.20149253731343283,0.02736318407960199,1057.0,141.40796019900498
FLL,STT,FLL → STT,168,12.988095238095237,11.416666666666666,0.16666666666666666,0.0,1107.0,134.17857142857142
FLL,STX,FLL → STX,131,14.114503816793894,13.49618320610687,0.16793893129770993,0.022900763358778626,1140.0,134.64885496183206
FLL,SWF,FLL → SWF,61,21.278688524590162,22.21311475409836,0.32786885245901637,0.01639344262295082,1118.0,154.95081967213116
FLL,SYR,FLL → SYR,65,18.692307692307693,22.246153846153845,0.3076923076923077,0.06153846153846154,1197.0,145.30769230769232
FLL,TPA,FLL → TPA,682,14.06158357771261,12.516129032258064,0.18621700879765396,0.03519061583577713,197.0,36.429618768328446
FLL,TTN,FLL → TTN,74,19.22972972972973,20.635135135135137,0.2972972972972973,0.06756756756756757,1026.0,130.27027027027026
FLL,TYS,FLL → TYS,137,22.576642335766422,24.364963503649633,0.25547445255474455,0.058394160583941604,708.1897810218978,90.78832116788321
FLL,USA,FLL → USA,138,12.840579710144928,15.594202898550725,0.3188405797101449,0.07246376811594203,643.0,88.6304347826087
FLL,XNA,FLL → XNA,16,23.5,26.5,0.5,0.0,1092.0,150.5625
FLO,CLT,FLO → CLT,7,0.7142857142857143,3.2857142857142856,0.14285714285714285,0.0,99.0,28.285714285714285
FNT,ATL,FNT → ATL,150,2.6666666666666665,3.1533333333333333,0.06,0.02,645.0,101.54666666666667
FNT,AZA,FNT → AZA,28,38.285714285714285,42.67857142857143,0.32142857142857145,0.03571428571428571,1650.0,218.78571428571428
FNT,BNA,FNT → BNA,29,26.96551724137931,31.06896551724138,0.3793103448275862,0.034482758620689655,497.0,73.86206896551724
FNT,BOS,FNT → BOS,7,20.857142857142858,20.428571428571427,0.42857142857142855,0.0,650.0,89.14285714285714
FNT,CLT,FNT → CLT,228,15.197368421052632,13.131578947368421,0.13157894736842105,0.021929824561403508,555.0,87.17105263157895
FNT,FLL,FNT → FLL,9,73.33333333333333,86.66666666666667,0.3333333333333333,0.1111111111111111,1182.0,140.77777777777777
FNT,JAX,FNT → JAX,11,8.727272727272727,12.0,0.18181818181818182,0.0,867.0,122.0909090909091
FNT,LAS,FNT → LAS,25,7.72,7.92,0.12,0.08,1733.0,211.48
FNT,ORD,FNT → ORD,470,11.238297872340425,12.51063829787234,0.14893617021276595,0.03829787234042553,223.0,44.58085106382979
FNT,PGD,FNT → PGD,99,24.595959595959595,30.818181818181817,0.43434343434343436,0.04040404040404041,1111.0,144.35353535353536
FNT,PIE,FNT → PIE,101,25.475247524752476,27.85148514851485,0.26732673267326734,0.0,1040.0,140.96039603960395
FNT,SAV,FNT → SAV,4,12.75,12.25,0.25,0.0,760.0,102.25
FNT,SFB,FNT → SFB,108,14.592592592592593,15.953703703703704,0.28703703703703703,0.06481481481481481,988.0,122.97222222222223
FNT,SRQ,FNT → SRQ,43,19.627906976744185,24.6046511627907,0.4418604651162791,0.023255813953488372,1075.0,144.1860465116279
FOD,DEN,FOD → DEN,8,174.0,170.625,0.125,0.0,576.0,85.625
FOD,MCW,FOD → MCW,56,27.857142857142858,29.107142857142858,0.17857142857142858,0.03571428571428571,61.0,18.178571428571427
FOD,ORD,FOD → ORD,80,13.975,11.825,0.1,0.025,325.0,52.5625
FSD,ATL,FSD → ATL,137,14.897810218978103,15.569343065693431,0.12408759124087591,0.0364963503649635,954.0,114.15328467153284
FSD,AUS,FSD → AUS,17,8.411764705882353,13.470588235294118,0.17647058823529413,0.058823529411764705,925.0,115.6470588235294
FSD,AZA,FSD → AZA,130,13.084615384615384,13.86923076923077,0.2923076923076923,0.023076923076923078,1072.0,144.66153846153847
FSD,BNA,FSD → BNA,23,78.78260869565217,89.43478260869566,0.2608695652173913,0.08695652173913043,741.0,89.26086956521739
FSD,CLT,FSD → CLT,60,10.6,7.666666666666667,0.1,0.0,1021.0,134.13333333333333
FSD,DEN,FSD → DEN,608,14.65296052631579,16.085526315789473,0.21546052631578946,0.03782894736842105,483.0,74.26151315789474
FSD,DFW,FSD → DFW,416,24.170673076923077,23.451923076923077,0.20192307692307693,0.05048076923076923,737.0,99.81971153846153
FSD,FLL,FSD → FLL,6,44.666666666666664,41.666666666666664,0.5,0.0,1526.0,184.0
FSD,LAS,FSD → LAS,113,14.513274336283185,15.938053097345133,0.20353982300884957,0.04424778761061947,1104.0,145.7433628318584
FSD,LAX,FSD → LAX,6,41.0,32.833333333333336,0.3333333333333333,0.0,1340.0,173.83333333333334
FSD,MCO,FSD → MCO,3,0.0,0.0,0.0,0.0,1351.0,159.66666666666666
FSD,MSP,FSD → MSP,822,7.816301703163017,8.454987834549879,0.1192214111922141,0.019464720194647202,196.0,36.531630170316305
FSD,ORD,FSD → ORD,601,14.92179700499168,16.03161397670549,0.17970049916805325,0.04991680532445923,462.7520798668885,65.99667221297837
FSD,PGD,FSD → PGD,25,11.8,15.08,0.24,0.0,1415.0,171.76
FSD,PHX,FSD → PHX,211,19.23696682464455,18.13270142180095,0.1895734597156398,0.023696682464454975,1081.0,145.74881516587678
FSD,PIE,FSD → PIE,28,13.535714285714286,17.0,0.32142857142857145,0.0,1334.0,161.07142857142858
FSD,SAN,FSD → SAN,9,23.333333333333332,24.77777777777778,0.3333333333333333,0.0,1336.0,174.0
FSD,SFB,FSD → SFB,44,14.409090909090908,15.545454545454545,0.25,0.045454545454545456,1334.0,155.3181818181818
FSD,SNA,FSD → SNA,10,13.6,17.3,0.2,0.0,1326.0,179.4
FSM,ATL,FSM → ATL,102,11.46078431372549,11.235294117647058,0.14705882352941177,0.0,579.0,81.7843137254902
FSM,DFW,FSM → DFW,606,13.033003300330034,14.292079207920793,0.13861386138613863,0.0429042904290429,227.0,41.84488448844885
FWA,ATL,FWA → ATL,508,16.5748031496063,15.775590551181102,0.16929133858267717,0.003937007874015748,508.0,82.04724409448819
FWA,AZA,FWA → AZA,35,21.34285714285714,20.62857142857143,0.2857142857142857,0.0,1546.0,213.97142857142856
FWA,CLT,FWA → CLT,188,15.404255319148936,14.909574468085106,0.13829787234042554,0.047872340425531915,460.0,68.42553191489361
FWA,DFW,FWA → DFW,385,23.57922077922078,23.54025974025974,0.17662337662337663,0.033766233766233764,859.0,122.11688311688312
FWA,DTW,FWA → DTW,259,10.528957528957529,9.594594594594595,0.12355212355212356,0.003861003861003861,128.0,29.131274131274132
FWA,LAS,FWA → LAS,29,22.0,22.03448275862069,0.27586206896551724,0.034482758620689655,1649.0,214.24137931034483
FWA,MSP,FWA → MSP,118,16.25423728813559,15.211864406779661,0.13559322033898305,0.00847457627118644,488.0,82.16101694915254
FWA,MYR,FWA → MYR,16,7.8125,14.0,0.3125,0.0,610.0,79.875
FWA,ORD,FWA → ORD,768,15.384114583333334,15.455729166666666,0.16276041666666666,0.048177083333333336,157.0,34.319010416666664
FWA,PGD,FWA → PGD,101,27.10891089108911,30.99009900990099,0.44554455445544555,0.0297029702970297,986.0,124.33663366336634
FWA,PHL,FWA → PHL,5,19.6,20.0,0.2,0.0,530.0,85.6
FWA,PIE,FWA → PIE,96,21.979166666666668,21.270833333333332,0.2916666666666667,0.07291666666666667,912.0,108.91666666666667
FWA,SFB,FWA → SFB,52,14.403846153846153,14.884615384615385,0.2692307692307692,0.038461538461538464,870.0,109.26923076923077
FWA,SRQ,FWA → SRQ,22,38.95454545454545,38.54545454545455,0.36363636363636365,0.09090909090909091,948.0,110.5
GCC,DEN,GCC → DEN,313,14.198083067092652,15.568690095846645,0.14057507987220447,0.03514376996805112,313.0,52.82428115015974
GCC,SHR,GCC → SHR,7,2.857142857142857,1.4285714285714286,0.0,0.0,77.0,19.285714285714285
GCK,DFW,GCK → DFW,369,8.506775067750677,10.254742547425474,0.13279132791327913,0.02168021680216802,404.0,62.799457994579946
GEG,ATL,GEG → ATL,95,10.221052631578948,8.326315789473684,0.10526315789473684,0.0,1969.0,225.7578947368421
GEG,AZA,GEG → AZA,20,45.6,43.4,0.5,0.05,1034.0,130.3
GEG,BOI,GEG → BOI,292,6.955479452054795,7.291095890410959,0.13356164383561644,0.0136986301369863,287.0,49.03082191780822
GEG,DEN,GEG → DEN,818,9.381418092909536,10.167481662591687,0.15770171149144255,0.01589242053789731,836.0,106.19559902200488
GEG,DFW,GEG → DFW,245,15.910204081632653,17.00408163265306,0.2,0.0163265306122449,1477.0,177.75102040816327
GEG,LAS,GEG → LAS,443,9.864559819413092,9.191873589164786,0.1580135440180587,0.020316027088036117,806.0,109.22573363431151
GEG,LAX,GEG → LAX,248,6.338709677419355,8.75,0.1532258064516129,0.012096774193548387,945.0,132.9233870967742
GEG,MDW,GEG → MDW,10,3.7,9.9,0.1,0.0,1511.0,191.0
GEG,MSP,GEG → MSP,335,12.274626865671642,11.57910447761194,0.14029850746268657,0.005970149253731343,1175.0,140.37611940298507
GEG,OAK,GEG → OAK,304,5.983552631578948,4.9769736842105265,0.08552631578947369,0.009868421052631578,723.0,102.92763157894737
GEG,ORD,GEG → ORD,102,38.8921568627451,37.5,0.1568627450980392,0.06862745098039216,1498.0,167.34313725490196
GEG,PAE,GEG → PAE,65,4.015384615384615,3.8615384615384616,0.09230769230769231,0.046153846153846156,222.0,41.15384615384615
GEG,PDX,GEG → PDX,334,6.724550898203593,7.661676646706587,0.10179640718562874,0.014970059880239521,279.0,55.02395209580838
GEG,PHX,GEG → PHX,401,15.251870324189527,15.149625935162094,0.13216957605985039,0.014962593516209476,1020.0,130.04239401496258
GEG,SAN,GEG → SAN,155,7.380645161290323,8.341935483870968,0.14193548387096774,0.0064516129032258064,1027.0,139.39354838709679
GEG,SEA,GEG → SEA,2203,8.433499773036768,8.967317294598274,0.12755333635950977,0.012256014525646845,224.0,45.669541534271445
GEG,SFO,GEG → SFO,319,13.962382445141065,15.808777429467085,0.16927899686520376,0.009404388714733543,733.0,109.89968652037618
GEG,SJC,GEG → SJC,189,9.968253968253968,9.132275132275133,0.15343915343915343,0.005291005291005291,742.0,108.01587301587301
GEG,SLC,GEG → SLC,738,9.146341463414634,9.410569105691057,0.10298102981029811,0.006775067750677507,546.0,75.57723577235772
GEG,SMF,GEG → SMF,197,11.82233502538071,9.791878172588833,0.13705583756345177,0.02030456852791878,649.0,86.7258883248731
GEG,SNA,GEG → SNA,35,47.02857142857143,49.285714285714285,0.34285714285714286,0.02857142857142857,962.0,134.28571428571428
GFK,AZA,GFK → AZA,45,18.666666666666668,15.422222222222222,0.17777777777777778,0.044444444444444446,1260.0,159.95555555555555
GFK,LAS,GFK → LAS,61,9.131147540983607,10.327868852459016,0.18032786885245902,0.06557377049180328,1230.0,155.24590163934425
GFK,MSP,GFK → MSP,580,8.448275862068966,8.581034482758621,0.1,0.022413793103448276,284.0,47.95
GFK,SFB,GFK → SFB,6,53.5,58.666666666666664,0.5,0.0,1573.0,194.33333333333334
GGG,DFW,GGG → DFW,393,13.346055979643767,15.597964376590332,0.16793893129770993,0.027989821882951654,140.0,34.30534351145038
GJT,AZA,GJT → AZA,37,15.864864864864865,17.7027027027027,0.21621621621621623,0.0,437.0,65.67567567567568
GJT,DEN,GJT → DEN,510,22.264705882352942,23.694117647058825,0.21764705882352942,0.03137254901960784,212.0,40.588235294117645
GJT,DFW,GJT → DFW,498,11.405622489959839,12.73293172690763,0.142570281124498,0.012048192771084338,773.0,100.07831325301204
GJT,LAS,GJT → LAS,55,30.618181818181817,31.490909090909092,0.2909090909090909,0.07272727272727272,420.0,59.89090909090909
GJT,LAX,GJT → LAX,8,12.125,9.125,0.375,0.0,655.0,92.125
GJT,MTJ,GJT → MTJ,5,0.0,0.0,0.0,0.0,54.0,13.8
GJT,ORD,GJT → ORD,2,0.0,0.0,0.0,0.0,1100.0,142.5
GJT,PHX,GJT → PHX,367,10.408719346049047,10.253405994550409,0.11444141689373297,0.008174386920980926,438.0,70.73841961852861
GJT,SLC,GJT → SLC,321,12.236760124610592,13.249221183800623,0.09968847352024922,0.006230529595015576,216.0,41.822429906542055
GJT,SNA,GJT → SNA,12,14.583333333333334,11.833333333333334,0.4166666666666667,0.08333333333333333,641.0,82.0
GNV,ATL,GNV → ATL,858,10.975524475524475,10.79137529137529,0.1351981351981352,0.013986013986013986,300.0,51.827505827505824
GNV,CLT,GNV → CLT,554,12.611913357400722,12.752707581227437,0.15162454873646208,0.039711191335740074,388.0,60.5956678700361
GNV,DFW,GNV → DFW,233,19.51502145922747,20.313304721030043,0.21888412017167383,0.02145922746781116,900.0,134.343347639485
GNV,MIA,GNV → MIA,169,11.63905325443787,12.100591715976332,0.17751479289940827,0.023668639053254437,294.0,51.112426035502956
GPT,ATL,GPT → ATL,640,9.715625,10.6421875,0.11875,0.0125,352.0,53.1921875
GPT,BNA,GPT → BNA,6,0.0,0.0,0.0,0.3333333333333333,418.0,42.666666666666664
GPT,CLT,GPT → CLT,406,9.541871921182265,9.25615763546798,0.11330049261083744,0.027093596059113302,577.0,78.4088669950739
GPT,DFW,GPT → DFW,426,13.633802816901408,14.586854460093896,0.18309859154929578,0.04225352112676056,500.0,79.54460093896714
GPT,IAH,GPT → IAH,154,6.805194805194805,8.25974025974026,0.11688311688311688,0.032467532467532464,376.0,66.63636363636364
GPT,SFB,GPT → SFB,31,10.161290322580646,11.387096774193548,0.3225806451612903,0.06451612903225806,485.0,65.83870967741936
GRB,ATL,GRB → ATL,198,9.54040404040404,10.025252525252526,0.10101010101010101,0.005050505050505051,774.0,107.66161616161617
GRB,DEN,GRB → DEN,34,18.235294117647058,23.029411764705884,0.35294117647058826,0.029411764705882353,905.0,127.79411764705883
GRB,DTW,GRB → DTW,488,8.989754098360656,9.272540983606557,0.10655737704918032,0.01639344262295082,287.0,45.98565573770492
GRB,FLL,GRB → FLL,1,163.0,160.0,1.0,0.0,1345.0,191.0
GRB,IAD,GRB → IAD,1,0.0,0.0,0.0,0.0,670.0,86.0
GRB,MCO,GRB → MCO,21,8.904761904761905,12.047619047619047,0.23809523809523808,0.0,1169.0,149.85714285714286
GRB,MSP,GRB → MSP,495,7.844444444444444,8.422222222222222,0.09292929292929293,0.014141414141414142,252.0,47.094949494949496
GRB,ORD,GRB → ORD,745,13.99731543624161,16.178523489932886,0.17181208053691274,0.04697986577181208,173.7503355704698,39.676510067114094
GRB,TPA,GRB → TPA,7,30.571428571428573,29.571428571428573,0.42857142857142855,0.0,1180.0,149.85714285714286
GRI,AZA,GRI → AZA,63,28.444444444444443,29.50793650793651,0.3333333333333333,0.015873015873015872,905.0,122.46031746031746
GRI,DFW,GRI → DFW,318,14.930817610062894,16.553459119496857,0.1949685534591195,0.031446540880503145,561.0,83.20440251572327
GRI,LAS,GRI → LAS,67,23.53731343283582,23.611940298507463,0.2835820895522388,0.04477611940298507,971.0,129.16417910447763
GRK,DFW,GRK → DFW,965,13.402072538860104,14.665284974093264,0.17823834196891192,0.04041450777202073,134.0,31.8
GRK,IAH,GRK → IAH,212,10.245283018867925,12.94811320754717,0.1509433962264151,0.03773584905660377,166.0,34.45754716981132
GRR,ATL,GRR → ATL,627,6.389154704944179,7.293460925039873,0.12440191387559808,0.009569377990430622,640.0,93.11323763955343
GRR,AUS,GRR → AUS,26,17.923076923076923,23.384615384615383,0.3076923076923077,0.0,1103.0,149.80769230769232
GRR,AZA,GRR → AZA,86,11.593023255813954,13.104651162790697,0.19767441860465115,0.046511627906976744,1561.0,204.7093023255814
GRR,BNA,GRR → BNA,31,9.290322580645162,10.96774193548387,0.16129032258064516,0.03225806451612903,470.0,67.45161290322581
GRR,BOS,GRR → BOS,22,3.5,8.545454545454545,0.13636363636363635,0.13636363636363635,740.0,80.5
GRR,BWI,GRR → BWI,194,7.551546391752577,7.938144329896907,0.13917525773195877,0.005154639175257732,528.0,74.54123711340206
GRR,CLT,GRR → CLT,425,14.362352941176471,14.407058823529411,0.1388235294117647,0.02823529411764706,583.0,82.66823529411765
GRR,DCA,GRR → DCA,245,16.808163265306124,17.6,0.21224489795918366,0.036734693877551024,524.0,74.5061224489796
GRR,DEN,GRR → DEN,533,11.106941838649156,10.810506566604127,0.15947467166979362,0.01125703564727955,1015.0,144.5422138836773
GRR,DFW,GRR → DFW,441,22.20861678004535,22.693877551020407,0.2494331065759637,0.031746031746031744,931.0,130.22675736961452
GRR,DTW,GRR → DTW,821,8.228989037758831,8.862362971985384,0.10596833130328867,0.018270401948842874,120.0,27.214372716199755
GRR,EWR,GRR → EWR,236,13.461864406779661,14.927966101694915,0.1864406779661017,0.1228813559322034,605.0,74.79661016949153
GRR,FLL,GRR → FLL,26,15.384615384615385,17.346153846153847,0.2692307692307692,0.07692307692307693,1198.0,147.30769230769232
GRR,IAD,GRR → IAD,5,1.8,0.2,0.0,0.0,501.0,70.6
GRR,IAH,GRR → IAH,145,27.213793103448275,29.76551724137931,0.23448275862068965,0.020689655172413793,1042.0,150.2206896551724
GRR,JAX,GRR → JAX,11,1.4545454545454546,3.272727272727273,0.09090909090909091,0.2727272727272727,880.0,85.27272727272727
GRR,LAS,GRR → LAS,91,5.637362637362638,6.769230769230769,0.14285714285714285,0.04395604395604396,1642.0,213.0879120879121
GRR,LAX,GRR → LAX,19,18.63157894736842,20.68421052631579,0.21052631578947367,0.05263157894736842,1874.0,232.05263157894737
GRR,LGA,GRR → LGA,244,15.471311475409836,16.704918032786885,0.1721311475409836,0.028688524590163935,618.0,83.44262295081967
GRR,MCO,GRR → MCO,179,16.3463687150838,18.636871508379887,0.22905027932960895,0.03910614525139665,1024.0,130.3240223463687
GRR,MDW,GRR → MDW,439,7.380410022779043,6.603644646924829,0.11845102505694761,0.03644646924829157,137.0,34.58542141230068
GRR,MIA,GRR → MIA,41,31.829268292682926,32.65853658536585,0.2926829268292683,0.024390243902439025,1214.0,161.1951219512195
GRR,MSP,GRR → MSP,675,8.537777777777778,8.68,0.1111111111111111,0.014814814814814815,408.0,67.29777777777778
GRR,MSY,GRR → MSY,3,0.0,7.666666666666667,0.0,0.0,927.0,133.0
GRR,ORD,GRR → ORD,1129,10.842338352524358,11.25155004428698,0.1488042515500443,0.043401240035429584,137.0,31.618246235606733
GRR,PDX,GRR → PDX,16,9.8125,10.125,0.25,0.0,1833.0,238.0625
GRR,PGD,GRR → PGD,122,11.918032786885245,17.098360655737704,0.319672131147541,0.03278688524590164,1118.0,141.49180327868854
GRR,PHL,GRR → PHL,129,7.4728682170542635,8.217054263565892,0.12403100775193798,0.03875968992248062,573.0,78.08527131782945
GRR,PHX,GRR → PHX,80,46.9,44.9875,0.1375,0.0125,1574.0,218.75
GRR,PIE,GRR → PIE,178,18.51123595505618,20.859550561797754,0.24157303370786518,0.0449438202247191,1044.0,129.97752808988764
GRR,RAP,GRR → RAP,1,0.0,0.0,0.0,1.0,884.0,0.0
GRR,RSW,GRR → RSW,86,9.023255813953488,10.30232558139535,0.18604651162790697,0.011627906976744186,1147.0,149.37209302325581
GRR,SAV,GRR → SAV,16,1.9375,6.1875,0.1875,0.0,778.0,104.25
GRR,SFB,GRR → SFB,178,26.56741573033708,28.93258426966292,0.2696629213483146,0.056179775280898875,1001.0,122.4494382022472
GRR,SRQ,GRR → SRQ,67,19.08955223880597,19.686567164179106,0.22388059701492538,0.0,1080.0,140.47761194029852
GRR,STL,GRR → STL,1,0.0,0.0,0.0,0.0,382.0,62.0
GRR,TPA,GRR → TPA,47,15.319148936170214,15.085106382978724,0.19148936170212766,0.06382978723404255,1041.0,128.36170212765958
GRR,VPS,GRR → VPS,21,10.095238095238095,13.761904761904763,0.23809523809523808,0.0,857.0,115.47619047619048
GSO,ATL,GSO → ATL,1131,6.242263483642794,5.872679045092839,0.07250221043324491,0.016799292661361626,306.0,52.298850574712645
GSO,BNA,GSO → BNA,4,6.0,8.5,0.25,0.0,377.0,63.5
GSO,CLT,GSO → CLT,1033,9.823814133591481,9.727976766698935,0.12681510164569215,0.02032913843175218,83.0,26.894482090997094
GSO,DCA,GSO → DCA,305,14.826229508196722,15.20655737704918,0.16393442622950818,0.04262295081967213,248.0,44.18032786885246
GSO,DFW,GSO → DFW,399,10.964912280701755,10.919799498746867,0.12030075187969924,0.03007518796992481,999.0,146.62406015037595
GSO,DTW,GSO → DTW,176,12.607954545454545,11.568181818181818,0.14204545454545456,0.03977272727272727,460.0,71.11931818181819
GSO,EWR,GSO → EWR,182,19.692307692307693,21.65934065934066,0.29120879120879123,0.06593406593406594,445.0,65.35164835164835
GSO,FLL,GSO → FLL,20,4.45,4.25,0.15,0.05,691.0,91.4
GSO,IAD,GSO → IAD,2,14.0,6.5,0.0,0.0,239.0,43.5
GSO,LGA,GSO → LGA,769,17.798439531859557,18.713914174252277,0.1846553966189857,0.04161248374512354,461.0,66.851755526658
GSO,MCO,GSO → MCO,39,13.871794871794872,15.0,0.15384615384615385,0.02564102564102564,535.0,75.76923076923077
GSO,MIA,GSO → MIA,191,9.832460732984293,11.036649214659686,0.09424083769633508,0.02617801047120419,710.0,102.93717277486911
GSO,ORD,GSO → ORD,274,11.273722627737227,11.791970802919709,0.1386861313868613,0.05474452554744526,589.0,91.85401459854015
GSO,PHL,GSO → PHL,123,20.1869918699187,17.991869918699187,0.22764227642276422,0.016260162601626018,365.0,59.56910569105691
GSO,PIE,GSO → PIE,49,15.326530612244898,16.06122448979592,0.22448979591836735,0.061224489795918366,587.0,80.6734693877551
GSO,SFB,GSO → SFB,33,9.818181818181818,9.212121212121213,0.24242424242424243,0.12121212121212122,510.0,62.90909090909091
GSO,TPA,GSO → TPA,8,5.375,8.875,0.25,0.0,580.0,86.875
GSP,ATL,GSP → ATL,1543,6.068049254698639,5.716785482825665,0.08036292935839275,0.016202203499675955,153.0,32.618924173687624
GSP,BOS,GSP → BOS,1,0.0,0.0,0.0,0.0,795.0,109.0
GSP,BWI,GSP → BWI,115,8.669565217391304,7.165217391304348,0.0782608695652174,0.017391304347826087,426.0,62.96521739130435
GSP,CLT,GSP → CLT,1158,9.57167530224525,9.810880829015543,0.15198618307426598,0.022452504317789293,75.0,26.800518134715027
GSP,DCA,GSP → DCA,342,14.821637426900585,14.87719298245614,0.17251461988304093,0.02631578947368421,396.0,62.973684210526315
GSP,DEN,GSP → DEN,138,7.8768115942028984,9.347826086956522,0.13043478260869565,0.050724637681159424,1278.0,181.7536231884058
GSP,DFW,GSP → DFW,391,13.631713554987213,13.281329923273658,0.19948849104859334,0.028132992327365727,862.0,127.3145780051151
GSP,DTW,GSP → DTW,274,6.145985401459854,5.671532846715328,0.072992700729927,0.0036496350364963502,508.0,78.66423357664233
GSP,EWR,GSP → EWR,260,16.723076923076924,19.465384615384615,0.21923076923076923,0.06923076923076923,594.0,82.66923076923077
GSP,FLL,GSP → FLL,47,60.95744680851064,63.5531914893617,0.3829787234042553,0.0425531914893617,620.0,87.36170212765957
GSP,HOU,GSP → HOU,51,10.352941176470589,8.96078431372549,0.13725490196078433,0.0392156862745098,845.0,119.54901960784314
GSP,IAD,GSP → IAD,94,7.9787234042553195,7.74468085106383,0.0851063829787234,0.05319148936170213,384.0,58.255319148936174
GSP,IAH,GSP → IAH,228,7.991228070175438,7.982456140350878,0.09649122807017543,0.02631578947368421,837.0,125.81140350877193
GSP,LAS,GSP → LAS,7,24.571428571428573,24.571428571428573,0.42857142857142855,0.0,1850.0,246.0
GSP,LGA,GSP → LGA,317,15.59621451104101,16.460567823343847,0.1829652996845426,0.05362776025236593,610.0,82.98107255520505
GSP,MCO,GSP → MCO,11,15.272727272727273,18.09090909090909,0.2727272727272727,0.0,449.0,64.45454545454545
GSP,MIA,GSP → MIA,182,6.153846153846154,5.686813186813187,0.12087912087912088,0.027472527472527472,637.0,89.96153846153847
GSP,ORD,GSP → ORD,472,19.622881355932204,20.559322033898304,0.2245762711864407,0.03389830508474576,577.0,92.33474576271186
GSP,PHL,GSP → PHL,218,16.08256880733945,16.380733944954127,0.17889908256880735,0.01834862385321101,515.0,77.70183486238533
GSP,PIE,GSP → PIE,49,13.244897959183673,14.040816326530612,0.24489795918367346,0.02040816326530612,482.0,69.42857142857143
GSP,SFB,GSP → SFB,45,10.666666666666666,13.755555555555556,0.26666666666666666,0.022222222222222223,425.1777777777778,62.53333333333333
GSP,SJC,GSP → SJC,1,5.0,22.0,1.0,0.0,2211.0,338.0
GSP,TPA,GSP → TPA,4,121.0,119.25,0.25,0.0,477.0,72.5
GST,JNU,GST → JNU,39,2.2564102564102564,2.4615384615384617,0.07692307692307693,0.05128205128205128,41.0,14.794871794871796
GTF,AZA,GTF → AZA,47,18.19148936170213,21.382978723404257,0.2978723404255319,0.0851063829787234,978.0,116.80851063829788
GTF,DEN,GTF → DEN,279,15.516129032258064,16.85663082437276,0.1827956989247312,0.03225806451612903,623.0,85.96774193548387
GTF,HLN,GTF → HLN,1,0.0,0.0,0.0,0.0,67.0,21.0
GTF,LAS,GTF → LAS,49,14.510204081632653,13.775510204081632,0.24489795918367346,0.04081632653061224,811.0,106.95918367346938
GTF,MSP,GTF → MSP,117,5.82051282051282,6.017094017094017,0.05128205128205128,0.008547008547008548,887.0,113.05982905982906
GTF,ORD,GTF → ORD,14,0.7857142857142857,2.2857142857142856,0.07142857142857142,0.0,1210.7857142857142,155.42857142857142
GTF,SEA,GTF → SEA,132,11.318181818181818,13.916666666666666,0.21212121212121213,0.007575757575757576,512.0,94.16666666666667
GTF,SLC,GTF → SLC,461,6.511930585683297,7.151843817787419,0.0737527114967462,0.004338394793926247,463.0,69.38394793926247
GTR,ATL,GTR → ATL,497,10.895372233400403,10.454728370221329,0.09859154929577464,0.004024144869215292,241.0,44.95372233400403
GUC,DEN,GUC → DEN,201,20.940298507462686,23.29850746268657,0.23880597014925373,0.03482587064676617,152.0,33.51243781094527
GUC,DFW,GUC → DFW,62,23.032258064516128,23.79032258064516,0.22580645161290322,0.03225806451612903,678.0,87.56451612903226
GUC,IAH,GUC → IAH,41,22.390243902439025,19.682926829268293,0.17073170731707318,0.024390243902439025,886.0,115.36585365853658
GUM,HNL,GUM → HNL,151,5.311258278145695,5.0927152317880795,0.10596026490066225,0.013245033112582781,3801.0,399.8675496688742
GUM,SPN,GUM → SPN,169,3.0,3.2366863905325443,0.07100591715976332,0.005917159763313609,129.0,24.928994082840237
HDN,ATL,HDN → ATL,47,16.638297872340427,15.72340425531915,0.2127659574468085,0.0851063829787234,1340.0,141.74468085106383
HDN,BNA,HDN → BNA,1,10.0,0.0,0.0,0.0,1153.0,127.0
HDN,BOS,HDN → BOS,16,18.8125,20.5625,0.1875,0.0,1871.0,210.1875
HDN,DAL,HDN → DAL,12,38.75,32.666666666666664,0.16666666666666666,0.0,779.0,103.33333333333333
HDN,DEN,HDN → DEN,604,13.658940397350994,17.167218543046356,0.2367549668874172,0.04304635761589404,141.0,30.362582781456954
HDN,DFW,HDN → DFW,79,26.151898734177216,27.303797468354432,0.25316455696202533,0.0379746835443038,769.0,97.56962025316456
HDN,EWR,HDN → EWR,15,29.666666666666668,27.266666666666666,0.2,0.13333333333333333,1728.0,170.86666666666667
HDN,FLL,HDN → FLL,14,25.714285714285715,32.642857142857146,0.35714285714285715,0.0,1843.0,211.5
HDN,HOU,HDN → HOU,1,0.0,0.0,0.0,0.0,1006.0,127.0
HDN,IAD,HDN → IAD,7,15.142857142857142,26.0,0.42857142857142855,0.0,1582.0,175.57142857142858
HDN,IAH,HDN → IAH,51,18.88235294117647,18.50980392156863,0.2549019607843137,0.0196078431372549,985.0,126.0
HDN,JFK,HDN → JFK,1,0.0,0.0,0.0,0.0,1749.0,190.0
HDN,LAX,HDN → LAX,43,9.69767441860465,9.279069767441861,0.20930232558139536,0.06976744186046512,763.0,107.32558139534883
HDN,LGB,HDN → LGB,3,24.0,18.0,0.3333333333333333,0.0,758.0,111.0
HDN,MSP,HDN → MSP,16,17.5,16.6875,0.3125,0.0,774.0,101.75
HDN,ORD,HDN → ORD,86,30.6046511627907,31.406976744186046,0.22093023255813954,0.011627906976744186,1009.0,126.73255813953489
HDN,SAN,HDN → SAN,24,6.166666666666667,7.333333333333333,0.20833333333333334,0.08333333333333333,769.0,107.29166666666667
HDN,SEA,HDN → SEA,12,33.333333333333336,37.916666666666664,0.3333333333333333,0.0,891.0,139.0
HDN,SFO,HDN → SFO,4,17.25,15.75,0.25,0.0,838.0,123.75
HGR,MYR,HGR → MYR,13,13.846153846153847,13.846153846153847,0.3076923076923077,0.0,421.0,63.92307692307692
HGR,PIE,HGR → PIE,23,64.34782608695652,64.30434782608695,0.391304347826087,0.0,861.0,118.82608695652173
HGR,SFB,HGR → SFB,55,20.072727272727274,19.672727272727272,0.36363636363636365,0.03636363636363636,780.0,105.6
HHH,ATL,HHH → ATL,341,18.01759530791789,19.3108504398827,0.16715542521994134,0.03812316715542522,238.0,44.31964809384164
HHH,BOS,HHH → BOS,7,42.0,40.0,0.42857142857142855,0.14285714285714285,878.0,103.57142857142857
HHH,CLT,HHH → CLT,539,12.979591836734693,12.87569573283859,0.17439703153988867,0.022263450834879406,207.0,44.593692022263454
HHH,DCA,HHH → DCA,67,16.46268656716418,17.313432835820894,0.13432835820895522,0.029850746268656716,501.0,72.41791044776119
HHH,DFW,HHH → DFW,15,17.266666666666666,18.066666666666666,0.3333333333333333,0.0,954.0,140.2
HHH,EWR,HHH → EWR,47,22.97872340425532,30.574468085106382,0.40425531914893614,0.0425531914893617,687.0,95.25531914893617
HHH,IAD,HHH → IAD,68,5.455882352941177,8.220588235294118,0.25,0.058823529411764705,498.0,68.82352941176471
HHH,LGA,HHH → LGA,39,10.333333333333334,12.794871794871796,0.1794871794871795,0.05128205128205128,701.0,96.66666666666667
HHH,ORD,HHH → ORD,30,58.833333333333336,56.93333333333333,0.3333333333333333,0.0,781.0,118.76666666666667
HHH,PHL,HHH → PHL,16,4.1875,3.125,0.125,0.0625,609.0,84.1875
HHH,SAV,HHH → SAV,5,0.0,0.0,0.0,0.0,30.0,13.0
HIB,INL,HIB → INL,18,5.833333333333333,4.277777777777778,0.1111111111111111,0.0,86.0,23.833333333333332
HIB,MSP,HIB → MSP,298,13.976510067114093,13.895973154362416,0.08053691275167785,0.030201342281879196,174.0,35.62751677852349
HLN,DEN,HLN → DEN,150,16.393333333333334,18.02,0.1,0.04,594.0,81.07333333333334
HLN,GTF,HLN → GTF,4,0.0,0.0,0.0,0.25,67.0,13.5
HLN,MSP,HLN → MSP,40,5.95,5.275,0.05,0.0,913.0,118.125
HLN,SEA,HLN → SEA,78,8.192307692307692,9.846153846153847,0.14102564102564102,0.038461538461538464,491.0,92.62820512820512
HLN,SLC,HLN → SLC,393,6.368956743002545,7.567430025445293,0.08142493638676845,0.010178117048346057,402.0,62.534351145038165
HNL,ANC,HNL → ANC,108,9.50925925925926,7.657407407407407,0.16666666666666666,0.018518518518518517,2777.0,324.8611111111111
HNL,ATL,HNL → ATL,140,9.7,8.585714285714285,0.16428571428571428,0.007142857142857143,4502.0,477.5285714285714
HNL,AUS,HNL → AUS,39,9.871794871794872,18.923076923076923,0.358974358974359,0.0,3764.0,416.4871794871795
HNL,BOS,HNL → BOS,75,13.946666666666667,11.173333333333334,0.25333333333333335,0.0,5095.0,548.6666666666666
HNL,CLT,HNL → CLT,23,12.434782608695652,13.782608695652174,0.21739130434782608,0.0,4678.0,498.30434782608694
HNL,DEN,HNL → DEN,188,7.968085106382978,8.148936170212766,0.13829787234042554,0.010638297872340425,3365.0,360.40425531914894
HNL,DFW,HNL → DFW,275,8.843636363636364,7.992727272727273,0.05818181818181818,0.014545454545454545,3784.0,394.3309090909091
HNL,DTW,HNL → DTW,34,23.647058823529413,22.764705882352942,0.23529411764705882,0.0,4475.0,482.47058823529414
HNL,EWR,HNL → EWR,132,16.575757575757574,13.75,0.16666666666666666,0.022727272727272728,4962.0,516.2348484848485
HNL,GUM,HNL → GUM,172,9.63953488372093,5.633720930232558,0.13372093023255813,0.005813953488372093,3801.0,429.27906976744185
HNL,IAD,HNL → IAD,48,22.145833333333332,20.1875,0.20833333333333334,0.020833333333333332,4817.0,501.6666666666667
HNL,IAH,HNL → IAH,142,5.873239436619718,5.373239436619718,0.09154929577464789,0.0,3904.0,419.40845070422534
HNL,ITO,HNL → ITO,2415,6.172256728778468,6.412008281573499,0.12629399585921325,0.015320910973084885,216.0,35.62732919254658
HNL,JFK,HNL → JFK,169,14.970414201183432,15.775147928994082,0.28402366863905326,0.011834319526627219,4983.0,537.3846153846154
HNL,KOA,HNL → KOA,3177,5.501101668240478,5.710103871576959,0.11677683349071451,0.01447906830343091,163.0,28.153289266603714
HNL,LAS,HNL → LAS,517,9.547388781431335,9.640232108317214,0.17408123791102514,0.0038684719535783366,2762.0,313.68858800773694
HNL,LAX,HNL → LAX,2345,11.722814498933902,11.793176972281449,0.15692963752665245,0.00767590618336887,2556.0,290.4925373134328
HNL,LGB,HNL → LGB,249,9.441767068273093,8.662650602409638,0.2248995983935743,0.004016064257028112,2569.0,295.574297188755
HNL,LIH,HNL → LIH,3022,6.518861681005957,7.0592322964923895,0.13269358041032428,0.019192587690271344,102.0,21.981138318994045
HNL,MCO,HNL → MCO,25,12.64,14.0,0.32,0.0,4757.0,518.24
HNL,MSP,HNL → MSP,90,6.477777777777778,6.222222222222222,0.1111111111111111,0.0,3972.0,435.06666666666666
HNL,OAK,HNL → OAK,533,11.262664165103189,10.439024390243903,0.1951219512195122,0.0075046904315197,2409.0,280.8405253283302
HNL,OGG,HNL → OGG,4553,5.825170217439052,6.439270810454645,0.12079947287502746,0.01405666593454865,100.0,21.708104546452887
HNL,ONT,HNL → ONT,85,17.95294117647059,16.36470588235294,0.3411764705882353,0.0,2603.0,305.4235294117647
HNL,ORD,HNL → ORD,199,18.201005025125628,19.884422110552762,0.12562814070351758,0.0,4243.0,447.46231155778895
HNL,PDX,HNL → PDX,321,17.40809968847352,17.429906542056074,0.32398753894080995,0.009345794392523364,2603.0,301.21183800623055
HNL,PHX,HNL → PHX,466,11.727467811158798,12.28755364806867,0.1351931330472103,0.004291845493562232,2917.0,326.88197424892707
HNL,PPG,HNL → PPG,33,15.484848484848484,16.575757575757574,0.2727272727272727,0.030303030303030304,2599.0,303.8181818181818
HNL,SAN,HNL → SAN,515,10.069902912621359,9.18640776699029,0.20194174757281552,0.003883495145631068,2614.0,301.61553398058254
HNL,SEA,HNL → SEA,987,11.272543059777103,11.52887537993921,0.19959473150962512,0.010131712259371834,2677.0,311.39716312056737
HNL,SFO,HNL → SFO,987,13.108409321175278,12.569402228976697,0.17325227963525835,0.0121580547112462,2398.0,269.70719351570415
HNL,SJC,HNL → SJC,528,10.695075757575758,9.839015151515152,0.20265151515151514,0.007575757575757576,2417.0,280.5890151515151
HNL,SLC,HNL → SLC,157,1.9426751592356688,2.394904458598726,0.044585987261146494,0.01910828025477707,2994.0,325.81528662420385
HNL,SMF,HNL → SMF,289,15.8719723183391,15.46712802768166,0.28027681660899656,0.006920415224913495,2462.0,282.74740484429066
HNL,SNA,HNL → SNA,57,3.087719298245614,5.7368421052631575,0.12280701754385964,0.0,2584.0,300.29824561403507
HOB,DEN,HOB → DEN,27,65.33333333333333,67.96296296296296,0.18518518518518517,0.037037037037037035,501.0,78.92592592592592
HOB,IAH,HOB → IAH,153,20.96732026143791,22.980392156862745,0.19607843137254902,0.0196078431372549,501.0,74.38562091503267
HOU,ABQ,HOU → ABQ,374,11.79144385026738,10.042780748663102,0.22459893048128343,0.01871657754010695,759.0,108.0855614973262
HOU,AMA,HOU → AMA,7,5.142857142857143,1.2857142857142858,0.0,0.5714285714285714,537.0,33.0
HOU,ATL,HOU → ATL,1516,10.511873350923484,8.937335092348285,0.14511873350923482,0.016490765171503958,696.0,90.72889182058047
HOU,AUS,HOU → AUS,746,13.28686327077748,10.600536193029491,0.19168900804289543,0.022788203753351208,148.0,28.812332439678283
HOU,AVL,HOU → AVL,41,5.878048780487805,6.219512195121951,0.12195121951219512,0.07317073170731707,843.0,97.6829268292683
HOU,AZA,HOU → AZA,26,32.42307692307692,33.07692307692308,0.4230769230769231,0.07692307692307693,998.0,127.96153846153847
HOU,BHM,HOU → BHM,197,14.187817258883248,12.543147208121827,0.2233502538071066,0.04568527918781726,570.0,73.21827411167513
HOU,BNA,HOU → BNA,693,11.144300144300145,9.015873015873016,0.18759018759018758,0.025974025974025976,670.0,85.72871572871573
HOU,BOS,HOU → BOS,74,51.945945945945944,46.270270270270274,0.36486486486486486,0.0,1609.0,195.22972972972974
HOU,BUR,HOU → BUR,78,15.717948717948717,15.679487179487179,0.2564102564102564,0.02564102564102564,1389.0,193.53846153846155
HOU,BWI,HOU → BWI,576,10.68576388888889,8.588541666666666,0.16493055555555555,0.027777777777777776,1246.0,147.30208333333334
HOU,CHS,HOU → CHS,99,16.87878787878788,15.070707070707071,0.32323232323232326,0.010101010101010102,928.0,113.86868686868686
HOU,CLE,HOU → CLE,1,0.0,0.0,0.0,0.0,1106.0,134.0
HOU,CLT,HOU → CLT,76,9.236842105263158,7.592105263157895,0.15789473684210525,0.039473684210526314,920.0,110.46052631578948
HOU,CMH,HOU → CMH,149,11.812080536912752,9.167785234899329,0.20134228187919462,0.040268456375838924,1000.8120805369127,120.84563758389261
HOU,COS,HOU → COS,1,5.0,9.0,0.0,0.0,829.0,116.0
HOU,CRP,HOU → CRP,570,15.654385964912281,12.396491228070175,0.21228070175438596,0.02631578947368421,187.0,33.915789473684214
HOU,CVG,HOU → CVG,44,22.431818181818183,18.477272727272727,0.18181818181818182,0.022727272727272728,886.0,112.22727272727273
HOU,DAL,HOU → DAL,2163,9.374942209893666,8.705039297272307,0.17105871474803513,0.07951918631530282,239.0,39.80212667591309
HOU,DCA,HOU → DCA,387,8.994832041343669,7.369509043927649,0.14728682170542637,0.03617571059431524,1218.0,143.4031007751938
HOU,DEN,HOU → DEN,1177,12.118096856414613,11.043330501274427,0.1979609175870858,0.034834324553950725,883.0,120.2642310960068
HOU,DFW,HOU → DFW,1021,18.511263467189032,19.374142997061703,0.20959843290891284,0.058765915768854066,247.0,45.13614103819785
HOU,DSM,HOU → DSM,28,31.428571428571427,32.964285714285715,0.42857142857142855,0.03571428571428571,825.0,105.46428571428571
HOU,DTW,HOU → DTW,42,27.11904761904762,18.785714285714285,0.3333333333333333,0.0,1092.0,134.97619047619048
HOU,ECP,HOU → ECP,223,9.780269058295964,7.63677130044843,0.14798206278026907,0.03139013452914798,570.8654708520179,74.94618834080717
HOU,ELP,HOU → ELP,387,14.191214470284237,11.498708010335918,0.1731266149870801,0.025839793281653745,677.0,92.6485788113695
HOU,FLL,HOU → FLL,510,11.390196078431373,9.117647058823529,0.16470588235294117,0.03137254901960784,957.0,115.85882352941177
HOU,GSP,HOU → GSP,57,11.964912280701755,10.473684210526315,0.22807017543859648,0.017543859649122806,845.0,105.10526315789474
HOU,HRL,HOU → HRL,612,13.84967320261438,10.620915032679738,0.20915032679738563,0.03431372549019608,277.0,42.282679738562095
HOU,ICT,HOU → ICT,1,0.0,0.0,0.0,0.0,565.0,80.0
HOU,IND,HOU → IND,227,18.45814977973568,14.577092511013216,0.22466960352422907,0.022026431718061675,861.0,106.97797356828194
HOU,JAN,HOU → JAN,254,17.326771653543307,12.244094488188976,0.21653543307086615,0.03543307086614173,359.0,51.338582677165356
HOU,JAX,HOU → JAX,203,12.408866995073891,9.423645320197044,0.18226600985221675,0.024630541871921183,816.0,98.33497536945812
HOU,JFK,HOU → JFK,29,21.93103448275862,15.413793103448276,0.41379310344827586,0.034482758620689655,1428.0,178.44827586206895
HOU,LAS,HOU → LAS,802,13.385286783042394,12.082294264339152,0.2169576059850374,0.03117206982543641,1235.0,163.85411471321694
HOU,LAX,HOU → LAX,608,12.986842105263158,10.134868421052632,0.16447368421052633,0.023026315789473683,1390.0,184.89309210526315
HOU,LBB,HOU → LBB,15,20.066666666666666,16.533333333333335,0.26666666666666666,0.0,474.3333333333333,72.93333333333334
HOU,LEX,HOU → LEX,7,63.42857142857143,62.714285714285715,0.7142857142857143,0.0,842.0,108.85714285714286
HOU,LGA,HOU → LGA,371,16.048517520215633,14.288409703504042,0.23450134770889489,0.0431266846361186,1428.0,169.93800539083557
HOU,LGB,HOU → LGB,131,13.16793893129771,11.038167938931299,0.22137404580152673,0.007633587786259542,1374.0,188.19847328244273
HOU,LIT,HOU → LIT,6,3.1666666666666665,0.0,0.0,0.0,393.0,55.333333333333336
HOU,MAF,HOU → MAF,511,9.557729941291585,8.579256360078277,0.16634050880626222,0.0273972602739726,441.0,64.86497064579257
HOU,MCI,HOU → MCI,324,11.669753086419753,10.12037037037037,0.2191358024691358,0.027777777777777776,666.0,90.58333333333333
HOU,MCO,HOU → MCO,822,14.74330900243309,12.818734793187348,0.21046228710462286,0.037712895377128956,849.0,105.95863746958638
HOU,MDW,HOU → MDW,877,11.353477765108323,9.640820980615736,0.19726339794754846,0.03420752565564424,937.0,118.06043329532497
HOU,MEM,HOU → MEM,197,16.873096446700508,13.949238578680204,0.2639593908629442,0.025380710659898477,484.0,66.05076142131979
HOU,MIA,HOU → MIA,351,14.324786324786325,12.78062678062678,0.2022792022792023,0.02849002849002849,955.0,113.67806267806267
HOU,MKE,HOU → MKE,74,16.5,13.445945945945946,0.24324324324324326,0.04054054054054054,1004.0,121.78378378378379
HOU,MSP,HOU → MSP,25,32.4,24.72,0.32,0.0,1057.0,137.56
HOU,MSY,HOU → MSY,1039,10.621751684311839,8.378248315688161,0.1530317613089509,0.0548604427333975,302.0,42.526467757459095
HOU,OAK,HOU → OAK,259,14.571428571428571,11.154440154440154,0.1776061776061776,0.04633204633204633,1642.0,210.35907335907336
HOU,OKC,HOU → OKC,545,12.611009174311926,11.245871559633027,0.2018348623853211,0.04036697247706422,419.0,59.5743119266055
HOU,OMA,HOU → OMA,139,16.201438848920862,13.719424460431656,0.2446043165467626,0.050359712230215826,804.0,101.53237410071942
HOU,ONT,HOU → ONT,20,19.0,17.05,0.35,0.0,1345.0,178.25
HOU,PBI,HOU → PBI,1,6.0,0.0,0.0,0.0,948.0,111.0
HOU,PDX,HOU → PDX,5,18.8,18.6,0.6,0.0,1843.0,241.8
HOU,PGD,HOU → PGD,11,14.272727272727273,13.181818181818182,0.2727272727272727,0.0,831.0,98.18181818181819
HOU,PHL,HOU → PHL,23,27.26086956521739,22.08695652173913,0.2608695652173913,0.0,1336.0,169.8695652173913
HOU,PHX,HOU → PHX,817,12.581395348837209,11.217870257037944,0.20563035495716034,0.03427172582619339,1020.0,139.61933904528763
HOU,PIT,HOU → PIT,68,6.705882352941177,5.1911764705882355,0.11764705882352941,0.07352941176470588,1131.0,126.82352941176471
HOU,PNS,HOU → PNS,198,12.565656565656566,10.44949494949495,0.18181818181818182,0.06565656565656566,488.0,62.2020202020202
HOU,PVU,HOU → PVU,16,13.25,16.375,0.3125,0.0,1181.0,167.0
HOU,RDU,HOU → RDU,53,11.169811320754716,8.90566037735849,0.22641509433962265,0.0,1050.0,130.83018867924528
HOU,RNO,HOU → RNO,16,17.1875,12.5625,0.25,0.0,1546.0,211.8125
HOU,RSW,HOU → RSW,43,15.116279069767442,10.30232558139535,0.2558139534883721,0.06976744186046512,853.0,98.62790697674419
HOU,SAN,HOU → SAN,348,12.451149425287356,11.066091954022989,0.19540229885057472,0.031609195402298854,1313.0,173.15804597701148
HOU,SAT,HOU → SAT,805,14.151552795031057,11.165217391304347,0.20248447204968945,0.034782608695652174,192.0,36.29192546583851
HOU,SAV,HOU → SAV,103,11.262135922330097,12.116504854368932,0.24271844660194175,0.009708737864077669,853.0,105.45631067961165
HOU,SDF,HOU → SDF,84,14.988095238095237,12.678571428571429,0.10714285714285714,0.011904761904761904,803.0,105.19047619047619
HOU,SEA,HOU → SEA,6,14.333333333333334,9.666666666666666,0.16666666666666666,0.0,1894.0,251.0
HOU,SGF,HOU → SGF,8,40.0,37.375,0.25,0.125,535.0,66.75
HOU,SJC,HOU → SJC,136,14.573529411764707,12.154411764705882,0.19852941176470587,0.051470588235294115,1621.0,206.55882352941177
HOU,SJU,HOU → SJU,36,15.666666666666666,10.944444444444445,0.2222222222222222,0.0,1997.0,230.75
HOU,SLC,HOU → SLC,101,11.465346534653465,11.277227722772277,0.21782178217821782,0.009900990099009901,1214.0,167.990099009901
HOU,SMF,HOU → SMF,63,11.079365079365079,8.53968253968254,0.2222222222222222,0.015873015873015872,1624.0,215.5079365079365
HOU,SNA,HOU → SNA,93,12.172043010752688,10.129032258064516,0.16129032258064516,0.010752688172043012,1357.0,184.5268817204301
HOU,SRQ,HOU → SRQ,75,11.933333333333334,10.693333333333333,0.17333333333333334,0.02666666666666667,789.0,100.0
HOU,STL,HOU → STL,535,10.970093457943925,8.8,0.17570093457943925,0.028037383177570093,687.0,90.86728971962617
HOU,TPA,HOU → TPA,511,12.266144814090019,9.604696673189824,0.16829745596868884,0.04500978473581213,781.0,95.27788649706459
HOU,TUL,HOU → TUL,350,12.865714285714287,10.154285714285715,0.18,0.03142857142857143,453.0,64.14
HOU,TUS,HOU → TUS,111,14.657657657657658,12.207207207207206,0.23423423423423423,0.009009009009009009,945.0,129.7927927927928
HOU,TYS,HOU → TYS,29,8.137931034482758,8.172413793103448,0.1724137931034483,0.06896551724137931,782.0,92.13793103448276
HOU,VPS,HOU → VPS,34,30.676470588235293,29.5,0.3235294117647059,0.029411764705882353,527.4411764705883,70.20588235294117
HOU,XNA,HOU → XNA,2,0.0,0.0,0.0,0.0,461.0,62.0
HPN,ACK,HPN → ACK,38,25.55263157894737,25.026315789473685,0.23684210526315788,0.0,191.0,38.05263157894737
HPN,ATL,HPN → ATL,729,17.31275720164609,17.224965706447186,0.1700960219478738,0.00823045267489712,780.0,113.1920438957476
HPN,BOS,HPN → BOS,60,1.45,3.75,0.08333333333333333,0.016666666666666666,166.0,38.63333333333333
HPN,CHS,HPN → CHS,12,2.5833333333333335,0.0,0.0,0.0,663.0,94.83333333333333
HPN,CLT,HPN → CLT,527,12.23908918406072,12.381404174573055,0.15939278937381404,0.04743833017077799,564.0,86.59582542694497
HPN,DCA,HPN → DCA,570,18.673684210526314,18.84561403508772,0.2543859649122807,0.05964912280701754,234.0,46.3859649122807
HPN,DTW,HPN → DTW,349,22.103151862464184,21.730659025787965,0.20630372492836677,0.022922636103151862,505.0,79.78223495702005
HPN,FLL,HPN → FLL,304,17.226973684210527,16.536184210526315,0.20065789473684212,0.03618421052631579,1097.0,148.04605263157896
HPN,MCO,HPN → MCO,403,16.858560794044664,16.508684863523573,0.22332506203473945,0.03970223325062035,972.0,133.06699751861044
HPN,MIA,HPN → MIA,11,4.2727272727272725,4.818181818181818,0.09090909090909091,0.0,1118.0,162.45454545454547
HPN,MVY,HPN → MVY,18,20.88888888888889,15.666666666666666,0.2222222222222222,0.05555555555555555,163.0,32.22222222222222
HPN,ORD,HPN → ORD,427,20.215456674473067,20.857142857142858,0.21779859484777517,0.04449648711943794,738.0,113.07259953161592
HPN,PBI,HPN → PBI,583,22.92452830188679,23.706689536878216,0.28130360205831906,0.024013722126929673,1056.0,145.83018867924528
HPN,RSW,HPN → RSW,241,10.547717842323651,10.809128630705395,0.16182572614107885,0.04149377593360996,1102.0,154.20746887966806
HPN,TPA,HPN → TPA,142,22.183098591549296,22.5,0.24647887323943662,0.04929577464788732,1032.0,141.79577464788733
HRL,AUS,HRL → AUS,158,8.632911392405063,8.145569620253164,0.14556962025316456,0.03164556962025317,273.0,44.860759493670884
HRL,DAL,HRL → DAL,48,9.333333333333334,7.229166666666667,0.14583333333333334,0.020833333333333332,458.0,71.85416666666667
HRL,DEN,HRL → DEN,26,19.923076923076923,17.23076923076923,0.11538461538461539,0.11538461538461539,1023.0,123.65384615384616
HRL,DFW,HRL → DFW,466,8.854077253218884,9.341201716738198,0.11373390557939914,0.017167381974248927,461.0,72.71244635193133
HRL,HOU,HRL → HOU,553,7.688969258589512,7.144665461121157,0.11754068716094032,0.0325497287522604,277.0,43.4376130198915
HRL,IAH,HRL → IAH,325,14.855384615384615,16.523076923076925,0.17846153846153845,0.012307692307692308,295.0,52.21846153846154
HRL,LAS,HRL → LAS,8,3.875,1.75,0.0,0.0,1236.0,170.375
HRL,MCO,HRL → MCO,6,25.666666666666668,35.333333333333336,0.6666666666666666,0.0,1016.0,124.16666666666667
HRL,MSP,HRL → MSP,27,6.7407407407407405,3.2962962962962963,0.1111111111111111,0.0,1310.0,163.33333333333334
HRL,ORD,HRL → ORD,12,23.416666666666668,25.083333333333332,0.3333333333333333,0.0,1219.0,159.41666666666666
HSV,ATL,HSV → ATL,977,6.398157625383828,5.938587512794268,0.07574206755373593,0.012282497441146366,151.0,31.663254861821905
HSV,CLT,HSV → CLT,564,8.51950354609929,8.182624113475176,0.11170212765957446,0.03368794326241135,333.0,56.062056737588655
HSV,DCA,HSV → DCA,427,14.433255269320844,14.494145199063231,0.1686182669789227,0.05152224824355972,613.0,82.18032786885246
HSV,DEN,HSV → DEN,174,16.833333333333332,18.028735632183906,0.1839080459770115,0.017241379310344827,1048.0,152.3793103448276
HSV,DFW,HSV → DFW,777,17.06949806949807,17.46203346203346,0.19305019305019305,0.036036036036036036,603.0,94.13256113256114
HSV,DTW,HSV → DTW,100,11.47,10.6,0.12,0.0,554.0,82.24
HSV,IAD,HSV → IAD,42,16.38095238095238,16.476190476190474,0.19047619047619047,0.047619047619047616,596.0,82.71428571428571
HSV,IAH,HSV → IAH,192,21.463541666666668,23.651041666666668,0.1875,0.026041666666666668,595.0,94.03125
HSV,MCO,HSV → MCO,36,21.694444444444443,22.72222222222222,0.25,0.05555555555555555,535.0,71.83333333333333
HSV,MIA,HSV → MIA,2,0.0,0.0,0.0,0.0,722.0,98.5
HSV,ORD,HSV → ORD,265,17.237735849056605,17.99245283018868,0.19245283018867926,0.03773584905660377,510.0,89.17735849056604
HTS,CLT,HTS → CLT,20,26.3,29.9,0.3,0.1,235.0,42.1
HTS,MYR,HTS → MYR,12,45.833333333333336,49.5,0.5,0.08333333333333333,382.0,47.416666666666664
HTS,PGD,HTS → PGD,17,19.352941176470587,18.11764705882353,0.11764705882352941,0.0,790.0,102.70588235294117
HTS,PIE,HTS → PIE,87,20.229885057471265,21.988505747126435,0.28735632183908044,0.034482758620689655,721.0,95.64367816091954
HTS,SFB,HTS → SFB,78,27.192307692307693,28.346153846153847,0.32051282051282054,0.07692307692307693,665.0,84.3076923076923
HTS,VPS,HTS → VPS,20,26.5,26.35,0.4,0.1,589.0,72.05
HVN,CLT,HVN → CLT,9,5.555555555555555,5.666666666666667,0.1111111111111111,0.1111111111111111,605.0,94.44444444444444
HVN,PHL,HVN → PHL,156,11.025641025641026,12.429487179487179,0.12179487179487179,0.05128205128205128,157.0,44.416666666666664
HYA,JFK,HYA → JFK,39,27.974358974358974,26.615384615384617,0.3333333333333333,0.05128205128205128,196.0,37.92307692307692
HYA,LGA,HYA → LGA,11,21.0,19.0,0.18181818181818182,0.09090909090909091,197.0,44.81818181818182
HYS,DDC,HYS → DDC,3,0.0,0.0,0.0,0.0,83.0,23.333333333333332
HYS,DEN,HYS → DEN,253,17.49407114624506,18.636363636363637,0.15810276679841898,0.03162055335968379,298.0,53.93675889328063
HYS,SLN,HYS → SLN,154,19.59090909090909,20.363636363636363,0.14935064935064934,0.03896103896103896,88.0,20.883116883116884
IAD,ALB,IAD → ALB,11,14.272727272727273,15.909090909090908,0.18181818181818182,0.0,325.0,53.72727272727273
IAD,ATL,IAD → ATL,1652,11.782687651331718,12.349273607748184,0.15677966101694915,0.016343825665859565,534.0,80.52481840193704
IAD,AUS,IAD → AUS,452,13.150442477876107,13.601769911504425,0.1504424778761062,0.008849557522123894,1297.0,180.50884955752213
IAD,AVL,IAD → AVL,8,162.5,160.625,0.5,0.0,370.0,62.0
IAD,AVP,IAD → AVP,1,0.0,0.0,0.0,0.0,189.0,38.0
IAD,BDL,IAD → BDL,546,14.587912087912088,14.163003663003662,0.1794871794871795,0.014652014652014652,325.84249084249086,53.472527472527474
IAD,BGR,IAD → BGR,9,0.0,0.6666666666666666,0.0,0.0,601.0,80.11111111111111
IAD,BNA,IAD → BNA,459,11.0239651416122,11.79520697167756,0.15904139433551198,0.030501089324618737,542.0,82.12636165577342
IAD,BOS,IAD → BOS,559,12.97495527728086,13.554561717352415,0.18604651162790697,0.017889087656529516,413.0,64.06797853309482
IAD,BTV,IAD → BTV,199,17.22613065326633,17.20603015075377,0.21608040201005024,0.04020100502512563,441.0,62.165829145728644
IAD,BUF,IAD → BUF,131,11.16793893129771,10.305343511450381,0.1297709923664122,0.04580152671755725,283.0,45.20610687022901
IAD,BZN,IAD → BZN,9,34.333333333333336,37.666666666666664,0.2222222222222222,0.0,1773.0,239.22222222222223
IAD,CHA,IAD → CHA,10,24.7,20.2,0.2,0.0,506.0,79.7
IAD,CHS,IAD → CHS,378,8.917989417989418,10.796296296296296,0.15343915343915343,0.018518518518518517,441.0,74.33862433862434
IAD,CKB,IAD → CKB,97,18.309278350515463,20.45360824742268,0.23711340206185566,0.0,151.0,32.371134020618555
IAD,CLE,IAD → CLE,475,13.461052631578948,12.890526315789474,0.1431578947368421,0.029473684210526315,288.0,49.705263157894734
IAD,CLT,IAD → CLT,1341,12.060402684563758,12.140939597315436,0.1528709917971663,0.03355704697986577,322.0,55.86353467561521
IAD,CMH,IAD → CMH,383,13.663185378590079,14.328981723237598,0.18798955613577023,0.018276762402088774,299.0,51.485639686684074
IAD,COS,IAD → COS,13,36.15384615384615,45.15384615384615,0.3076923076923077,0.0,1463.0,200.76923076923077
IAD,CVG,IAD → CVG,268,14.156716417910447,14.876865671641792,0.1865671641791045,0.026119402985074626,388.0,65.2910447761194
IAD,DAY,IAD → DAY,29,4.724137931034483,3.0,0.10344827586206896,0.06896551724137931,368.0,59.10344827586207
IAD,DEN,IAD → DEN,1333,10.277569392348086,10.048762190547636,0.15528882220555137,0.023255813953488372,1452.0,197.68567141785445
IAD,DFW,IAD → DFW,747,11.08433734939759,13.053547523427042,0.19678714859437751,0.038821954484605084,1172.0,162.95983935742973
IAD,DTW,IAD → DTW,962,14.978170478170478,14.912681912681913,0.15176715176715178,0.017671517671517672,383.0,63.318087318087315
IAD,EGE,IAD → EGE,5,0.2,3.2,0.0,0.4,1573.0,140.6
IAD,EWR,IAD → EWR,673,17.332838038632985,19.62109955423477,0.237741456166419,0.03268945022288262,212.0,43.26448736998514
IAD,EYW,IAD → EYW,64,7.453125,11.609375,0.28125,0.015625,1023.0,147.046875
IAD,FLL,IAD → FLL,376,16.68882978723404,17.414893617021278,0.20212765957446807,0.02127659574468085,901.0,129.6595744680851
IAD,GRR,IAD → GRR,10,22.4,27.0,0.2,0.2,501.0,64.8
IAD,GSO,IAD → GSO,1,61.0,44.0,1.0,0.0,239.0,39.0
IAD,GSP,IAD → GSP,84,10.607142857142858,12.130952380952381,0.14285714285714285,0.07142857142857142,384.0,58.76190476190476
IAD,HDN,IAD → HDN,8,4.625,3.75,0.125,0.0,1582.0,228.25
IAD,HHH,IAD → HHH,75,9.693333333333333,13.586666666666666,0.21333333333333335,0.013333333333333334,498.0,78.70666666666666
IAD,HNL,IAD → HNL,72,17.5,16.59722222222222,0.2361111111111111,0.013888888888888888,4817.0,583.8888888888889
IAD,HSV,IAD → HSV,31,9.548387096774194,7.967741935483871,0.06451612903225806,0.06451612903225806,596.0,88.12903225806451
IAD,IAH,IAD → IAH,801,10.837702871410736,11.176029962546817,0.16104868913857678,0.012484394506866416,1190.0,165.53682896379524
IAD,ILM,IAD → ILM,2,5.0,3.5,0.0,0.0,323.0,60.5
IAD,IND,IAD → IND,355,13.126760563380282,12.622535211267605,0.1352112676056338,0.02535211267605634,476.0,74.68169014084508
IAD,JAX,IAD → JAX,296,20.31081081081081,21.097972972972972,0.21621621621621623,0.013513513513513514,630.0,96.7195945945946
IAD,JFK,IAD → JFK,421,8.39667458432304,9.558194774346793,0.1543942992874109,0.047505938242280284,228.0,46.679334916864605
IAD,JST,IAD → JST,102,17.46078431372549,18.07843137254902,0.14705882352941177,0.029411764705882353,120.0,25.480392156862745
IAD,LAS,IAD → LAS,335,11.617910447761194,10.805970149253731,0.1701492537313433,0.023880597014925373,2065.0,271.02985074626866
IAD,LAX,IAD → LAX,1072,10.478544776119403,9.46455223880597,0.14832089552238806,0.017723880597014924,2288.0,296.7294776119403
IAD,LEX,IAD → LEX,7,162.85714285714286,163.71428571428572,0.14285714285714285,0.0,392.0,71.28571428571429
IAD,LGA,IAD → LGA,448,18.845982142857142,20.417410714285715,0.2544642857142857,0.03125,229.0,44.770089285714285
IAD,LWB,IAD → LWB,64,10.375,10.96875,0.1875,0.03125,176.0,36.859375
IAD,MCI,IAD → MCI,202,19.163366336633665,18.757425742574256,0.18316831683168316,0.0594059405940594,926.0,127.28217821782178
IAD,MCO,IAD → MCO,659,12.403641881638848,13.830045523520486,0.19271623672230653,0.021244309559939303,758.0,105.92109256449166
IAD,MDT,IAD → MDT,4,0.5,0.5,0.0,0.0,94.0,24.25
IAD,MDW,IAD → MDW,219,11.10958904109589,9.73972602739726,0.1415525114155251,0.0273972602739726,577.0,88.03652968036529
IAD,MHT,IAD → MHT,40,8.675,9.75,0.15,0.0,418.0,63.4
IAD,MIA,IAD → MIA,212,12.495283018867925,14.64622641509434,0.19811320754716982,0.02358490566037736,921.0,132.7311320754717
IAD,MSN,IAD → MSN,1,0.0,0.0,0.0,0.0,684.0,99.0
IAD,MSP,IAD → MSP,582,14.092783505154639,13.383161512027492,0.14261168384879724,0.020618556701030927,908.0,132.7852233676976
IAD,MSY,IAD → MSY,311,11.562700964630226,11.414790996784566,0.15434083601286175,0.012861736334405145,955.0,135.13826366559485
IAD,MYR,IAD → MYR,32,8.15625,7.65625,0.125,0.03125,372.0,57.375
IAD,OGS,IAD → OGS,129,34.63565891472868,35.542635658914726,0.21705426356589147,0.06201550387596899,409.0,59.95348837209303
IAD,OKC,IAD → OKC,58,8.551724137931034,12.293103448275861,0.20689655172413793,0.034482758620689655,1136.0,163.22413793103448
IAD,ORD,IAD → ORD,787,15.764930114358323,15.61753494282084,0.18043202033036848,0.012706480304955527,588.0,91.86658195679797
IAD,ORF,IAD → ORF,386,13.73056994818653,13.393782383419689,0.14507772020725387,0.03367875647668394,157.0,33.36010362694301
IAD,PBG,IAD → PBG,193,27.29015544041451,26.647668393782382,0.20207253886010362,0.031088082901554404,444.0,64.7720207253886
IAD,PBI,IAD → PBI,114,15.491228070175438,17.32456140350877,0.14912280701754385,0.017543859649122806,859.0,130.17543859649123
IAD,PDX,IAD → PDX,105,16.047619047619047,15.4,0.17142857142857143,0.02857142857142857,2327.0,301.55238095238093
IAD,PHL,IAD → PHL,100,6.86,7.13,0.16,0.04,135.0,32.43
IAD,PHX,IAD → PHX,200,13.555,12.235,0.15,0.005,1956.0,268.72
IAD,PIT,IAD → PIT,470,10.538297872340426,10.680851063829786,0.12978723404255318,0.02553191489361702,182.0,34.52553191489362
IAD,PVD,IAD → PVD,81,15.814814814814815,17.0,0.18518518518518517,0.012345679012345678,371.0,58.074074074074076
IAD,PWM,IAD → PWM,208,18.692307692307693,19.764423076923077,0.21634615384615385,0.019230769230769232,493.0,69.53365384615384
IAD,RDU,IAD → RDU,562,13.15658362989324,12.663701067615659,0.16903914590747332,0.014234875444839857,224.0,41.38256227758007
IAD,RIC,IAD → RIC,106,9.141509433962264,8.924528301886792,0.12264150943396226,0.02830188679245283,100.0,23.60377358490566
IAD,ROA,IAD → ROA,6,17.166666666666668,13.833333333333334,0.3333333333333333,0.0,177.0,36.0
IAD,ROC,IAD → ROC,111,21.54954954954955,22.207207207207208,0.26126126126126126,0.02702702702702703,288.0,46.549549549549546
IAD,RSW,IAD → RSW,264,9.852272727272727,11.31060606060606,0.1856060606060606,0.022727272727272728,891.0,125.45454545454545
IAD,SAN,IAD → SAN,398,8.424623115577889,7.64070351758794,0.1306532663316583,0.007537688442211055,2253.0,294.25125628140705
IAD,SAT,IAD → SAT,286,12.933566433566433,12.91958041958042,0.13636363636363635,0.024475524475524476,1362.0,185.45454545454547
IAD,SAV,IAD → SAV,177,21.259887005649716,23.062146892655367,0.22598870056497175,0.011299435028248588,515.0,84.86440677966101
IAD,SCE,IAD → SCE,1,0.0,0.0,0.0,0.0,133.0,32.0
IAD,SDF,IAD → SDF,170,24.9,22.50588235294118,0.17058823529411765,0.0,451.0,75.27058823529411
IAD,SEA,IAD → SEA,721,12.654646324549237,12.667128987517337,0.19694868238557559,0.015256588072122053,2306.0,307.93203883495147
IAD,SFO,IAD → SFO,1040,12.822115384615385,12.820192307692308,0.1778846153846154,0.020192307692307693,2419.0,312.8201923076923
IAD,SHD,IAD → SHD,140,44.08571428571429,44.95,0.19285714285714287,0.02857142857142857,91.0,24.164285714285715
IAD,SJU,IAD → SJU,135,8.051851851851852,7.059259259259259,0.1259259259259259,0.007407407407407408,1571.0,196.77037037037036
IAD,SLC,IAD → SLC,149,5.630872483221476,5.906040268456376,0.10738255033557047,0.040268456375838924,1828.0,240.1006711409396
IAD,SMF,IAD → SMF,118,20.372881355932204,18.45762711864407,0.1864406779661017,0.025423728813559324,2358.0,306.33898305084745
IAD,SRQ,IAD → SRQ,131,13.694656488549619,16.46564885496183,0.20610687022900764,0.015267175572519083,849.0,122.29007633587786
IAD,STL,IAD → STL,43,10.55813953488372,9.837209302325581,0.11627906976744186,0.0,696.0,109.97674418604652
IAD,STT,IAD → STT,105,8.161904761904761,9.123809523809523,0.14285714285714285,0.02857142857142857,1606.0,201.45714285714286
IAD,SYR,IAD → SYR,150,27.933333333333334,28.186666666666667,0.21333333333333335,0.06666666666666667,296.0,44.66
IAD,TPA,IAD → TPA,437,12.549199084668192,13.610983981693364,0.17848970251716248,0.004576659038901602,811.0,115.0045766590389
IAD,TVC,IAD → TVC,1,0.0,0.0,0.0,0.0,579.0,94.0
IAD,TYS,IAD → TYS,40,20.0,21.175,0.125,0.05,420.0,66.025
IAG,FLL,IAG → FLL,29,5.620689655172414,4.275862068965517,0.10344827586206896,0.034482758620689655,1176.0,147.51724137931035
IAG,MYR,IAG → MYR,23,12.08695652173913,15.391304347826088,0.21739130434782608,0.043478260869565216,650.0,84.43478260869566
IAG,PGD,IAG → PGD,95,25.810526315789474,27.57894736842105,0.35789473684210527,0.010526315789473684,1129.0,148.10526315789474
IAG,PIE,IAG → PIE,53,29.09433962264151,28.88679245283019,0.24528301886792453,0.09433962264150944,1069.0,129.66037735849056
IAG,SFB,IAG → SFB,43,30.11627906976744,31.697674418604652,0.2558139534883721,0.11627906976744186,996.0,117.81395348837209
IAH,ABI,IAH → ABI,59,2.9491525423728815,2.847457627118644,0.03389830508474576,0.01694915254237288,307.0,55.25423728813559
IAH,ABQ,IAH → ABQ,409,16.83129584352078,16.557457212713935,0.19070904645476772,0.022004889975550123,744.0,108.87530562347189
IAH,AEX,IAH → AEX,136,6.720588235294118,7.764705882352941,0.16911764705882354,0.007352941176470588,190.0,36.27205882352941
IAH,AMA,IAH → AMA,299,19.578595317725753,21.528428093645484,0.27759197324414714,0.016722408026755852,517.0,79.20066889632108
IAH,ANC,IAH → ANC,34,18.205882352941178,18.58823529411765,0.35294117647058826,0.0,3266.0,403.20588235294116
IAH,ASE,IAH → ASE,210,21.566666666666666,26.757142857142856,0.3333333333333333,0.0761904761904762,913.0,133.82380952380953
IAH,ATL,IAH → ATL,2132,12.653846153846153,12.00187617260788,0.17354596622889307,0.01876172607879925,689.0,89.4437148217636
IAH,AUS,IAH → AUS,1185,11.643881856540084,11.978902953586498,0.16962025316455695,0.02278481012658228,140.0,28.8084388185654
IAH,BDL,IAH → BDL,65,11.061538461538461,13.138461538461538,0.18461538461538463,0.03076923076923077,1507.0,180.16923076923078
IAH,BHM,IAH → BHM,441,10.476190476190476,10.582766439909298,0.16326530612244897,0.036281179138321996,562.0,74.82766439909297
IAH,BNA,IAH → BNA,1045,12.900478468899522,13.117703349282296,0.16937799043062202,0.02583732057416268,657.0,85.03157894736842
IAH,BOI,IAH → BOI,135,10.022222222222222,8.244444444444444,0.1259259259259259,0.014814814814814815,1482.0,199.59259259259258
IAH,BOS,IAH → BOS,730,24.275342465753425,22.350684931506848,0.2219178082191781,0.0273972602739726,1597.0,187.43835616438355
IAH,BRO,IAH → BRO,272,6.841911764705882,8.014705882352942,0.13602941176470587,0.022058823529411766,308.0,51.970588235294116
IAH,BTR,IAH → BTR,412,14.54126213592233,15.053398058252426,0.18446601941747573,0.03155339805825243,253.0,40.609223300970875
IAH,BWI,IAH → BWI,432,12.912037037037036,11.604166666666666,0.18055555555555555,0.011574074074074073,1235.0,149.69907407407408
IAH,BZN,IAH → BZN,67,9.686567164179104,12.029850746268657,0.22388059701492538,0.0,1385.0,190.2089552238806
IAH,CAE,IAH → CAE,12,23.5,24.583333333333332,0.25,0.08333333333333333,878.0,99.16666666666667
IAH,CAK,IAH → CAK,50,22.26,21.88,0.32,0.02,1085.0,129.86
IAH,CHA,IAH → CHA,38,8.552631578947368,10.973684210526315,0.13157894736842105,0.0,686.0,93.10526315789474
IAH,CHS,IAH → CHS,273,11.758241758241759,11.347985347985349,0.14285714285714285,0.02564102564102564,925.0,113.15384615384616
IAH,CLE,IAH → CLE,473,14.687103594080337,14.847780126849894,0.18181818181818182,0.016913319238900635,1091.0,132.4630021141649
IAH,CLL,IAH → CLL,136,21.360294117647058,22.529411764705884,0.22794117647058823,0.029411764705882353,74.0,21.441176470588236
IAH,CLT,IAH → CLT,1238,20.005654281098547,20.138126009693053,0.1825525040387722,0.03150242326332795,912.0,113.37479806138934
IAH,CMH,IAH → CMH,452,11.141592920353983,12.553097345132743,0.20575221238938052,0.02654867256637168,986.0,121.67699115044248
IAH,COS,IAH → COS,327,20.90519877675841,22.63914373088685,0.2018348623853211,0.01834862385321101,809.0,117.64525993883792
IAH,CRP,IAH → CRP,412,10.342233009708737,11.861650485436893,0.17233009708737865,0.02669902912621359,201.0,40.15291262135922
IAH,CRW,IAH → CRW,12,16.666666666666668,18.083333333333332,0.25,0.0,975.0,123.66666666666667
IAH,CVG,IAH → CVG,484,11.584710743801653,11.297520661157025,0.16942148760330578,0.01859504132231405,871.0,110.2004132231405
IAH,DAL,IAH → DAL,430,13.762790697674419,11.762790697674419,0.16046511627906976,0.03953488372093023,216.0,39.23255813953488
IAH,DAY,IAH → DAY,48,25.125,24.208333333333332,0.1875,0.020833333333333332,929.0,115.9375
IAH,DCA,IAH → DCA,985,10.953299492385787,10.501522842639593,0.16548223350253807,0.029441624365482234,1208.0,144.8517766497462
IAH,DEN,IAH → DEN,2198,15.085077343039126,15.446769790718836,0.20928116469517744,0.01910828025477707,862.0,118.61874431301183
IAH,DFW,IAH → DFW,2368,16.803631756756758,17.692989864864863,0.20734797297297297,0.03969594594594594,224.0,42.948057432432435
IAH,DRO,IAH → DRO,4,0.75,3.5,0.0,0.0,869.0,124.25
IAH,DSM,IAH → DSM,310,19.558064516129033,20.574193548387097,0.24838709677419354,0.025806451612903226,802.0,106.36129032258064
IAH,DTW,IAH → DTW,1353,16.327420546932743,15.998521803399852,0.18107908351810792,0.015521064301552107,1075.0,133.21877309682188
IAH,ECP,IAH → ECP,196,14.494897959183673,15.035714285714286,0.17346938775510204,0.015306122448979591,572.0,77.51530612244898
IAH,EGE,IAH → EGE,49,7.387755102040816,8.326530612244898,0.14285714285714285,0.02040816326530612,934.0,142.10204081632654
IAH,ELP,IAH → ELP,558,16.467741935483872,16.166666666666668,0.15591397849462366,0.023297491039426525,667.0,94.54301075268818
IAH,EWR,IAH → EWR,1530,15.941176470588236,17.40326797385621,0.2496732026143791,0.027450980392156862,1400.0,167.94052287581698
IAH,EYW,IAH → EYW,52,12.01923076923077,16.903846153846153,0.28846153846153844,0.0,915.0,133.01923076923077
IAH,FCA,IAH → FCA,14,19.928571428571427,21.0,0.2857142857142857,0.07142857142857142,1613.0,201.0
IAH,FLL,IAH → FLL,1007,13.97020854021847,13.72591857000993,0.1926514399205561,0.014895729890764648,966.0,118.46871896722939
IAH,GPT,IAH → GPT,188,11.0,13.186170212765957,0.1595744680851064,0.026595744680851064,376.0,55.547872340425535
IAH,GRK,IAH → GRK,193,9.564766839378239,11.160621761658032,0.19170984455958548,0.03626943005181347,166.0,35.20725388601036
IAH,GRR,IAH → GRR,141,12.070921985815604,12.702127659574469,0.22695035460992907,0.0425531914893617,1042.0,125.63829787234043
IAH,GSO,IAH → GSO,1,0.0,0.0,0.0,0.0,987.0,115.0
IAH,GSP,IAH → GSP,223,14.829596412556054,14.582959641255606,0.17488789237668162,0.02242152466367713,837.0,106.30493273542601
IAH,GUC,IAH → GUC,57,13.31578947368421,12.491228070175438,0.17543859649122806,0.017543859649122806,886.0,130.52631578947367
IAH,HDN,IAH → HDN,42,5.9523809523809526,6.119047619047619,0.07142857142857142,0.023809523809523808,985.0,143.8095238095238
IAH,HNL,IAH → HNL,160,24.6875,19.05,0.19375,0.00625,3904.0,470.84375
IAH,HOB,IAH → HOB,156,19.358974358974358,19.397435897435898,0.15384615384615385,0.02564102564102564,501.0,76.35897435897436
IAH,HRL,IAH → HRL,283,11.985865724381625,13.289752650176679,0.1625441696113074,0.04946996466431095,295.0,47.67491166077738
IAH,HSV,IAH → HSV,178,11.348314606741573,12.99438202247191,0.1797752808988764,0.028089887640449437,595.0,78.64044943820225
IAH,IAD,IAH → IAD,795,11.40251572327044,10.459119496855346,0.13584905660377358,0.012578616352201259,1190.0,144.50566037735848
IAH,ICT,IAH → ICT,362,12.524861878453038,14.046961325966851,0.18232044198895028,0.022099447513812154,542.0,79.93370165745857
IAH,IND,IAH → IND,493,12.918864097363084,13.403651115618661,0.1643002028397566,0.012170385395537525,844.0,107.65314401622717
IAH,JAC,IAH → JAC,48,15.145833333333334,15.916666666666666,0.22916666666666666,0.0,1265.0,175.66666666666666
IAH,JAN,IAH → JAN,281,9.92526690391459,11.88967971530249,0.19572953736654805,0.0498220640569395,351.0,52.306049822064054
IAH,JAX,IAH → JAX,427,11.65807962529274,11.65807962529274,0.20140515222482436,0.01873536299765808,817.0,100.14988290398126
IAH,JFK,IAH → JFK,145,30.96551724137931,27.144827586206898,0.2827586206896552,0.006896551724137931,1417.0,176.13793103448276
IAH,JLN,IAH → JLN,19,12.31578947368421,17.57894736842105,0.42105263157894735,0.10526315789473684,496.0,71.3157894736842
IAH,LAS,IAH → LAS,1609,13.827843380981976,13.249844623990056,0.18023617153511498,0.020509633312616533,1222.0,163.2256059664388
IAH,LAX,IAH → LAX,2071,14.378078223080637,13.894736842105264,0.17382906808305165,0.02317720907774022,1379.0,180.1047802993723
IAH,LBB,IAH → LBB,279,12.064516129032258,12.978494623655914,0.16845878136200718,0.021505376344086023,458.0,71.70609318996416
IAH,LCH,IAH → LCH,179,11.508379888268156,12.195530726256983,0.18994413407821228,0.055865921787709494,127.0,25.34078212290503
IAH,LEX,IAH → LEX,46,24.130434782608695,26.47826086956522,0.13043478260869565,0.06521739130434782,828.0,99.30434782608695
IAH,LFT,IAH → LFT,310,8.861290322580645,10.303225806451612,0.17096774193548386,0.01935483870967742,201.0,35.84193548387097
IAH,LGA,IAH → LGA,1642,16.729598051157126,16.797198538367844,0.21376370280146162,0.03654080389768575,1416.0,170.14250913520098
IAH,LIT,IAH → LIT,413,13.084745762711865,14.462469733656174,0.13559322033898305,0.031476997578692496,374.0,55.48668280871671
IAH,LRD,IAH → LRD,184,15.016304347826088,16.407608695652176,0.18478260869565216,0.03260869565217391,301.0,51.70108695652174
IAH,MAF,IAH → MAF,808,11.262376237623762,11.748762376237623,0.15841584158415842,0.024752475247524754,429.0,65.90346534653466
IAH,MCI,IAH → MCI,615,13.157723577235773,13.009756097560976,0.17560975609756097,0.030894308943089432,643.0,90.09105691056911
IAH,MCO,IAH → MCO,1531,15.888961463096015,15.894186806009145,0.20705421293272372,0.018941868060091443,854.0,108.03069888961463
IAH,MDW,IAH → MDW,173,12.034682080924856,10.364161849710984,0.18497109826589594,0.005780346820809248,917.0,120.36416184971098
IAH,MEI,IAH → MEI,180,17.8,16.488888888888887,0.15,0.022222222222222223,422.0,60.95
IAH,MEM,IAH → MEM,486,12.820987654320987,13.551440329218106,0.1748971193415638,0.018518518518518517,468.0,66.21399176954732
IAH,MFE,IAH → MFE,635,11.318110236220473,11.571653543307086,0.17480314960629922,0.031496062992125984,316.0,51.45984251968504
IAH,MIA,IAH → MIA,1338,12.75710014947683,13.521674140508221,0.2085201793721973,0.014947683109118086,964.0,118.08968609865471
IAH,MKE,IAH → MKE,263,16.129277566539923,17.163498098859314,0.20152091254752852,0.015209125475285171,984.0,128.2699619771863
IAH,MLU,IAH → MLU,154,6.974025974025974,8.512987012987013,0.14935064935064934,0.032467532467532464,262.0,40.53896103896104
IAH,MOB,IAH → MOB,283,8.473498233215548,9.968197879858657,0.1519434628975265,0.04946996466431095,427.0,58.87279151943463
IAH,MSN,IAH → MSN,1,0.0,0.0,0.0,0.0,966.0,137.0
IAH,MSP,IAH → MSP,1145,15.310917030567685,14.5117903930131,0.1851528384279476,0.02096069868995633,1034.0,136.30742358078604
IAH,MSY,IAH → MSY,1458,12.820987654320987,12.419753086419753,0.17901234567901234,0.03429355281207133,305.0,43.98696844993141
IAH,MTJ,IAH → MTJ,77,11.519480519480519,10.12987012987013,0.15584415584415584,0.03896103896103896,927.0,131.93506493506493
IAH,MYR,IAH → MYR,2,0.0,0.0,0.0,0.5,997.0,61.5
IAH,OAK,IAH → OAK,23,23.434782608695652,24.565217391304348,0.2608695652173913,0.0,1628.0,212.30434782608697
IAH,OKC,IAH → OKC,884,15.187782805429864,16.539592760180994,0.18778280542986425,0.019230769230769232,395.0,61.22171945701358
IAH,OMA,IAH → OMA,434,13.304147465437788,13.7073732718894,0.18663594470046083,0.02304147465437788,781.0,105.05760368663594
IAH,ONT,IAH → ONT,101,8.910891089108912,8.346534653465346,0.10891089108910891,0.0297029702970297,1334.0,175.34653465346534
IAH,ORD,IAH → ORD,2124,13.096986817325801,12.37241054613936,0.1817325800376648,0.01977401129943503,925.0,120.67184557438794
IAH,ORF,IAH → ORF,182,16.576923076923077,16.98901098901099,0.22527472527472528,0.016483516483516484,1201.0,145.64835164835165
IAH,PBI,IAH → PBI,119,15.117647058823529,14.495798319327731,0.19327731092436976,0.03361344537815126,956.0,115.97478991596638
IAH,PDX,IAH → PDX,313,12.185303514376997,11.335463258785943,0.15335463258785942,0.012779552715654952,1825.0,237.8594249201278
IAH,PHL,IAH → PHL,868,14.009216589861751,13.90783410138249,0.17857142857142858,0.01728110599078341,1325.0,164.3732718894009
IAH,PHX,IAH → PHX,1165,14.624892703862661,13.995708154506438,0.16137339055793992,0.013733905579399141,1009.0,140.46008583690988
IAH,PIB,IAH → PIB,142,12.211267605633802,12.232394366197184,0.1056338028169014,0.028169014084507043,372.0,55.90845070422535
IAH,PIT,IAH → PIT,520,10.653846153846153,10.938461538461539,0.13846153846153847,0.013461538461538462,1117.0,135.31923076923076
IAH,PNS,IAH → PNS,460,17.471739130434784,18.839130434782607,0.23043478260869565,0.04565217391304348,489.0,65.94347826086957
IAH,PSP,IAH → PSP,166,13.740963855421686,15.168674698795181,0.18072289156626506,0.024096385542168676,1269.0,180.26506024096386
IAH,RAP,IAH → RAP,6,1.3333333333333333,6.166666666666667,0.16666666666666666,0.0,1058.0,135.66666666666666
IAH,RDU,IAH → RDU,468,10.895299145299145,10.664529914529915,0.1623931623931624,0.019230769230769232,1042.0,129.23931623931625
IAH,RIC,IAH → RIC,182,21.39010989010989,20.85164835164835,0.2087912087912088,0.016483516483516484,1157.0,140.46703296703296
IAH,RNO,IAH → RNO,106,11.141509433962264,11.584905660377359,0.1792452830188679,0.03773584905660377,1530.0,203.96226415094338
IAH,RSW,IAH → RSW,341,9.82991202346041,11.70674486803519,0.16715542521994134,0.017595307917888565,861.0,106.46041055718474
IAH,SAN,IAH → SAN,753,10.341301460823374,9.309428950863214,0.150066401062417,0.02257636122177955,1303.0,169.76095617529882
IAH,SAT,IAH → SAT,1055,13.724170616113744,13.333649289099526,0.16018957345971563,0.023696682464454975,191.0,36.39336492890995
IAH,SAV,IAH → SAV,218,8.756880733944953,9.692660550458715,0.19724770642201836,0.03211009174311927,851.0,104.98165137614679
IAH,SDF,IAH → SDF,304,13.269736842105264,13.56578947368421,0.1875,0.023026315789473683,788.0,102.14802631578948
IAH,SEA,IAH → SEA,830,12.539759036144579,12.219277108433735,0.18674698795180722,0.01927710843373494,1874.0,247.4325301204819
IAH,SFO,IAH → SFO,1354,13.823485967503693,12.436484490398819,0.1935007385524372,0.019940915805022157,1635.0,213.82570162481537
IAH,SGF,IAH → SGF,89,12.92134831460674,15.775280898876405,0.21348314606741572,0.07865168539325842,513.0,72.24719101123596
IAH,SHV,IAH → SHV,234,6.995726495726496,8.346153846153847,0.13247863247863248,0.0641025641025641,192.0,33.15384615384615
IAH,SJC,IAH → SJC,199,11.155778894472363,7.698492462311558,0.1306532663316583,0.010050251256281407,1608.0,214.3467336683417
IAH,SJT,IAH → SJT,29,35.0,33.37931034482759,0.1724137931034483,0.0,321.0,51.86206896551724
IAH,SJU,IAH → SJU,356,15.539325842696629,14.075842696629213,0.18820224719101122,0.0028089887640449437,2007.0,230.23314606741573
IAH,SLC,IAH → SLC,1114,15.540394973070018,16.00718132854578,0.1615798922800718,0.012567324955116697,1195.0,164.83123877917416
IAH,SMF,IAH → SMF,268,11.08955223880597,9.272388059701493,0.15671641791044777,0.011194029850746268,1609.0,215.32835820895522
IAH,SNA,IAH → SNA,537,10.035381750465548,9.6219739292365,0.17318435754189945,0.0111731843575419,1346.0,181.13594040968343
IAH,SRQ,IAH → SRQ,36,14.194444444444445,23.27777777777778,0.3888888888888889,0.027777777777777776,796.0,113.5
IAH,STL,IAH → STL,465,15.81505376344086,16.079569892473117,0.15913978494623657,0.02795698924731183,667.0,91.88817204301075
IAH,STT,IAH → STT,69,8.884057971014492,11.130434782608695,0.15942028985507245,0.014492753623188406,2070.0,243.05797101449275
IAH,TLH,IAH → TLH,35,12.457142857142857,13.285714285714286,0.2,0.05714285714285714,658.0,85.11428571428571
IAH,TPA,IAH → TPA,725,12.041379310344828,11.604137931034483,0.17793103448275863,0.028965517241379312,787.0,97.60689655172413
IAH,TUL,IAH → TUL,652,11.582822085889571,12.199386503067485,0.16717791411042945,0.02607361963190184,429.0,64.5782208588957
IAH,TUS,IAH → TUS,440,12.165909090909091,12.818181818181818,0.18181818181818182,0.013636363636363636,936.0,132.3090909090909
IAH,TYS,IAH → TYS,193,10.601036269430052,11.243523316062177,0.15544041450777202,0.025906735751295335,771.0,101.43005181347151
IAH,VCT,IAH → VCT,154,18.006493506493506,15.7987012987013,0.08441558441558442,0.025974025974025976,123.0,28.805194805194805
IAH,VPS,IAH → VPS,222,12.432432432432432,13.995495495495495,0.16666666666666666,0.03153153153153153,528.0,72.87387387387388
IAH,XNA,IAH → XNA,310,16.019354838709678,16.725806451612904,0.17419354838709677,0.03225806451612903,438.0,66.39032258064516
ICT,ATL,ICT → ATL,452,7.6128318584070795,7.20353982300885,0.08185840707964602,0.015486725663716814,782.0,98.74778761061947
ICT,AZA,ICT → AZA,52,22.01923076923077,21.846153846153847,0.28846153846153844,0.057692307692307696,855.0,112.61538461538461
ICT,DEN,ICT → DEN,643,11.639191290824261,12.559875583203732,0.18351477449455678,0.01866251944012442,420.0,67.56920684292379
ICT,DFW,ICT → DFW,947,16.7740232312566,17.252375923970433,0.1921858500527983,0.042238648363252376,328.0,53.402323125659976
ICT,IAH,ICT → IAH,383,16.049608355091383,16.7911227154047,0.17232375979112272,0.020887728459530026,542.0,85.088772845953
ICT,LAS,ICT → LAS,144,18.791666666666668,18.42361111111111,0.18055555555555555,0.041666666666666664,986.0,132.02083333333334
ICT,LAX,ICT → LAX,11,11.818181818181818,12.909090909090908,0.18181818181818182,0.0,1203.0,156.72727272727272
ICT,MSP,ICT → MSP,303,11.488448844884488,11.125412541254125,0.07920792079207921,0.013201320132013201,545.0,80.003300330033
ICT,ORD,ICT → ORD,725,16.489655172413794,17.146206896551725,0.15724137931034482,0.04,588.0,83.08689655172414
ICT,PHX,ICT → PHX,115,6.973913043478261,5.017391304347826,0.12173913043478261,0.02608695652173913,870.0,121.70434782608696
ICT,PIE,ICT → PIE,6,10.666666666666666,10.333333333333334,0.16666666666666666,0.0,1087.0,137.0
ICT,SEA,ICT → SEA,63,3.888888888888889,5.365079365079365,0.14285714285714285,0.0,1430.0,206.95238095238096
ICT,SFB,ICT → SFB,21,15.619047619047619,14.095238095238095,0.23809523809523808,0.09523809523809523,1117.0,126.9047619047619
ICT,STL,ICT → STL,285,4.371929824561404,4.382456140350877,0.07719298245614035,0.010526315789473684,392.0,54.72280701754386
ICT,VPS,ICT → VPS,38,14.052631578947368,13.921052631578947,0.2631578947368421,0.07894736842105263,796.0,95.13157894736842
IDA,AZA,IDA → AZA,87,47.48275862068966,50.252873563218394,0.3563218390804598,0.04597701149425287,704.0,93.41379310344827
IDA,BOI,IDA → BOI,16,1.0,2.0625,0.0625,0.0,209.0,41.0625
IDA,DEN,IDA → DEN,421,17.235154394299286,18.817102137767222,0.19002375296912113,0.0166270783847981,458.0,67.15439429928742
IDA,DFW,IDA → DFW,149,35.22818791946309,34.42953020134228,0.2348993288590604,0.0,1095.0,137.53020134228188
IDA,LAS,IDA → LAS,49,50.57142857142857,54.53061224489796,0.3469387755102041,0.061224489795918366,538.0,74.53061224489795
IDA,LAX,IDA → LAX,4,3.75,9.75,0.25,0.25,743.0,83.5
IDA,MSP,IDA → MSP,1,0.0,0.0,0.0,0.0,939.0,117.0
IDA,OAK,IDA → OAK,15,24.733333333333334,24.6,0.26666666666666666,0.0,666.0,104.2
IDA,PDX,IDA → PDX,14,115.71428571428571,113.5,0.35714285714285715,0.07142857142857142,539.0,72.64285714285714
IDA,PHX,IDA → PHX,84,6.869047619047619,8.619047619047619,0.14285714285714285,0.0,695.0,96.32142857142857
IDA,SAN,IDA → SAN,8,6.0,10.5,0.375,0.0,794.0,107.75
IDA,SEA,IDA → SEA,66,7.393939393939394,11.575757575757576,0.13636363636363635,0.0,566.0,108.74242424242425
IDA,SLC,IDA → SLC,604,7.403973509933775,7.281456953642384,0.0695364238410596,0.011589403973509934,188.0,37.66556291390729
IDA,SNA,IDA → SNA,13,95.6923076923077,101.76923076923077,0.3076923076923077,0.0,747.0,112.15384615384616
ILG,MCO,ILG → MCO,17,17.352941176470587,18.470588235294116,0.29411764705882354,0.058823529411764705,841.0,116.70588235294117
ILM,ATL,ILM → ATL,676,6.769230769230769,6.329881656804734,0.08727810650887574,0.01775147928994083,377.0,63.96153846153846
ILM,BOS,ILM → BOS,35,7.0,14.485714285714286,0.2571428571428571,0.02857142857142857,672.0,93.6
ILM,CLT,ILM → CLT,1221,10.420147420147421,10.414414414414415,0.12694512694512694,0.03521703521703522,185.0,40.64127764127764
ILM,DCA,ILM → DCA,247,14.761133603238866,14.991902834008098,0.1659919028340081,0.044534412955465584,319.0,51.45748987854251
ILM,DFW,ILM → DFW,249,12.156626506024097,12.285140562248996,0.17670682730923695,0.0321285140562249,1106.0,158.30522088353413
ILM,EWR,ILM → EWR,69,18.55072463768116,22.405797101449274,0.2028985507246377,0.07246376811594203,488.0,73.08695652173913
ILM,IAD,ILM → IAD,2,0.0,0.0,0.0,0.0,323.0,54.0
ILM,LGA,ILM → LGA,460,15.643478260869566,17.391304347826086,0.22826086956521738,0.04782608695652174,500.0,72.17608695652174
ILM,ORD,ILM → ORD,54,17.462962962962962,15.518518518518519,0.18518518518518517,0.1111111111111111,760.0,104.62962962962963
ILM,PHL,ILM → PHL,23,20.217391304347824,18.652173913043477,0.21739130434782608,0.08695652173913043,413.0,60.869565217391305
IMT,DTW,IMT → DTW,152,3.8223684210526314,3.585526315789474,0.06578947368421052,0.02631578947368421,344.0,52.73026315789474
IMT,ESC,IMT → ESC,17,2.411764705882353,1.8823529411764706,0.058823529411764705,0.0,50.0,14.352941176470589
IMT,MSP,IMT → MSP,182,16.214285714285715,15.686813186813186,0.10989010989010989,0.016483516483516484,257.0,47.22527472527472
IMT,RHI,IMT → RHI,1,67.0,57.0,1.0,0.0,67.0,22.0
IND,ATL,IND → ATL,1599,7.639774859287054,7.749843652282677,0.11882426516572858,0.013133208255159476,432.0,66.55472170106316
IND,AUS,IND → AUS,242,8.326446280991735,10.764462809917354,0.19008264462809918,0.01652892561983471,919.0,129.099173553719
IND,BOS,IND → BOS,523,8.783938814531549,9.173996175908222,0.13957934990439771,0.032504780114722756,818.0,104.48374760994264
IND,BWI,IND → BWI,502,7.942231075697211,7.402390438247012,0.11952191235059761,0.043824701195219126,516.0,69.13944223107569
IND,CHS,IND → CHS,20,5.05,12.4,0.25,0.05,585.0,77.85
IND,CLT,IND → CLT,1024,7.5947265625,8.1435546875,0.1240234375,0.0224609375,427.0,68.337890625
IND,DAL,IND → DAL,212,10.216981132075471,10.004716981132075,0.17452830188679244,0.018867924528301886,755.0,110.7877358490566
IND,DCA,IND → DCA,733,9.851296043656207,11.278308321964529,0.15416098226466576,0.020463847203274217,500.0,71.50886766712142
IND,DEN,IND → DEN,1034,10.164410058027078,10.217601547388782,0.1644100580270793,0.030947775628626693,977.0,138.78916827852998
IND,DFW,IND → DFW,704,14.875,15.575284090909092,0.1846590909090909,0.032670454545454544,761.0,110.30255681818181
IND,DTW,IND → DTW,783,6.189016602809707,6.167305236270754,0.07918263090676884,0.011494252873563218,231.0,42.158365261813536
IND,ECP,IND → ECP,7,18.714285714285715,18.142857142857142,0.2857142857142857,0.0,646.0,88.0
IND,EWR,IND → EWR,667,17.08545727136432,19.34182908545727,0.2128935532233883,0.050974512743628186,645.0,87.71514242878561
IND,EYW,IND → EYW,20,16.9,16.5,0.25,0.1,1078.0,122.9
IND,FLL,IND → FLL,375,14.922666666666666,15.970666666666666,0.23733333333333334,0.04,1005.0,128.59466666666665
IND,GRR,IND → GRR,1,17.0,41.0,1.0,0.0,222.0,53.0
IND,HOU,IND → HOU,198,4.888888888888889,4.47979797979798,0.10101010101010101,0.04040404040404041,861.0,122.23232323232324
IND,IAD,IND → IAD,353,6.2747875354107645,6.6770538243626065,0.09631728045325778,0.0226628895184136,476.0,68.84702549575071
IND,IAH,IND → IAH,505,15.568316831683168,17.453465346534653,0.18217821782178217,0.03762376237623762,844.0,125.46336633663367
IND,JAX,IND → JAX,29,10.310344827586206,11.793103448275861,0.2413793103448276,0.034482758620689655,687.0,89.24137931034483
IND,JFK,IND → JFK,520,8.555769230769231,9.365384615384615,0.13846153846153847,0.046153846153846156,665.0,93.5923076923077
IND,LAS,IND → LAS,631,14.169572107765452,13.92393026941363,0.19809825673534073,0.03486529318541997,1590.0,208.94928684627575
IND,LAX,IND → LAX,282,21.890070921985817,15.73049645390071,0.19148936170212766,0.01773049645390071,1814.0,238.4290780141844
IND,LGA,IND → LGA,953,11.306400839454355,12.990556138509968,0.16474291710388247,0.02728226652675761,660.0,91.64218258132215
IND,MCI,IND → MCI,112,9.75,8.767857142857142,0.11607142857142858,0.044642857142857144,451.0,67.07142857142857
IND,MCO,IND → MCO,939,12.782747603833865,12.794462193823216,0.1853035143769968,0.04153354632587859,829.0,105.73056443024494
IND,MDW,IND → MDW,69,13.028985507246377,10.594202898550725,0.14492753623188406,0.043478260869565216,162.0,34.81159420289855
IND,MEM,IND → MEM,3,45.666666666666664,41.0,0.3333333333333333,0.0,381.0,60.666666666666664
IND,MIA,IND → MIA,385,10.503896103896103,11.267532467532467,0.16883116883116883,0.02077922077922078,1020.0,135.94025974025973
IND,MSP,IND → MSP,646,12.39938080495356,12.226006191950464,0.11609907120743033,0.009287925696594427,503.0,81.812693498452
IND,MSY,IND → MSY,11,5.181818181818182,8.090909090909092,0.2727272727272727,0.18181818181818182,707.0,85.27272727272727
IND,MYR,IND → MYR,21,4.333333333333333,4.142857142857143,0.09523809523809523,0.0,583.0,79.52380952380952
IND,OAK,IND → OAK,25,3.28,2.96,0.08,0.04,1933.0,254.72
IND,ORD,IND → ORD,1577,16.269499048826887,17.55421686746988,0.17564996829422955,0.039315155358275206,177.0,40.80596068484464
IND,PBI,IND → PBI,19,22.842105263157894,25.0,0.21052631578947367,0.10526315789473684,967.0,116.84210526315789
IND,PGD,IND → PGD,109,15.46788990825688,20.30275229357798,0.24770642201834864,0.01834862385321101,916.0,119.73394495412845
IND,PHL,IND → PHL,585,7.841025641025641,8.370940170940171,0.10427350427350428,0.018803418803418803,588.0,82.2051282051282
IND,PHX,IND → PHX,642,9.01246105919003,9.149532710280374,0.16199376947040497,0.03115264797507788,1488.0,200.40654205607476
IND,PIE,IND → PIE,131,10.465648854961833,12.694656488549619,0.2366412213740458,0.03816793893129771,840.0,105.8473282442748
IND,PNS,IND → PNS,6,3.1666666666666665,2.8333333333333335,0.16666666666666666,0.16666666666666666,639.0,72.33333333333333
IND,PSP,IND → PSP,3,0.0,2.0,0.0,0.0,1716.0,239.33333333333334
IND,RDU,IND → RDU,61,2.540983606557377,3.0655737704918034,0.08196721311475409,0.03278688524590164,489.0,72.62295081967213
IND,RSW,IND → RSW,460,8.284782608695652,8.421739130434782,0.14130434782608695,0.041304347826086954,945.0,119.35652173913043
IND,SAN,IND → SAN,10,17.0,16.1,0.2,0.0,1782.0,233.2
IND,SAV,IND → SAV,22,9.045454545454545,8.545454545454545,0.18181818181818182,0.09090909090909091,596.0,74.45454545454545
IND,SBN,IND → SBN,1,0.0,0.0,0.0,0.0,137.0,22.0
IND,SEA,IND → SEA,206,9.927184466019417,9.606796116504855,0.14563106796116504,0.03398058252427184,1866.0,250.63106796116506
IND,SFB,IND → SFB,112,14.776785714285714,16.6875,0.23214285714285715,0.044642857142857144,807.0,104.86607142857143
IND,SFO,IND → SFO,144,19.958333333333332,17.01388888888889,0.18055555555555555,0.0,1943.0,262.55555555555554
IND,SLC,IND → SLC,52,1.9807692307692308,1.9230769230769231,0.07692307692307693,0.038461538461538464,1355.0,183.3653846153846
IND,SRQ,IND → SRQ,119,10.025210084033613,11.008403361344538,0.18487394957983194,0.008403361344537815,876.0,115.04201680672269
IND,STL,IND → STL,8,2.375,1.625,0.0,0.0,229.0,39.125
IND,TPA,IND → TPA,557,9.378815080789947,8.854578096947936,0.15978456014362658,0.026929982046678635,837.0,108.34829443447038
IND,TUS,IND → TUS,6,102.33333333333333,100.83333333333333,0.3333333333333333,0.0,1472.0,206.16666666666666
IND,VPS,IND → VPS,30,8.533333333333333,11.333333333333334,0.23333333333333334,0.03333333333333333,637.0,82.93333333333334
INL,HIB,INL → HIB,20,1.55,0.45,0.0,0.0,86.0,21.9
INL,MSP,INL → MSP,279,7.401433691756273,6.781362007168458,0.07168458781362007,0.02867383512544803,255.0,44.111111111111114
IPT,CLT,IPT → CLT,6,21.5,14.0,0.16666666666666666,0.0,470.0,77.16666666666667
ISN,DEN,ISN → DEN,1,0.0,0.0,0.0,0.0,576.0,75.0
ISN,MSP,ISN → MSP,56,5.678571428571429,5.035714285714286,0.125,0.0,546.0,78.94642857142857
ISP,ATL,ISP → ATL,59,17.050847457627118,16.050847457627118,0.3050847457627119,0.03389830508474576,795.0,122.83050847457628
ISP,BNA,ISP → BNA,60,18.616666666666667,16.883333333333333,0.25,0.05,803.0,117.13333333333334
ISP,BWI,ISP → BWI,624,7.806089743589744,6.576923076923077,0.10256410256410256,0.05608974358974359,220.0,49.67467948717949
ISP,FLL,ISP → FLL,181,14.74585635359116,14.359116022099448,0.19889502762430938,0.06077348066298342,1092.0,148.08287292817678
ISP,MCO,ISP → MCO,586,13.402730375426621,14.264505119453926,0.21160409556313994,0.03583617747440273,971.0,136.5494880546075
ISP,MIA,ISP → MIA,13,19.53846153846154,17.0,0.15384615384615385,0.07692307692307693,1113.0,145.69230769230768
ISP,MYR,ISP → MYR,35,28.114285714285714,29.02857142857143,0.2571428571428571,0.0,586.0,91.08571428571429
ISP,PBI,ISP → PBI,329,12.671732522796352,14.598784194528875,0.22188449848024316,0.03951367781155015,1052.0,149.37689969604864
ISP,RDU,ISP → RDU,16,23.6875,21.6875,0.3125,0.0,459.0,73.0625
ISP,RSW,ISP → RSW,62,19.112903225806452,16.14516129032258,0.1935483870967742,0.0,1101.0,167.17741935483872
ISP,TPA,ISP → TPA,221,16.081447963800905,16.547511312217196,0.19909502262443438,0.03619909502262444,1034.0,151.01809954751133
ITH,CLT,ITH → CLT,38,9.210526315789474,5.894736842105263,0.10526315789473684,0.05263157894736842,557.0,88.3157894736842
ITH,DTW,ITH → DTW,239,17.514644351464437,16.456066945606693,0.12133891213389121,0.016736401673640166,353.0,61.05439330543933
ITH,EWR,ITH → EWR,4,34.5,33.25,0.25,0.25,172.0,31.25
ITH,JFK,ITH → JFK,58,13.948275862068966,15.189655172413794,0.1896551724137931,0.034482758620689655,189.0,43.258620689655174
ITO,HNL,ITO → HNL,2497,5.369643572286744,6.193031637965559,0.11413696435722867,0.016419703644373247,216.0,36.78694433319984
ITO,LAX,ITO → LAX,66,21.46969696969697,21.318181818181817,0.12121212121212122,0.015151515151515152,2449.0,274.8484848484849
ITO,OGG,ITO → OGG,223,4.143497757847534,4.291479820627803,0.08071748878923767,0.013452914798206279,121.0,24.654708520179373
JAC,ATL,JAC → ATL,84,11.19047619047619,12.821428571428571,0.21428571428571427,0.023809523809523808,1572.0,178.42857142857142
JAC,AZA,JAC → AZA,1,25.0,22.0,1.0,0.0,712.0,98.0
JAC,BOS,JAC → BOS,1,0.0,0.0,0.0,0.0,1996.0,232.0
JAC,CLT,JAC → CLT,18,12.61111111111111,13.61111111111111,0.16666666666666666,0.0,1685.0,204.72222222222223
JAC,DEN,JAC → DEN,536,12.852611940298507,15.063432835820896,0.21828358208955223,0.016791044776119403,406.0,61.78731343283582
JAC,DFW,JAC → DFW,283,23.137809187279153,23.62190812720848,0.19081272084805653,0.0176678445229682,1047.0,131.51943462897526
JAC,DTW,JAC → DTW,4,5.75,9.75,0.25,0.0,1387.0,162.5
JAC,EWR,JAC → EWR,51,37.31372549019608,37.1764705882353,0.37254901960784315,0.0196078431372549,1874.0,213.27450980392157
JAC,IAH,JAC → IAH,50,10.92,11.4,0.18,0.0,1265.0,161.96
JAC,JFK,JAC → JFK,16,37.0625,41.6875,0.3125,0.0,1894.0,238.875
JAC,LAS,JAC → LAS,5,1.8,1.2,0.0,0.4,570.0,47.0
JAC,LAX,JAC → LAX,202,18.183168316831683,17.306930693069308,0.18316831683168316,0.0297029702970297,784.0,111.33663366336634
JAC,LGA,JAC → LGA,6,43.666666666666664,36.5,0.16666666666666666,0.0,1887.0,228.66666666666666
JAC,MIA,JAC → MIA,4,1.75,11.0,0.25,0.0,2105.0,241.75
JAC,MSP,JAC → MSP,37,19.945945945945947,18.45945945945946,0.24324324324324326,0.0,872.0,110.43243243243244
JAC,ORD,JAC → ORD,304,30.279605263157894,29.898026315789473,0.23355263157894737,0.01644736842105263,1162.0,142.96381578947367
JAC,PHX,JAC → PHX,40,50.85,56.8,0.3,0.0,705.0,100.35
JAC,RNO,JAC → RNO,1,58.0,59.0,1.0,0.0,547.0,80.0
JAC,SAN,JAC → SAN,31,17.419354838709676,18.096774193548388,0.1935483870967742,0.0,828.0,119.48387096774194
JAC,SEA,JAC → SEA,72,22.5,22.97222222222222,0.2916666666666667,0.06944444444444445,621.0,93.34722222222223
JAC,SFO,JAC → SFO,121,11.84297520661157,13.669421487603305,0.19834710743801653,0.01652892561983471,737.0,118.33884297520662
JAC,SJC,JAC → SJC,1,0.0,0.0,0.0,1.0,729.0,0.0
JAC,SLC,JAC → SLC,547,14.429616087751372,16.46983546617916,0.1956124314442413,0.009140767824497258,205.0,38.3254113345521
JAN,ATL,JAN → ATL,1218,7.766009852216749,6.946633825944171,0.08866995073891626,0.0180623973727422,341.0,51.552545155993435
JAN,BWI,JAN → BWI,67,9.134328358208956,6.462686567164179,0.11940298507462686,0.0,888.0,115.4776119402985
JAN,CLT,JAN → CLT,474,14.369198312236287,13.710970464135022,0.15611814345991562,0.03375527426160337,562.0,76.74050632911393
JAN,DCA,JAN → DCA,122,18.639344262295083,19.42622950819672,0.09016393442622951,0.03278688524590164,860.0,113.27868852459017
JAN,DEN,JAN → DEN,9,15.88888888888889,15.666666666666666,0.2222222222222222,0.0,967.0,134.55555555555554
JAN,DFW,JAN → DFW,884,15.029411764705882,15.797511312217194,0.18438914027149322,0.04411764705882353,408.0,67.49547511312217
JAN,HOU,JAN → HOU,229,10.576419213973798,8.06113537117904,0.09606986899563319,0.013100436681222707,359.0,58.43231441048035
JAN,IAH,JAN → IAH,289,16.86159169550173,18.356401384083046,0.17301038062283736,0.03460207612456748,351.0,61.484429065743946
JAN,MCO,JAN → MCO,25,17.08,15.24,0.08,0.0,588.0,82.8
JAN,MIA,JAN → MIA,3,1.6666666666666667,4.0,0.0,0.0,742.0,110.0
JAN,ORD,JAN → ORD,32,46.4375,45.15625,0.34375,0.0,677.0,105.125
JAX,ATL,JAX → ATL,1928,8.421680497925312,8.128112033195022,0.10217842323651452,0.019190871369294607,270.0,45.41908713692946
JAX,AUS,JAX → AUS,73,37.013698630136986,37.32876712328767,0.3150684931506849,0.0,954.0,139.013698630137
JAX,BLV,JAX → BLV,22,17.90909090909091,15.727272727272727,0.2727272727272727,0.0,723.0,97.31818181818181
JAX,BNA,JAX → BNA,423,8.182033096926714,7.1063829787234045,0.13002364066193853,0.02364066193853428,483.0,71.71394799054373
JAX,BOS,JAX → BOS,564,13.625886524822695,13.567375886524824,0.16843971631205673,0.030141843971631204,1010.0,127.2517730496454
JAX,BWI,JAX → BWI,582,9.513745704467354,8.34364261168385,0.14432989690721648,0.03264604810996564,663.0,86.30068728522336
JAX,CLE,JAX → CLE,8,2.25,1.875,0.125,0.125,753.0,90.125
JAX,CLT,JAX → CLT,1129,11.398582816651905,11.445527015057573,0.13728963684676704,0.03365810451727192,328.0,54.468556244464125
JAX,CVG,JAX → CVG,64,56.890625,57.34375,0.34375,0.015625,613.0,85.46875
JAX,DAL,JAX → DAL,56,16.0,15.232142857142858,0.25,0.0,907.0,131.42857142857142
JAX,DCA,JAX → DCA,638,13.844827586206897,15.087774294670846,0.19905956112852666,0.02664576802507837,634.0,86.77115987460814
JAX,DEN,JAX → DEN,273,8.007326007326007,7.413919413919414,0.1282051282051282,0.014652014652014652,1447.0,198.36263736263737
JAX,DFW,JAX → DFW,762,12.855643044619423,13.29002624671916,0.18503937007874016,0.031496062992125984,918.0,132.56167979002623
JAX,DTW,JAX → DTW,272,10.408088235294118,9.161764705882353,0.11764705882352941,0.011029411764705883,813.0,110.41176470588235
JAX,EWR,JAX → EWR,510,19.24705882352941,20.59607843137255,0.2529411764705882,0.03725490196078431,820.0,107.37450980392157
JAX,FLL,JAX → FLL,406,19.31527093596059,18.32512315270936,0.22167487684729065,0.034482758620689655,319.0,52.62315270935961
JAX,FNT,JAX → FNT,12,61.25,61.583333333333336,0.75,0.0,867.0,124.0
JAX,GRR,JAX → GRR,8,16.125,16.875,0.25,0.125,880.0,102.125
JAX,HOU,JAX → HOU,155,11.04516129032258,9.2,0.10967741935483871,0.01935483870967742,816.0,119.64516129032258
JAX,IAD,JAX → IAD,338,10.497041420118343,11.14792899408284,0.17159763313609466,0.020710059171597635,630.0,84.59171597633136
JAX,IAH,JAX → IAH,446,10.975336322869955,11.84304932735426,0.12556053811659193,0.02914798206278027,817.0,122.03811659192826
JAX,IND,JAX → IND,22,27.272727272727273,25.454545454545453,0.18181818181818182,0.0,687.0,94.81818181818181
JAX,JFK,JAX → JFK,865,16.102890173410405,15.93063583815029,0.20809248554913296,0.03005780346820809,828.0,106.38728323699422
JAX,LAS,JAX → LAS,18,49.333333333333336,50.333333333333336,0.3333333333333333,0.0,1965.0,258.77777777777777
JAX,LAX,JAX → LAX,30,14.7,10.033333333333333,0.16666666666666666,0.0,2153.0,274.6666666666667
JAX,LCK,JAX → LCK,7,8.142857142857142,8.142857142857142,0.14285714285714285,0.0,646.0,86.14285714285714
JAX,LGA,JAX → LGA,512,15.2109375,16.19921875,0.189453125,0.033203125,833.0,106.890625
JAX,MDW,JAX → MDW,143,11.524475524475525,10.727272727272727,0.1888111888111888,0.013986013986013986,849.0,122.6993006993007
JAX,MIA,JAX → MIA,741,10.31174089068826,10.511470985155196,0.16059379217273953,0.024291497975708502,335.0,55.45614035087719
JAX,MSP,JAX → MSP,66,20.954545454545453,20.78787878787879,0.18181818181818182,0.07575757575757576,1174.0,150.04545454545453
JAX,ORD,JAX → ORD,719,14.012517385257302,14.603616133518775,0.15299026425591097,0.03616133518776078,864.0,125.7635605006954
JAX,ORF,JAX → ORF,28,11.607142857142858,13.214285714285714,0.21428571428571427,0.10714285714285714,542.0,64.25
JAX,PHL,JAX → PHL,530,12.952830188679245,13.635849056603774,0.18867924528301888,0.013207547169811321,742.0,102.48301886792453
JAX,PIT,JAX → PIT,48,15.145833333333334,15.645833333333334,0.125,0.0625,694.0,87.75
JAX,RDU,JAX → RDU,37,9.702702702702704,9.72972972972973,0.08108108108108109,0.05405405405405406,407.0,59.810810810810814
JAX,RSW,JAX → RSW,3,0.0,0.6666666666666666,0.0,0.0,273.0,47.0
JAX,SJU,JAX → SJU,40,21.25,18.075,0.275,0.05,1288.0,148.5
JAX,STL,JAX → STL,90,15.144444444444444,13.355555555555556,0.2,0.0,753.0,107.85555555555555
JAX,TTN,JAX → TTN,13,22.692307692307693,21.692307692307693,0.15384615384615385,0.0,777.0,102.38461538461539
JFK,ABQ,JFK → ABQ,108,29.35185185185185,22.09259259259259,0.3148148148148148,0.027777777777777776,1826.0,244.66666666666666
JFK,ACK,JFK → ACK,191,14.261780104712042,13.61780104712042,0.19895287958115182,0.010471204188481676,199.0,39.81151832460733
JFK,ANC,JFK → ANC,4,2.25,10.25,0.25,0.0,3386.0,437.5
JFK,ATL,JFK → ATL,1497,17.861723446893787,15.869739478957916,0.19906479625918505,0.013360053440213761,760.0,109.38877755511022
JFK,AUS,JFK → AUS,935,19.159358288770054,18.90802139037433,0.20855614973262032,0.026737967914438502,1521.0,205.51550802139036
JFK,BGR,JFK → BGR,134,6.007462686567164,7.373134328358209,0.12686567164179105,0.05970149253731343,382.0,55.88059701492537
JFK,BNA,JFK → BNA,708,10.6045197740113,11.193502824858758,0.1765536723163842,0.031073446327683617,765.0,113.44209039548022
JFK,BOI,JFK → BOI,8,55.375,46.75,0.375,0.0,2167.0,288.0
JFK,BOS,JFK → BOS,2378,19.52649285113541,18.87973086627418,0.23128679562657695,0.03322119428090833,187.0,38.02523128679562
JFK,BQN,JFK → BQN,191,23.670157068062828,21.973821989528794,0.2879581151832461,0.02617801047120419,1576.0,189.0
JFK,BTV,JFK → BTV,695,16.270503597122303,15.502158273381294,0.1971223021582734,0.053237410071942444,266.0,44.143884892086334
JFK,BUF,JFK → BUF,1174,13.583475298126064,13.647359454855195,0.18228279386712096,0.05110732538330494,301.0,53.97870528109029
JFK,BUR,JFK → BUR,189,20.92063492063492,18.51851851851852,0.25925925925925924,0.037037037037037035,2465.0,323.3862433862434
JFK,BWI,JFK → BWI,502,14.356573705179283,14.840637450199203,0.16334661354581673,0.04780876494023904,184.0,37.95418326693227
JFK,BZN,JFK → BZN,32,10.59375,10.5,0.15625,0.0,1902.0,263.5
JFK,CHS,JFK → CHS,757,14.05680317040951,14.60898282694848,0.202113606340819,0.034346103038309116,636.0,93.42536327608983
JFK,CLE,JFK → CLE,643,10.175738724727838,11.671850699844478,0.15085536547433903,0.03265940902021773,425.0,74.76205287713842
JFK,CLT,JFK → CLT,1407,11.249466950959489,11.395167022032693,0.13432835820895522,0.033404406538734895,541.0,84.40582800284292
JFK,CMH,JFK → CMH,574,14.214285714285714,15.463414634146341,0.17247386759581881,0.029616724738675958,483.0,77.80139372822299
JFK,CVG,JFK → CVG,376,14.132978723404255,15.486702127659575,0.2047872340425532,0.02925531914893617,589.0,95.39095744680851
JFK,DCA,JFK → DCA,955,11.64607329842932,13.830366492146597,0.19790575916230366,0.02931937172774869,213.0,51.02513089005235
JFK,DEN,JFK → DEN,583,15.694682675814752,14.874785591766724,0.22469982847341338,0.024013722126929673,1626.0,223.96226415094338
JFK,DFW,JFK → DFW,710,19.53943661971831,19.004225352112677,0.2352112676056338,0.022535211267605635,1391.0,193.4788732394366
JFK,DTW,JFK → DTW,807,12.908302354399009,12.654275092936803,0.16356877323420074,0.024783147459727387,509.0,84.52168525402726
JFK,EGE,JFK → EGE,44,14.340909090909092,20.25,0.29545454545454547,0.045454545454545456,1746.0,248.38636363636363
JFK,EYW,JFK → EYW,41,22.24390243902439,22.634146341463413,0.3170731707317073,0.04878048780487805,1201.0,166.390243902439
JFK,FLL,JFK → FLL,1854,22.45091693635383,21.36677454153182,0.2540453074433657,0.02481121898597627,1069.0,146.73247033441208
JFK,HDN,JFK → HDN,2,0.0,29.0,0.5,0.0,1749.0,269.5
JFK,HNL,JFK → HNL,150,26.966666666666665,25.96,0.2733333333333333,0.0,4983.0,624.3333333333334
JFK,HOU,JFK → HOU,31,12.483870967741936,8.451612903225806,0.1935483870967742,0.0,1428.0,201.32258064516128
JFK,HYA,JFK → HYA,45,19.444444444444443,17.177777777777777,0.2222222222222222,0.044444444444444446,196.0,35.888888888888886
JFK,IAD,JFK → IAD,397,11.340050377833753,11.680100755667507,0.1561712846347607,0.04030226700251889,228.0,46.60705289672544
JFK,IAH,JFK → IAH,163,14.644171779141104,14.52760736196319,0.27607361963190186,0.03067484662576687,1417.0,195.68098159509202
JFK,IND,JFK → IND,526,13.82319391634981,14.876425855513308,0.1844106463878327,0.053231939163498096,665.0,98.39733840304183
JFK,ITH,JFK → ITH,40,9.875,11.1,0.15,0.1,189.0,36.2
JFK,JAC,JFK → JAC,17,18.823529411764707,18.058823529411764,0.17647058823529413,0.0,1894.0,263.52941176470586
JFK,JAX,JFK → JAX,858,20.025641025641026,19.638694638694638,0.22144522144522144,0.018648018648018648,828.0,118.74125874125875
JFK,LAS,JFK → LAS,1122,16.363636363636363,14.645276292335115,0.19964349376114082,0.020499108734402853,2248.0,296.7210338680927
JFK,LAX,JFK → LAX,4298,12.585621219171708,13.372964169381108,0.18683108422522104,0.015355979525360632,2475.0,325.3508608655188
JFK,LGB,JFK → LGB,82,9.865853658536585,10.853658536585366,0.1951219512195122,0.012195121951219513,2465.0,332.3170731707317
JFK,MCI,JFK → MCI,92,18.32608695652174,19.695652173913043,0.29347826086956524,0.010869565217391304,1113.0,163.05434782608697
JFK,MCO,JFK → MCO,1889,22.664902064584435,21.638962413975648,0.26151402858655376,0.029115934356802542,944.0,131.31974589730015
JFK,MIA,JFK → MIA,2175,19.168275862068967,19.43816091954023,0.23448275862068965,0.023908045977011495,1089.0,148.4873563218391
JFK,MKE,JFK → MKE,97,27.103092783505154,24.175257731958762,0.28865979381443296,0.08247422680412371,745.0,110.6082474226804
JFK,MSP,JFK → MSP,664,15.811746987951807,15.04066265060241,0.18674698795180722,0.030120481927710843,1029.0,148.59638554216866
JFK,MSY,JFK → MSY,572,16.057692307692307,17.46853146853147,0.22552447552447552,0.03496503496503497,1182.0,161.05944055944056
JFK,MVY,JFK → MVY,123,20.10569105691057,20.56910569105691,0.18699186991869918,0.016260162601626018,173.0,36.886178861788615
JFK,OAK,JFK → OAK,38,20.236842105263158,20.18421052631579,0.18421052631578946,0.02631578947368421,2576.0,339.0
JFK,ONT,JFK → ONT,101,21.89108910891089,17.11881188118812,0.3564356435643564,0.039603960396039604,2429.0,311.28712871287127
JFK,ORD,JFK → ORD,1109,16.908025247971146,17.074842200180342,0.19386834986474302,0.0387736699729486,740.0,117.84490532010821
JFK,ORF,JFK → ORF,670,13.265671641791045,14.723880597014926,0.16716417910447762,0.04626865671641791,290.0,51.96865671641791
JFK,ORH,JFK → ORH,232,18.564655172413794,17.16810344827586,0.2413793103448276,0.07758620689655173,150.0,28.83189655172414
JFK,PBI,JFK → PBI,834,27.237410071942445,26.219424460431654,0.2733812949640288,0.03237410071942446,1028.0,141.27697841726618
JFK,PDX,JFK → PDX,372,13.521505376344086,11.688172043010752,0.19086021505376344,0.013440860215053764,2454.0,327.755376344086
JFK,PHL,JFK → PHL,38,7.7631578947368425,7.552631578947368,0.10526315789473684,0.0,94.0,29.842105263157894
JFK,PHX,JFK → PHX,1053,15.198480531813866,14.859449192782526,0.2022792022792023,0.02564102564102564,2153.0,287.5014245014245
JFK,PIT,JFK → PIT,600,13.47,13.468333333333334,0.165,0.03,340.0,64.28666666666666
JFK,PSE,JFK → PSE,85,22.905882352941177,16.011764705882353,0.2823529411764706,0.07058823529411765,1617.0,186.88235294117646
JFK,PSP,JFK → PSP,58,16.137931034482758,16.17241379310345,0.25862068965517243,0.0,2378.0,330.08620689655174
JFK,PWM,JFK → PWM,415,13.816867469879519,15.14698795180723,0.19759036144578312,0.04819277108433735,273.0,46.327710843373495
JFK,RDU,JFK → RDU,1539,13.644574398960364,13.946718648473034,0.18193632228719947,0.029239766081871343,427.0,70.92267706302793
JFK,RIC,JFK → RIC,479,14.085594989561587,15.01670146137787,0.18162839248434237,0.04175365344467641,288.0,55.13987473903967
JFK,RNO,JFK → RNO,75,28.493333333333332,24.213333333333335,0.37333333333333335,0.05333333333333334,2411.0,308.0133333333333
JFK,ROC,JFK → ROC,804,15.114427860696518,15.517412935323383,0.19402985074626866,0.033582089552238806,264.0,49.64303482587065
JFK,RSW,JFK → RSW,509,14.846758349705304,14.212180746561886,0.19842829076620824,0.03732809430255403,1074.0,150.90766208251475
JFK,SAN,JFK → SAN,834,12.616306954436451,12.79496402877698,0.19184652278177458,0.019184652278177457,2446.0,320.47482014388487
JFK,SAT,JFK → SAT,173,24.196531791907514,22.69942196531792,0.1907514450867052,0.04046242774566474,1587.0,210.72832369942196
JFK,SAV,JFK → SAV,627,11.432216905901116,12.940988835725678,0.19457735247208932,0.02711323763955343,718.0,104.98883572567783
JFK,SEA,JFK → SEA,1292,11.569659442724458,12.004643962848297,0.16950464396284828,0.016253869969040248,2422.0,325.3421052631579
JFK,SFO,JFK → SFO,2825,12.627256637168141,12.56424778761062,0.18230088495575222,0.01663716814159292,2586.0,343.56495575221237
JFK,SJC,JFK → SJC,164,11.609756097560975,12.079268292682928,0.23780487804878048,0.024390243902439025,2569.0,342.0243902439024
JFK,SJU,JFK → SJU,1396,17.549426934097422,17.525071633237822,0.2521489971346705,0.022206303724928367,1598.0,191.8875358166189
JFK,SLC,JFK → SLC,965,18.058031088082902,15.500518134715026,0.20414507772020726,0.016580310880829015,1990.0,273.2870466321244
JFK,SMF,JFK → SMF,114,27.79824561403509,25.403508771929825,0.32456140350877194,0.02631578947368421,2521.0,329.42105263157896
JFK,SNA,JFK → SNA,80,4.65,5.35,0.15,0.025,2454.0,320.5625
JFK,SRQ,JFK → SRQ,157,11.356687898089172,11.636942675159236,0.16560509554140126,0.03821656050955414,1041.0,144.40127388535032
JFK,STT,JFK → STT,211,10.009478672985782,10.772511848341232,0.14691943127962084,0.03317535545023697,1623.0,193.4218009478673
JFK,SYR,JFK → SYR,638,16.29780564263323,16.025078369905955,0.20219435736677116,0.061128526645768025,209.0,41.877742946708466
JFK,TPA,JFK → TPA,1004,20.981075697211157,19.83266932270916,0.24402390438247012,0.0249003984063745,1005.0,140.90338645418328
JLN,DEC,JLN → DEC,20,37.05,36.7,0.15,0.0,357.0,56.4
JLN,DEN,JLN → DEN,67,16.208955223880597,15.298507462686567,0.19402985074626866,0.014925373134328358,582.0,92.34328358208955
JLN,DFW,JLN → DFW,191,9.806282722513089,11.743455497382199,0.14659685863874344,0.031413612565445025,327.0,56.010471204188484
JLN,IAH,JLN → IAH,16,12.25,15.0,0.25,0.0,496.0,85.6875
JLN,ORD,JLN → ORD,116,16.086206896551722,13.077586206896552,0.13793103448275862,0.034482758620689655,484.0,73.80172413793103
JMS,DEN,JMS → DEN,172,23.406976744186046,23.941860465116278,0.1569767441860465,0.05813953488372093,573.0,81.88372093023256
JMS,DVL,JMS → DVL,252,8.492063492063492,8.468253968253968,0.14285714285714285,0.051587301587301584,83.0,20.142857142857142
JNU,ANC,JNU → ANC,484,9.483471074380166,10.923553719008265,0.16115702479338842,0.02066115702479339,571.0,83.32231404958678
JNU,GST,JNU → GST,54,1.2962962962962963,2.9444444444444446,0.07407407407407407,0.018518518518518517,41.0,15.12962962962963
JNU,KTN,JNU → KTN,160,3.79375,5.5375,0.10625,0.01875,234.0,40.15625
JNU,PSG,JNU → PSG,158,8.822784810126583,10.39240506329114,0.20253164556962025,0.0,123.0,26.968354430379748
JNU,SEA,JNU → SEA,705,6.2368794326241135,7.449645390070922,0.1375886524822695,0.02695035460992908,909.0,113.60141843971631
JNU,SIT,JNU → SIT,326,6.9079754601226995,7.880368098159509,0.16257668711656442,0.02147239263803681,95.0,23.48159509202454
JNU,YAK,JNU → YAK,166,6.457831325301205,7.789156626506024,0.1566265060240964,0.04216867469879518,198.0,36.46987951807229
JST,CKB,JST → CKB,23,57.91304347826087,55.82608695652174,0.17391304347826086,0.0,102.0,23.82608695652174
JST,IAD,JST → IAD,99,21.08080808080808,19.454545454545453,0.12121212121212122,0.0707070707070707,120.0,25.78787878787879
JST,ORD,JST → ORD,67,19.208955223880597,21.582089552238806,0.208955223880597,0.014925373134328358,487.0,82.11940298507463
KOA,ANC,KOA → ANC,37,17.594594594594593,18.243243243243242,0.2972972972972973,0.0,2874.0,345.0810810810811
KOA,BLI,KOA → BLI,1,185.0,149.0,1.0,0.0,2732.0,296.0
KOA,DEN,KOA → DEN,133,18.082706766917294,17.8796992481203,0.07518796992481203,0.022556390977443608,3329.0,366.38345864661653
KOA,DFW,KOA → DFW,60,5.15,7.35,0.16666666666666666,0.016666666666666666,3724.0,393.15
KOA,HNL,KOA → HNL,3159,6.093700538144983,6.7628996517885405,0.1278885723330168,0.018360240582462804,163.0,29.679645457423234
KOA,LAS,KOA → LAS,58,6.603448275862069,7.258620689655173,0.1724137931034483,0.0,2717.0,312.3965517241379
KOA,LAX,KOA → LAX,772,8.11658031088083,7.704663212435233,0.13601036269430053,0.006476683937823834,2504.0,287.9637305699482
KOA,LIH,KOA → LIH,122,3.639344262295082,3.942622950819672,0.09016393442622951,0.0,263.0,40.09016393442623
KOA,OAK,KOA → OAK,173,4.398843930635838,4.167630057803469,0.09826589595375723,0.005780346820809248,2378.0,279.1271676300578
KOA,OGG,KOA → OGG,598,9.175585284280936,10.692307692307692,0.18561872909698995,0.008361204013377926,84.0,19.396321070234112
KOA,ORD,KOA → ORD,16,9.25,6.0625,0.125,0.0,4213.0,445.9375
KOA,PDX,KOA → PDX,101,16.633663366336634,16.88118811881188,0.2079207920792079,0.039603960396039604,2607.0,296.35643564356434
KOA,PHX,KOA → PHX,177,2.5649717514124295,3.1638418079096047,0.05649717514124294,0.01694915254237288,2860.0,315.8474576271187
KOA,SAN,KOA → SAN,141,14.4822695035461,13.808510638297872,0.2695035460992908,0.014184397163120567,2556.0,293.27659574468083
KOA,SEA,KOA → SEA,508,11.14763779527559,11.63976377952756,0.19881889763779528,0.00984251968503937,2688.0,317.33858267716533
KOA,SFO,KOA → SFO,456,12.175438596491228,11.168859649122806,0.1074561403508772,0.015350877192982455,2367.0,272.9451754385965
KOA,SJC,KOA → SJC,205,15.234146341463415,12.941463414634146,0.22439024390243903,0.00975609756097561,2384.0,276.5219512195122
KOA,SMF,KOA → SMF,33,18.12121212121212,14.030303030303031,0.21212121212121213,0.0,2435.0,287.57575757575756
KTN,JNU,KTN → JNU,154,4.5064935064935066,5.3441558441558445,0.12987012987012986,0.025974025974025976,234.0,40.64935064935065
KTN,SEA,KTN → SEA,604,7.788079470198675,8.594370860927153,0.13079470198675497,0.029801324503311258,680.0,89.4023178807947
KTN,SIT,KTN → SIT,129,12.186046511627907,14.550387596899224,0.29457364341085274,0.023255813953488372,183.0,36.4031007751938
KTN,WRG,KTN → WRG,176,13.369318181818182,15.909090909090908,0.21022727272727273,0.011363636363636364,82.0,23.97159090909091
LAN,DCA,LAN → DCA,135,13.281481481481482,13.725925925925926,0.1925925925925926,0.08888888888888889,479.0,67.01481481481481
LAN,DTW,LAN → DTW,534,9.604868913857677,9.588014981273409,0.1254681647940075,0.013108614232209739,74.0,21.411985018726593
LAN,MSP,LAN → MSP,31,15.225806451612904,15.741935483870968,0.12903225806451613,0.0,455.0,80.35483870967742
LAN,ORD,LAN → ORD,344,14.212209302325581,15.668604651162791,0.1744186046511628,0.040697674418604654,179.0,38.05813953488372
LAR,BFF,LAR → BFF,3,0.0,0.0,0.0,0.0,115.0,30.0
LAR,DEN,LAR → DEN,289,20.110726643598618,22.27681660899654,0.18339100346020762,0.0657439446366782,113.0,26.640138408304498
LAS,ABQ,LAS → ABQ,621,13.801932367149758,12.600644122383253,0.23832528180354268,0.028985507246376812,486.0,62.51851851851852
LAS,AMA,LAS → AMA,171,12.450292397660819,11.649122807017545,0.2046783625730994,0.011695906432748537,758.0,91.74853801169591
LAS,ANC,LAS → ANC,27,29.925925925925927,26.666666666666668,0.4444444444444444,0.0,2304.0,293.74074074074076
LAS,ATL,LAS → ATL,2147,13.020959478341872,12.220307405682348,0.168141592920354,0.014904517931998137,1747.0,197.69911504424778
LAS,ATW,LAS → ATW,63,18.396825396825395,19.46031746031746,0.3333333333333333,0.0,1510.0,180.4126984126984
LAS,AUS,LAS → AUS,1148,12.91376306620209,12.44163763066202,0.20557491289198607,0.02613240418118467,1090.0,129.5383275261324
LAS,AVL,LAS → AVL,34,16.735294117647058,17.58823529411765,0.29411764705882354,0.029411764705882353,1824.0,203.2941176470588
LAS,AZA,LAS → AZA,61,19.9672131147541,18.934426229508198,0.18032786885245902,0.0,276.0,49.01639344262295
LAS,BDL,LAS → BDL,49,45.57142857142857,43.89795918367347,0.4897959183673469,0.0,2297.0,257.2448979591837
LAS,BHM,LAS → BHM,99,11.565656565656566,10.585858585858587,0.1919191919191919,0.04040404040404041,1618.0,180.43434343434345
LAS,BIL,LAS → BIL,53,19.18867924528302,20.90566037735849,0.32075471698113206,0.018867924528301886,754.0,96.94339622641509
LAS,BIS,LAS → BIS,69,9.130434782608695,12.492753623188406,0.2028985507246377,0.043478260869565216,1048.0,124.15942028985508
LAS,BLI,LAS → BLI,336,10.550595238095237,10.336309523809524,0.16964285714285715,0.03869047619047619,954.0,129.66071428571428
LAS,BLV,LAS → BLV,38,8.289473684210526,10.131578947368421,0.18421052631578946,0.07894736842105263,1400.0,149.1578947368421
LAS,BNA,LAS → BNA,685,11.719708029197081,10.53868613138686,0.2116788321167883,0.029197080291970802,1587.0,179.24233576642337
LAS,BOI,LAS → BOI,479,17.223382045929018,16.82045929018789,0.2755741127348643,0.006263048016701462,519.0,81.70563674321504
LAS,BOS,LAS → BOS,669,24.919282511210763,23.953662182361732,0.26756352765321373,0.017937219730941704,2381.0,264.11061285500745
LAS,BUF,LAS → BUF,97,14.268041237113403,11.329896907216495,0.18556701030927836,0.061855670103092786,1986.0,210.43298969072166
LAS,BUR,LAS → BUR,1658,13.749095295536792,12.504825090470446,0.23401688781664656,0.037997587454764774,223.0,43.51145958986731
LAS,BWI,LAS → BWI,795,14.471698113207546,12.413836477987422,0.21761006289308177,0.03522012578616352,2106.0,232.41006289308177
LAS,BZN,LAS → BZN,214,10.327102803738319,9.490654205607477,0.205607476635514,0.02336448598130841,701.0,94.16355140186916
LAS,CID,LAS → CID,65,5.461538461538462,7.3538461538461535,0.15384615384615385,0.03076923076923077,1319.0,149.92307692307693
LAS,CLE,LAS → CLE,405,12.74320987654321,12.14567901234568,0.22962962962962963,0.03209876543209877,1824.0,202.7358024691358
LAS,CLT,LAS → CLT,1028,16.879377431906615,16.007782101167315,0.1877431906614786,0.020428015564202335,1916.0,217.568093385214
LAS,CMH,LAS → CMH,433,15.905311778290994,14.334872979214781,0.24480369515011546,0.03464203233256351,1771.0,197.17782909930716
LAS,COS,LAS → COS,369,13.636856368563686,11.268292682926829,0.21951219512195122,0.02168021680216802,604.0,80.36856368563686
LAS,CVG,LAS → CVG,408,18.230392156862745,17.21078431372549,0.2426470588235294,0.0196078431372549,1678.0,190.29166666666666
LAS,DAL,LAS → DAL,1001,14.206793206793208,12.76923076923077,0.23576423576423577,0.03296703296703297,1067.0,129.07992007992007
LAS,DCA,LAS → DCA,171,21.608187134502923,22.169590643274855,0.2631578947368421,0.029239766081871343,2089.0,233.4093567251462
LAS,DEN,LAS → DEN,3325,15.921804511278195,15.941954887218046,0.2219548872180451,0.03007518796992481,628.0,81.29142857142857
LAS,DFW,LAS → DFW,2348,14.99787052810903,14.896081771720613,0.1848381601362862,0.022146507666098807,1055.0,127.22955706984668
LAS,DRO,LAS → DRO,6,63.333333333333336,71.83333333333333,0.3333333333333333,0.0,418.0,59.333333333333336
LAS,DSM,LAS → DSM,242,11.685950413223141,11.409090909090908,0.2024793388429752,0.0371900826446281,1216.0,138.04545454545453
LAS,DTW,LAS → DTW,1553,11.368963296844816,10.618158403090792,0.14552479072762395,0.012234385061171926,1749.0,199.2163554410818
LAS,ELP,LAS → ELP,411,20.637469586374696,19.64720194647202,0.25060827250608275,0.0267639902676399,583.0,74.69343065693431
LAS,EUG,LAS → EUG,135,22.6,23.081481481481482,0.2518518518518518,0.007407407407407408,700.0,102.37777777777778
LAS,EWR,LAS → EWR,1102,16.38021778584392,18.202359346642467,0.22595281306715065,0.03901996370235935,2227.0,244.54718693284937
LAS,FAR,LAS → FAR,71,8.901408450704226,11.47887323943662,0.2112676056338028,0.04225352112676056,1205.0,140.80281690140845
LAS,FAT,LAS → FAT,512,15.7734375,14.623046875,0.25,0.03515625,259.0,45.470703125
LAS,FCA,LAS → FCA,52,6.326923076923077,8.634615384615385,0.17307692307692307,0.07692307692307693,845.0,110.13461538461539
LAS,FLL,LAS → FLL,445,23.55505617977528,21.89438202247191,0.3146067415730337,0.02247191011235955,2173.0,242.73707865168538
LAS,FNT,LAS → FNT,19,24.31578947368421,24.68421052631579,0.3684210526315789,0.0,1733.0,199.6315789473684
LAS,FSD,LAS → FSD,96,8.072916666666666,10.572916666666666,0.1875,0.041666666666666664,1104.0,127.51041666666667
LAS,FWA,LAS → FWA,31,4.225806451612903,5.645161290322581,0.16129032258064516,0.06451612903225806,1649.0,180.5483870967742
LAS,GEG,LAS → GEG,393,18.908396946564885,16.791348600508904,0.2824427480916031,0.020356234096692113,806.0,113.6793893129771
LAS,GFK,LAS → GFK,54,2.388888888888889,4.907407407407407,0.16666666666666666,0.037037037037037035,1230.0,144.94444444444446
LAS,GJT,LAS → GJT,42,17.428571428571427,21.095238095238095,0.2619047619047619,0.023809523809523808,420.0,57.42857142857143
LAS,GRI,LAS → GRI,57,5.333333333333333,8.210526315789474,0.24561403508771928,0.03508771929824561,971.0,115.24561403508773
LAS,GRR,LAS → GRR,93,16.43010752688172,17.70967741935484,0.2903225806451613,0.043010752688172046,1642.0,180.7311827956989
LAS,GSP,LAS → GSP,4,5.75,0.0,0.0,0.0,1850.0,214.5
LAS,GTF,LAS → GTF,50,5.9,7.72,0.12,0.1,811.0,98.7
LAS,HNL,LAS → HNL,528,16.109848484848484,16.25378787878788,0.26136363636363635,0.0,2762.0,351.969696969697
LAS,HOU,LAS → HOU,849,13.212014134275618,10.878680800942284,0.19199057714958775,0.03180212014134275,1235.0,145.0977620730271
LAS,HRL,LAS → HRL,3,63.333333333333336,49.333333333333336,0.3333333333333333,0.0,1236.0,147.0
LAS,IAD,LAS → IAD,341,11.607038123167156,11.120234604105573,0.15542521994134897,0.005865102639296188,2065.0,231.26099706744867
LAS,IAH,LAS → IAH,1576,12.648477157360405,13.227791878172589,0.1833756345177665,0.02030456852791878,1222.0,146.84390862944161
LAS,ICT,LAS → ICT,139,10.417266187050359,10.618705035971223,0.17266187050359713,0.03597122302158273,986.0,114.64748201438849
LAS,IDA,LAS → IDA,44,4.204545454545454,6.5,0.09090909090909091,0.022727272727272728,538.0,75.29545454545455
LAS,IND,LAS → IND,639,15.456964006259781,14.384976525821596,0.2519561815336463,0.03599374021909233,1590.0,178.2566510172144
LAS,JAC,LAS → JAC,1,0.0,0.0,0.0,1.0,570.0,0.0
LAS,JAX,LAS → JAX,20,35.6,35.55,0.3,0.0,1965.0,224.85
LAS,JFK,LAS → JFK,1055,19.013270142180094,18.627488151658767,0.20568720379146918,0.022748815165876776,2248.0,254.82085308056872
LAS,KOA,LAS → KOA,51,12.254901960784315,12.470588235294118,0.2549019607843137,0.0,2717.0,343.84313725490193
LAS,LAX,LAS → LAX,4549,13.452626950978237,13.506704770279182,0.19652670916684986,0.021103539239393274,236.0,42.15453945922181
LAS,LBB,LAS → LBB,148,11.27027027027027,10.587837837837839,0.21621621621621623,0.013513513513513514,775.0,93.37837837837837
LAS,LEX,LAS → LEX,2,1.5,0.0,0.0,0.0,1686.0,195.5
LAS,LGB,LAS → LGB,778,11.888174807197943,10.668380462724937,0.18637532133676094,0.02442159383033419,231.0,42.50771208226221
LAS,LIH,LAS → LIH,73,12.0,13.945205479452055,0.3424657534246575,0.0,2818.0,359.6986301369863
LAS,LIT,LAS → LIT,99,15.878787878787879,14.393939393939394,0.26262626262626265,0.050505050505050504,1294.0,142.72727272727272
LAS,LRD,LAS → LRD,44,6.113636363636363,7.636363636363637,0.13636363636363635,0.045454545454545456,1092.0,128.47727272727272
LAS,MAF,LAS → MAF,187,13.88770053475936,11.48663101604278,0.22994652406417113,0.016042780748663103,795.0,97.43850267379679
LAS,MCI,LAS → MCI,793,14.331651954602775,13.384615384615385,0.22824716267339218,0.021437578814627996,1139.0,134.44010088272384
LAS,MCO,LAS → MCO,596,19.699664429530202,17.60234899328859,0.2348993288590604,0.03355704697986577,2039.0,227.03859060402684
LAS,MDW,LAS → MDW,1252,15.53594249201278,13.161341853035143,0.24840255591054314,0.03354632587859425,1521.0,174.94568690095846
LAS,MEM,LAS → MEM,187,14.764705882352942,16.13368983957219,0.2620320855614973,0.026737967914438502,1416.0,164.83957219251337
LAS,MFE,LAS → MFE,175,8.485714285714286,10.12,0.17714285714285713,0.06857142857142857,1210.0,138.16
LAS,MFR,LAS → MFR,83,11.819277108433734,13.698795180722891,0.24096385542168675,0.03614457831325301,600.0,86.73493975903614
LAS,MIA,LAS → MIA,600,19.911666666666665,19.601666666666667,0.23,0.02666666666666667,2174.0,241.18
LAS,MKE,LAS → MKE,512,21.4375,19.087890625,0.283203125,0.03515625,1524.0,172.587890625
LAS,MLI,LAS → MLI,48,3.1041666666666665,5.145833333333333,0.08333333333333333,0.0,1376.0,160.29166666666666
LAS,MOT,LAS → MOT,57,7.614035087719298,9.070175438596491,0.19298245614035087,0.03508771929824561,1098.0,131.26315789473685
LAS,MRY,LAS → MRY,57,15.192982456140351,15.666666666666666,0.24561403508771928,0.017543859649122806,375.0,59.49122807017544
LAS,MSN,LAS → MSN,20,5.05,8.3,0.25,0.1,1454.0,155.1
LAS,MSO,LAS → MSO,38,38.473684210526315,40.26315789473684,0.34210526315789475,0.0,750.0,108.47368421052632
LAS,MSP,LAS → MSP,1200,9.104166666666666,9.158333333333333,0.12916666666666668,0.014166666666666666,1299.0,155.17666666666668
LAS,MSY,LAS → MSY,412,18.116504854368934,16.398058252427184,0.27184466019417475,0.021844660194174758,1500.0,170.26699029126215
LAS,OAK,LAS → OAK,2088,14.542145593869732,13.298850574712644,0.2332375478927203,0.02442528735632184,407.0,64.41858237547893
LAS,OGG,LAS → OGG,225,16.817777777777778,17.72,0.2222222222222222,0.0044444444444444444,2695.0,341.9288888888889
LAS,OKC,LAS → OKC,348,14.864942528735632,14.043103448275861,0.21551724137931033,0.03735632183908046,986.0,114.25574712643679
LAS,OMA,LAS → OMA,455,14.087912087912088,12.806593406593407,0.2175824175824176,0.02197802197802198,1099.0,129.17142857142858
LAS,ONT,LAS → ONT,781,15.624839948783611,13.298335467349553,0.22407170294494239,0.02176696542893726,197.0,34.942381562099875
LAS,ORD,LAS → ORD,2161,14.344285053216103,14.063859324386858,0.1841739935215178,0.02174919018972698,1514.0,176.91577973160574
LAS,ORF,LAS → ORF,18,8.944444444444445,8.222222222222221,0.2222222222222222,0.0,2154.0,244.61111111111111
LAS,PAE,LAS → PAE,115,7.4,8.773913043478261,0.12173913043478261,0.02608695652173913,894.0,133.10434782608695
LAS,PDX,LAS → PDX,1512,12.806216931216932,12.404761904761905,0.20238095238095238,0.01917989417989418,763.0,111.76388888888889
LAS,PHL,LAS → PHL,683,13.159590043923865,12.896046852122987,0.19326500732064422,0.03367496339677892,2176.0,240.5212298682284
LAS,PHX,LAS → PHX,2543,14.309870232009438,13.391663389697207,0.21195438458513566,0.027526543452615022,255.0,44.16083366103028
LAS,PIA,LAS → PIA,58,26.689655172413794,28.844827586206897,0.22413793103448276,0.08620689655172414,1413.0,149.0
LAS,PIT,LAS → PIT,362,16.116022099447513,14.475138121546962,0.2292817679558011,0.019337016574585635,1910.0,213.13812154696132
LAS,PSC,LAS → PSC,62,9.612903225806452,12.5,0.27419354838709675,0.04838709677419355,732.0,107.54838709677419
LAS,PSP,LAS → PSP,126,19.253968253968253,18.484126984126984,0.38095238095238093,0.023809523809523808,173.0,34.08730158730159
LAS,PVU,LAS → PVU,20,84.15,87.9,0.5,0.05,341.0,50.0
LAS,RAP,LAS → RAP,52,9.192307692307692,11.076923076923077,0.17307692307692307,0.019230769230769232,843.0,103.76923076923077
LAS,RDM,LAS → RDM,24,28.333333333333332,31.083333333333332,0.375,0.08333333333333333,647.0,90.79166666666667
LAS,RDU,LAS → RDU,318,16.40880503144654,14.764150943396226,0.27358490566037735,0.015723270440251572,2026.0,227.8427672955975
LAS,RFD,LAS → RFD,60,7.966666666666667,11.233333333333333,0.21666666666666667,0.016666666666666666,1455.0,168.81666666666666
LAS,RIC,LAS → RIC,24,63.541666666666664,67.45833333333333,0.5,0.041666666666666664,2086.0,232.125
LAS,RNO,LAS → RNO,1563,14.142034548944338,12.443378119001919,0.2053742802303263,0.03582853486884197,345.0,55.32949456174024
LAS,RSW,LAS → RSW,4,12.75,8.75,0.25,0.0,2070.0,231.25
LAS,SAN,LAS → SAN,2266,13.418799646954987,13.33495145631068,0.23345101500441306,0.03265666372462489,258.0,43.88923212709621
LAS,SAT,LAS → SAT,755,13.33907284768212,12.203973509933775,0.21324503311258278,0.031788079470198675,1069.0,125.86887417218543
LAS,SBA,LAS → SBA,245,19.681632653061225,15.648979591836735,0.2857142857142857,0.024489795918367346,289.0,49.244897959183675
LAS,SBN,LAS → SBN,49,11.571428571428571,12.408163265306122,0.16326530612244897,0.061224489795918366,1594.0,173.89795918367346
LAS,SCK,LAS → SCK,239,8.891213389121338,10.188284518828452,0.17573221757322174,0.05439330543933055,359.0,52.9163179916318
LAS,SDF,LAS → SDF,204,17.019607843137255,15.794117647058824,0.23039215686274508,0.05392156862745098,1624.0,178.80882352941177
LAS,SEA,LAS → SEA,2836,12.144217207334274,12.239069111424541,0.18229901269393511,0.020451339915373765,867.0,127.55641748942172
LAS,SFB,LAS → SFB,4,5.0,10.5,0.25,0.0,2034.0,243.0
LAS,SFO,LAS → SFO,2629,16.232027386839103,16.729935336629897,0.22403955876759224,0.02396348421453024,414.0,66.55039939140357
LAS,SGF,LAS → SGF,65,13.061538461538461,14.8,0.18461538461538463,0.03076923076923077,1209.0,139.73846153846154
LAS,SHV,LAS → SHV,67,7.358208955223881,9.194029850746269,0.16417910447761194,0.0,1243.0,146.0
LAS,SJC,LAS → SJC,1473,12.331975560081466,11.127630685675491,0.21181262729124237,0.028513238289205704,386.0,60.50984385607604
LAS,SLC,LAS → SLC,1668,12.957434052757794,12.677458033573142,0.19124700239808154,0.01738609112709832,368.0,55.01618705035971
LAS,SMF,LAS → SMF,1810,11.933149171270719,10.3,0.20497237569060772,0.02983425414364641,397.0,65.39558011049724
LAS,SMX,LAS → SMX,67,13.26865671641791,14.343283582089553,0.22388059701492538,0.07462686567164178,310.0,50.88059701492537
LAS,SNA,LAS → SNA,1663,10.482260974143115,10.155742633794347,0.20024052916416116,0.03367408298256164,226.0,39.9380637402285
LAS,STL,LAS → STL,798,16.17543859649123,14.132832080200501,0.24060150375939848,0.02756892230576441,1371.0,156.2907268170426
LAS,TPA,LAS → TPA,457,16.722100656455144,14.678336980306346,0.23194748358862144,0.015317286652078774,1984.0,224.05032822757113
LAS,TUL,LAS → TUL,233,15.493562231759658,14.46351931330472,0.22317596566523606,0.02145922746781116,1076.0,126.17596566523605
LAS,TUS,LAS → TUS,480,13.533333333333333,10.708333333333334,0.2125,0.027083333333333334,364.9375,53.25416666666667
LAS,TYS,LAS → TYS,48,50.583333333333336,47.625,0.375,0.041666666666666664,1739.0,188.875
LAS,VPS,LAS → VPS,19,21.157894736842106,23.42105263157895,0.3157894736842105,0.0,1695.0,192.1578947368421
LAS,XNA,LAS → XNA,57,15.421052631578947,17.228070175438596,0.3684210526315789,0.017543859649122806,1163.0,136.19298245614036
LAW,DFW,LAW → DFW,534,13.715355805243446,15.02808988764045,0.1760299625468165,0.04119850187265917,140.0,28.666666666666668
LAX,ABQ,LAX → ABQ,767,9.730117340286832,9.411994784876141,0.1408083441981747,0.01694915254237288,677.0,88.39243807040417
LAX,ACV,LAX → ACV,188,14.835106382978724,14.664893617021276,0.16489361702127658,0.05319148936170213,577.0,83.4627659574468
LAX,ANC,LAX → ANC,161,9.267080745341614,8.937888198757763,0.18012422360248448,0.006211180124223602,2345.0,298.0372670807453
LAX,ASE,LAX → ASE,396,17.51010101010101,18.83080808080808,0.23232323232323232,0.025252525252525252,737.0,100.68434343434343
LAX,ATL,LAX → ATL,2496,11.827323717948717,9.97235576923077,0.1658653846153846,0.013621794871794872,1947.0,221.24078525641025
LAX,AUS,LAX → AUS,1766,12.150622876557192,11.7519818799547,0.18403171007927518,0.014722536806342015,1242.0,147.42582106455265
LAX,BDL,LAX → BDL,96,21.489583333333332,18.09375,0.3020833333333333,0.052083333333333336,2527.0,271.90625
LAX,BIH,LAX → BIH,5,17.2,15.4,0.4,0.0,237.0,53.2
LAX,BIL,LAX → BIL,6,0.0,0.0,0.0,0.0,970.0,120.83333333333333
LAX,BLI,LAX → BLI,70,12.385714285714286,13.428571428571429,0.14285714285714285,0.04285714285714286,1047.0,133.84285714285716
LAX,BNA,LAX → BNA,953,12.537250786988457,10.97061909758657,0.16054564533053514,0.012591815320041973,1797.0,205.67576075550892
LAX,BOI,LAX → BOI,727,12.133425034387896,11.924346629986244,0.12929848693259974,0.009628610729023384,674.0,97.30674002751032
LAX,BOS,LAX → BOS,1872,11.73611111111111,11.041666666666666,0.1639957264957265,0.014423076923076924,2611.0,291.69925213675214
LAX,BTR,LAX → BTR,1,0.0,0.0,0.0,0.0,1609.0,203.0
LAX,BUF,LAX → BUF,68,26.044117647058822,24.397058823529413,0.29411764705882354,0.029411764705882353,2218.0,246.47058823529412
LAX,BWI,LAX → BWI,655,12.025954198473283,9.242748091603053,0.15877862595419848,0.035114503816793895,2329.0,256.7511450381679
LAX,BZN,LAX → BZN,229,10.218340611353712,9.703056768558952,0.1615720524017467,0.0,902.0,128.99126637554585
LAX,CHS,LAX → CHS,46,25.91304347826087,23.391304347826086,0.34782608695652173,0.043478260869565216,2206.0,241.19565217391303
LAX,CID,LAX → CID,13,11.615384615384615,11.23076923076923,0.3076923076923077,0.0,1550.0,184.15384615384616
LAX,CLE,LAX → CLE,313,10.833865814696486,9.335463258785943,0.13738019169329074,0.006389776357827476,2052.0,234.38338658146964
LAX,CLT,LAX → CLT,1104,10.53713768115942,9.88768115942029,0.14855072463768115,0.021739130434782608,2125.0,242.28623188405797
LAX,CMH,LAX → CMH,182,13.148351648351648,12.445054945054945,0.15934065934065933,0.02197802197802198,1995.0,226.28571428571428
LAX,COS,LAX → COS,191,14.094240837696335,13.219895287958115,0.14136125654450263,0.010471204188481676,833.0,112.68586387434554
LAX,CVG,LAX → CVG,224,11.28125,10.205357142857142,0.15178571428571427,0.03125,1900.0,211.39285714285714
LAX,DAL,LAX → DAL,868,13.147465437788018,12.65668202764977,0.20506912442396313,0.02534562211981567,1246.0,152.11405529953916
LAX,DCA,LAX → DCA,639,7.577464788732394,7.652582159624413,0.13458528951486698,0.010954616588419406,2311.0,263.1909233176839
LAX,DEN,LAX → DEN,3215,9.170139968895802,8.660031104199067,0.14836702954898912,0.0208398133748056,862.0,109.21835147744946
LAX,DFW,LAX → DFW,2909,13.209350292196632,12.599862495702991,0.1598487452732898,0.018219319353729804,1235.0,148.47885871433482
LAX,DRO,LAX → DRO,7,14.714285714285714,14.857142857142858,0.14285714285714285,0.0,639.1428571428571,87.71428571428571
LAX,DSM,LAX → DSM,20,9.9,9.55,0.2,0.0,1447.0,173.6
LAX,DTW,LAX → DTW,1212,12.91006600660066,11.086633663366337,0.15346534653465346,0.01485148514851485,1979.0,225.25577557755776
LAX,EGE,LAX → EGE,53,16.735849056603772,18.641509433962263,0.2641509433962264,0.018867924528301886,748.0,107.47169811320755
LAX,ELP,LAX → ELP,373,8.587131367292224,7.528150134048257,0.13672922252010725,0.032171581769437,715.0,89.58176943699732
LAX,EUG,LAX → EUG,381,6.3569553805774275,6.21259842519685,0.10498687664041995,0.013123359580052493,748.0,106.30971128608924
LAX,EWR,LAX → EWR,2074,14.762295081967213,15.726133076181291,0.22854387656702024,0.02459016393442623,2454.0,271.79026036644166
LAX,FAR,LAX → FAR,4,0.0,2.5,0.0,0.25,1440.0,126.75
LAX,FAT,LAX → FAT,622,12.57556270096463,12.610932475884244,0.12218649517684887,0.00964630225080386,209.0,38.41157556270097
LAX,FCA,LAX → FCA,73,7.5479452054794525,7.808219178082192,0.1506849315068493,0.0,1014.0,137.24657534246575
LAX,FLG,LAX → FLG,2,0.0,0.0,0.0,0.0,393.0,59.5
LAX,FLL,LAX → FLL,963,13.764278296988577,13.161993769470405,0.17237798546209762,0.014537902388369679,2343.0,264.2731048805815
LAX,FSD,LAX → FSD,6,19.833333333333332,18.666666666666668,0.5,0.0,1340.0,163.66666666666666
LAX,GEG,LAX → GEG,302,8.009933774834437,7.496688741721854,0.13245033112582782,0.009933774834437087,945.0,129.36092715231788
LAX,GJT,LAX → GJT,17,12.176470588235293,11.411764705882353,0.23529411764705882,0.058823529411764705,655.0,81.0
LAX,GRR,LAX → GRR,13,18.153846153846153,21.923076923076923,0.23076923076923078,0.0,1874.0,224.07692307692307
LAX,HDN,LAX → HDN,40,6.225,6.6,0.125,0.0,763.0,106.8
LAX,HNL,LAX → HNL,2387,12.7683284457478,12.080854629241726,0.17720988688730624,0.010054461667364893,2556.0,318.2387934645999
LAX,HOU,LAX → HOU,578,12.621107266435986,10.102076124567475,0.1643598615916955,0.02249134948096886,1390.0,161.82871972318338
LAX,IAD,LAX → IAD,1033,7.310745401742498,6.308809293320426,0.11907066795740562,0.013552758954501452,2288.0,255.34753146176186
LAX,IAH,LAX → IAH,2083,10.410465674507922,10.084973595775324,0.1329812770043207,0.020643302928468554,1379.0,162.2203552568411
LAX,ICT,LAX → ICT,9,9.0,7.888888888888889,0.2222222222222222,0.0,1203.0,148.77777777777777
LAX,IDA,LAX → IDA,5,0.0,0.0,0.0,0.0,743.0,104.8
LAX,IND,LAX → IND,281,11.882562277580071,11.729537366548042,0.18149466192170818,0.021352313167259787,1814.0,206.12455516014234
LAX,ITO,LAX → ITO,78,5.0,2.782051282051282,0.05128205128205128,0.02564102564102564,2449.0,298.34615384615387
LAX,JAC,LAX → JAC,205,8.4,9.165853658536586,0.14634146341463414,0.024390243902439025,784.0,111.17560975609756
LAX,JAX,LAX → JAX,39,30.0,26.846153846153847,0.38461538461538464,0.05128205128205128,2153.0,234.51282051282053
LAX,JFK,LAX → JFK,4396,16.043903548680618,14.84235668789809,0.18016378525932666,0.016151046405823474,2475.0,284.3114194722475
LAX,KOA,LAX → KOA,784,10.38265306122449,10.065051020408163,0.14795918367346939,0.006377551020408163,2504.0,313.63775510204084
LAX,LAS,LAX → LAS,4624,12.51643598615917,12.797361591695502,0.20393598615916955,0.018166089965397925,236.0,43.42949826989619
LAX,LGA,LAX → LGA,3,52.666666666666664,46.0,0.3333333333333333,0.0,2469.0,282.6666666666667
LAX,LIH,LAX → LIH,738,8.401084010840108,8.220867208672086,0.14498644986449866,0.01084010840108401,2615.0,327.0853658536585
LAX,LIT,LAX → LIT,11,13.545454545454545,13.0,0.18181818181818182,0.0,1494.0,180.0
LAX,MCI,LAX → MCI,628,12.520700636942674,10.613057324840764,0.15286624203821655,0.014331210191082803,1363.0,161.1799363057325
LAX,MCO,LAX → MCO,1232,11.631493506493506,10.452922077922079,0.15584415584415584,0.017045454545454544,2218.0,251.0349025974026
LAX,MDW,LAX → MDW,668,12.27245508982036,9.877245508982035,0.1661676646706587,0.04491017964071856,1750.0,199.2425149700599
LAX,MEM,LAX → MEM,194,15.649484536082474,14.649484536082474,0.1958762886597938,0.015463917525773196,1619.0,189.48969072164948
LAX,MFE,LAX → MFE,17,6.0,12.470588235294118,0.35294117647058826,0.0,1318.0,172.05882352941177
LAX,MFR,LAX → MFR,319,8.410658307210031,7.761755485893417,0.13166144200626959,0.01567398119122257,630.0,92.62382445141066
LAX,MIA,LAX → MIA,1252,19.297923322683705,18.963258785942493,0.1964856230031949,0.012779552715654952,2342.0,260.18370607028754
LAX,MKE,LAX → MKE,72,14.51388888888889,13.458333333333334,0.18055555555555555,0.027777777777777776,1756.0,201.5
LAX,MMH,LAX → MMH,41,20.073170731707318,16.75609756097561,0.2682926829268293,0.1951219512195122,256.0,38.78048780487805
LAX,MRY,LAX → MRY,342,11.394736842105264,12.002923976608187,0.13157894736842105,0.02046783625730994,266.0,46.400584795321635
LAX,MSN,LAX → MSN,27,4.925925925925926,4.703703703703703,0.18518518518518517,0.1111111111111111,1687.0,182.92592592592592
LAX,MSO,LAX → MSO,72,6.486111111111111,9.041666666666666,0.2222222222222222,0.0,923.0,126.06944444444444
LAX,MSP,LAX → MSP,1050,11.185714285714285,10.298095238095238,0.14285714285714285,0.01619047619047619,1535.0,180.86380952380952
LAX,MSY,LAX → MSY,756,12.458994708994709,11.146825396825397,0.15608465608465608,0.0291005291005291,1670.0,185.58201058201058
LAX,MTJ,LAX → MTJ,25,0.96,1.52,0.0,0.08,666.0,84.28
LAX,OAK,LAX → OAK,1823,10.041689522764674,8.467910038398244,0.15139879319802524,0.021393307734503566,337.0,53.32583653318706
LAX,OGG,LAX → OGG,1400,8.028571428571428,8.322857142857142,0.14,0.010714285714285714,2486.0,311.7914285714286
LAX,OKC,LAX → OKC,204,5.651960784313726,6.009803921568627,0.08823529411764706,0.00980392156862745,1187.0,146.0735294117647
LAX,OMA,LAX → OMA,151,9.19205298013245,9.76158940397351,0.1390728476821192,0.006622516556291391,1330.0,164.16556291390728
LAX,ORD,LAX → ORD,3050,13.42327868852459,12.605245901639345,0.15540983606557376,0.01737704918032787,1744.0,204.00590163934427
LAX,PAE,LAX → PAE,12,15.166666666666666,12.25,0.16666666666666666,0.08333333333333333,984.0,133.5
LAX,PBI,LAX → PBI,37,12.27027027027027,10.216216216216216,0.24324324324324326,0.0,2330.0,268.72972972972974
LAX,PDX,LAX → PDX,2050,9.231707317073171,8.980975609756097,0.15414634146341463,0.013658536585365854,834.0,116.99609756097561
LAX,PHL,LAX → PHL,1072,15.853544776119403,14.987873134328359,0.15485074626865672,0.022388059701492536,2402.0,268.9440298507463
LAX,PHX,LAX → PHX,3060,11.304901960784314,10.405228758169935,0.15196078431372548,0.01764705882352941,370.0,57.38333333333333
LAX,PIT,LAX → PIT,138,12.601449275362318,11.514492753623188,0.13768115942028986,0.028985507246376812,2136.0,236.70289855072463
LAX,PRC,LAX → PRC,154,9.402597402597403,9.058441558441558,0.09740259740259741,0.012987012987012988,346.0,56.22077922077922
LAX,PSC,LAX → PSC,45,31.8,30.177777777777777,0.1111111111111111,0.0,851.0,119.62222222222222
LAX,PSP,LAX → PSP,140,9.842857142857143,9.957142857142857,0.07142857142857142,0.007142857142857143,110.0,29.928571428571427
LAX,PVU,LAX → PVU,39,32.38461538461539,31.128205128205128,0.15384615384615385,0.02564102564102564,569.0,74.7948717948718
LAX,RAP,LAX → RAP,2,4.5,7.5,0.5,0.0,1078.0,142.0
LAX,RDD,LAX → RDD,126,13.246031746031745,13.428571428571429,0.1111111111111111,0.03968253968253968,501.0,73.44444444444444
LAX,RDM,LAX → RDM,305,8.38360655737705,8.97704918032787,0.14426229508196722,0.009836065573770493,726.0,103.66885245901639
LAX,RDU,LAX → RDU,305,14.121311475409836,12.331147540983606,0.16393442622950818,0.022950819672131147,2239.0,251.77377049180328
LAX,RIC,LAX → RIC,11,8.090909090909092,5.909090909090909,0.09090909090909091,0.09090909090909091,2305.0,236.8181818181818
LAX,RNO,LAX → RNO,1217,10.671322925225965,9.609695973705835,0.16023007395234182,0.009860312243221035,391.0,61.55628594905505
LAX,RSW,LAX → RSW,33,21.636363636363637,19.666666666666668,0.21212121212121213,0.09090909090909091,2238.0,227.03030303030303
LAX,SAN,LAX → SAN,719,10.382475660639777,10.759388038942976,0.11265646731571627,0.015299026425591099,109.0,28.712100139082057
LAX,SAT,LAX → SAT,709,16.7475317348378,15.932299012693935,0.18899858956276447,0.019746121297602257,1211.0,143.45980253878702
LAX,SBA,LAX → SBA,256,9.94140625,9.76953125,0.1015625,0.0390625,89.0,21.89453125
LAX,SBP,LAX → SBP,273,19.644688644688646,19.44322344322344,0.16117216117216118,0.029304029304029304,156.0,31.333333333333332
LAX,SCK,LAX → SCK,43,10.906976744186046,7.3023255813953485,0.16279069767441862,0.06976744186046512,315.0,49.30232558139535
LAX,SDF,LAX → SDF,96,10.260416666666666,9.697916666666666,0.16666666666666666,0.020833333333333332,1843.0,213.40625
LAX,SEA,LAX → SEA,3362,8.747769185008924,8.459250446162999,0.13801308744794766,0.012195121951219513,954.0,134.4476502082094
LAX,SFO,LAX → SFO,5206,12.798501728774491,12.874951978486362,0.1892047637341529,0.025739531310026893,337.0,53.82155205532079
LAX,SGF,LAX → SGF,56,10.964285714285714,11.589285714285714,0.19642857142857142,0.07142857142857142,1423.0,156.19642857142858
LAX,SGU,LAX → SGU,35,21.0,21.82857142857143,0.2571428571428571,0.0,349.0,64.57142857142857
LAX,SHV,LAX → SHV,11,5.090909090909091,6.636363636363637,0.2727272727272727,0.0,1425.0,173.1818181818182
LAX,SJC,LAX → SJC,2422,8.581337737407102,7.212221304706854,0.13212221304706853,0.023534269199009084,308.0,49.01568951279934
LAX,SLC,LAX → SLC,2238,9.411081322609473,8.762734584450403,0.14655942806076855,0.0071492403932082215,590.0,83.61572832886506
LAX,SMF,LAX → SMF,2066,10.750242013552759,9.211519845111326,0.1335914811229429,0.01887705711519845,373.0,60.86156824782188
LAX,STL,LAX → STL,495,13.18989898989899,11.725252525252525,0.1696969696969697,0.022222222222222223,1592.0,182.66868686868688
LAX,STS,LAX → STS,312,9.71474358974359,10.012820512820513,0.16025641025641027,0.009615384615384616,400.0,65.7724358974359
LAX,SUN,LAX → SUN,107,10.205607476635514,10.14018691588785,0.17757009345794392,0.028037383177570093,696.0,103.27102803738318
LAX,TPA,LAX → TPA,382,16.479057591623036,14.19109947643979,0.19109947643979058,0.020942408376963352,2158.0,240.7801047120419
LAX,TUL,LAX → TUL,138,9.333333333333334,8.985507246376812,0.15217391304347827,0.028985507246376812,1283.0,152.43478260869566
LAX,TUS,LAX → TUS,992,9.88608870967742,9.165322580645162,0.14012096774193547,0.008064516129032258,451.0,64.79536290322581
LAX,XNA,LAX → XNA,80,6.3875,6.85,0.15,0.0,1371.0,168.8875
LBB,AUS,LBB → AUS,103,4.349514563106796,3.6407766990291264,0.06796116504854369,0.009708737864077669,341.0,49.407766990291265
LBB,DAL,LBB → DAL,720,9.222222222222221,9.17361111111111,0.15,0.044444444444444446,293.0,47.980555555555554
LBB,DEN,LBB → DEN,262,9.385496183206106,9.740458015267176,0.12595419847328243,0.03816793893129771,456.0,68.37404580152672
LBB,DFW,LBB → DFW,1017,14.702064896755163,15.030481809242872,0.19370698131760078,0.03638151425762045,282.0,46.991150442477874
LBB,HOU,LBB → HOU,22,11.863636363636363,10.227272727272727,0.22727272727272727,0.22727272727272727,474.1818181818182,53.36363636363637
LBB,IAH,LBB → IAH,301,13.803986710963455,14.73421926910299,0.16943521594684385,0.019933554817275746,458.0,72.22923588039868
LBB,LAS,LBB → LAS,173,8.884393063583815,9.104046242774567,0.1791907514450867,0.023121387283236993,775.0,108.67630057803468
LBB,PHX,LBB → PHX,136,6.610294117647059,7.647058823529412,0.08823529411764706,0.014705882352941176,588.0,94.83823529411765
LBE,FLL,LBE → FLL,90,16.744444444444444,15.855555555555556,0.2,0.022222222222222223,980.0,130.15555555555557
LBE,MCO,LBE → MCO,177,7.72316384180791,10.649717514124294,0.15819209039548024,0.03389830508474576,823.0,108.80790960451978
LBE,MYR,LBE → MYR,122,6.270491803278689,6.737704918032787,0.10655737704918032,0.01639344262295082,455.0,66.1639344262295
LBE,RSW,LBE → RSW,21,1.7619047619047619,5.333333333333333,0.14285714285714285,0.047619047619047616,956.0,127.0952380952381
LBE,TPA,LBE → TPA,20,3.35,5.25,0.1,0.05,866.0,116.4
LBF,BFF,LBF → BFF,17,60.35294117647059,60.35294117647059,0.17647058823529413,0.0,160.0,32.23529411764706
LBF,DEN,LBF → DEN,260,11.915384615384616,14.396153846153846,0.15,0.03076923076923077,228.0,41.39230769230769
LBF,EAR,LBF → EAR,8,7.5,9.75,0.25,0.0,92.0,23.875
LBF,SUX,LBF → SUX,8,25.125,27.125,0.25,0.125,239.0,38.75
LBL,DDC,LBL → DDC,40,36.05,35.125,0.125,0.025,74.0,20.1
LBL,DEN,LBL → DEN,204,8.67156862745098,10.137254901960784,0.16666666666666666,0.0392156862745098,280.0,46.59313725490196
LBL,PUB,LBL → PUB,47,6.127659574468085,8.914893617021276,0.1276595744680851,0.0,212.0,39.191489361702125
LCH,DFW,LCH → DFW,442,18.993212669683256,20.518099547511312,0.17420814479638008,0.038461538461538464,295.0,52.66289592760181
LCH,IAH,LCH → IAH,149,8.966442953020135,10.302013422818792,0.12080536912751678,0.087248322147651,127.0,29.187919463087248
LCK,CHS,LCK → CHS,24,5.625,7.291666666666667,0.125,0.041666666666666664,503.0,70.70833333333333
LCK,FLL,LCK → FLL,45,35.28888888888889,38.15555555555556,0.35555555555555557,0.08888888888888889,961.0,118.35555555555555
LCK,JAX,LCK → JAX,8,15.0,14.5,0.25,0.125,646.0,77.0
LCK,MYR,LCK → MYR,57,22.228070175438596,23.105263157894736,0.3333333333333333,0.07017543859649122,478.0,60.6140350877193
LCK,ORF,LCK → ORF,4,5.75,6.5,0.25,0.5,417.0,29.25
LCK,PGD,LCK → PGD,79,15.316455696202532,17.303797468354432,0.22784810126582278,0.0379746835443038,890.0,111.9493670886076
LCK,PIE,LCK → PIE,71,17.633802816901408,19.098591549295776,0.28169014084507044,0.028169014084507043,821.0,108.11267605633803
LCK,SAV,LCK → SAV,57,48.07017543859649,49.45614035087719,0.3157894736842105,0.0,539.0,74.36842105263158
LCK,SFB,LCK → SFB,69,23.159420289855074,22.63768115942029,0.2898550724637681,0.014492753623188406,767.0,100.55072463768116
LCK,SRQ,LCK → SRQ,33,10.242424242424242,16.303030303030305,0.45454545454545453,0.030303030303030304,856.0,114.24242424242425
LCK,VPS,LCK → VPS,31,18.419354838709676,17.677419354838708,0.2903225806451613,0.03225806451612903,675.0,89.6774193548387
LEX,ATL,LEX → ATL,1077,8.01949860724234,8.866295264623956,0.11049210770659239,0.012070566388115135,304.0,60.73166202414113
LEX,CLT,LEX → CLT,411,9.751824817518248,10.59367396593674,0.1362530413625304,0.0170316301703163,281.0,52.386861313868614
LEX,DCA,LEX → DCA,103,5.135922330097087,6.854368932038835,0.10679611650485436,0.019417475728155338,414.0,61.271844660194176
LEX,DFW,LEX → DFW,461,10.96529284164859,12.088937093275488,0.16052060737527116,0.04121475054229935,785.0,114.3232104121475
LEX,DTW,LEX → DTW,456,11.978070175438596,13.460526315789474,0.14035087719298245,0.017543859649122806,296.0,52.61842105263158
LEX,FLL,LEX → FLL,66,21.53030303030303,23.0,0.3181818181818182,0.07575757575757576,865.0,107.51515151515152
LEX,HOU,LEX → HOU,11,23.818181818181817,26.90909090909091,0.5454545454545454,0.0,842.0,126.54545454545455
LEX,IAD,LEX → IAD,15,21.466666666666665,17.866666666666667,0.13333333333333333,0.13333333333333333,392.0,52.46666666666667
LEX,IAH,LEX → IAH,25,10.56,14.12,0.16,0.04,828.0,131.88
LEX,LGA,LEX → LGA,41,1.3658536585365855,4.0,0.0975609756097561,0.04878048780487805,604.0,83.0
LEX,MSP,LEX → MSP,29,0.034482758620689655,1.4482758620689655,0.06896551724137931,0.0,650.0,103.44827586206897
LEX,MYR,LEX → MYR,15,12.066666666666666,13.6,0.26666666666666666,0.06666666666666667,438.0,59.333333333333336
LEX,ORD,LEX → ORD,466,9.066523605150214,10.542918454935622,0.16523605150214593,0.05150214592274678,323.0,57.34549356223176
LEX,PGD,LEX → PGD,88,21.170454545454547,22.636363636363637,0.3409090909090909,0.045454545454545456,781.0,99.1590909090909
LEX,PHL,LEX → PHL,1,0.0,0.0,0.0,0.0,520.0,81.0
LEX,PIE,LEX → PIE,69,21.6231884057971,27.014492753623188,0.36231884057971014,0.028985507246376812,707.0,92.53623188405797
LEX,SFB,LEX → SFB,91,26.35164835164835,26.428571428571427,0.23076923076923078,0.02197802197802198,667.0,87.48351648351648
LEX,VPS,LEX → VPS,9,17.88888888888889,16.555555555555557,0.1111111111111111,0.0,532.0,72.44444444444444
LFT,ATL,LFT → ATL,526,10.201520912547528,10.631178707224334,0.10836501901140684,0.0038022813688212928,503.0,73.05133079847909
LFT,CLT,LFT → CLT,137,16.072992700729927,13.927007299270073,0.1897810218978102,0.021897810218978103,729.0,96.25547445255475
LFT,DEN,LFT → DEN,9,19.11111111111111,14.555555555555555,0.2222222222222222,0.1111111111111111,978.0,119.44444444444444
LFT,DFW,LFT → DFW,684,18.53216374269006,19.853801169590643,0.22660818713450293,0.03216374269005848,351.0,61.27046783625731
LFT,IAH,LFT → IAH,337,7.183976261127596,9.1513353115727,0.13056379821958458,0.02967359050445104,201.0,43.11572700296736
LFT,MCO,LFT → MCO,2,65.0,71.0,1.0,0.0,656.0,92.0
LGA,ACK,LGA → ACK,162,11.91358024691358,11.530864197530864,0.15432098765432098,0.06790123456790123,202.0,37.10493827160494
LGA,AGS,LGA → AGS,6,13.0,13.666666666666666,0.3333333333333333,0.0,678.0,114.83333333333333
LGA,ALB,LGA → ALB,163,11.668711656441717,10.576687116564417,0.15337423312883436,0.05521472392638037,136.0,28.883435582822084
LGA,ATL,LGA → ATL,3368,15.721496437054633,14.325712589073634,0.18883610451306412,0.032066508313539195,762.0,109.87410926365796
LGA,AVL,LGA → AVL,153,9.555555555555555,10.50326797385621,0.12418300653594772,0.0392156862745098,599.0,90.76470588235294
LGA,BDL,LGA → BDL,99,17.585858585858585,15.151515151515152,0.1919191919191919,0.020202020202020204,101.0,23.656565656565657
LGA,BGM,LGA → BGM,59,42.59322033898305,43.50847457627118,0.1864406779661017,0.03389830508474576,147.0,30.576271186440678
LGA,BGR,LGA → BGR,378,14.84920634920635,13.61111111111111,0.1931216931216931,0.05026455026455026,378.0,53.53174603174603
LGA,BHM,LGA → BHM,233,18.5793991416309,19.875536480686694,0.2145922746781116,0.04721030042918455,866.0,122.72961373390558
LGA,BNA,LGA → BNA,1944,13.330761316872428,13.161522633744855,0.19393004115226337,0.038580246913580245,764.0,111.83333333333333
LGA,BOS,LGA → BOS,3236,15.867737948084054,15.978368355995055,0.18881334981458592,0.04233621755253399,184.0,36.89400494437577
LGA,BTV,LGA → BTV,277,13.754512635379061,14.350180505415162,0.20938628158844766,0.04332129963898917,258.0,43.324909747292416
LGA,BUF,LGA → BUF,460,12.27608695652174,12.195652173913043,0.18478260869565216,0.041304347826086954,292.0,49.96086956521739
LGA,BWI,LGA → BWI,121,12.950413223140496,13.809917355371901,0.1487603305785124,0.04132231404958678,185.0,38.02479338842975
LGA,BZN,LGA → BZN,1,0.0,0.0,0.0,0.0,1894.0,266.0
LGA,CAE,LGA → CAE,170,17.86470588235294,17.570588235294117,0.23529411764705882,0.052941176470588235,617.0,88.94117647058823
LGA,CAK,LGA → CAK,37,37.945945945945944,39.945945945945944,0.40540540540540543,0.05405405405405406,397.0,65.62162162162163
LGA,CHA,LGA → CHA,33,35.09090909090909,34.21212121212121,0.24242424242424243,0.030303030303030304,734.0,105.0909090909091
LGA,CHO,LGA → CHO,478,12.822175732217573,14.064853556485355,0.20920502092050208,0.05439330543933055,305.0,52.30125523012552
LGA,CHS,LGA → CHS,606,17.46039603960396,17.638613861386137,0.2376237623762376,0.039603960396039604,641.0,93.72772277227723
LGA,CLE,LGA → CLE,1224,15.35375816993464,16.24591503267974,0.1968954248366013,0.035130718954248366,419.0,68.89950980392157
LGA,CLT,LGA → CLT,2314,10.019878997407087,10.16162489196197,0.14304235090751943,0.04148660328435609,544.0,84.75021607605878
LGA,CMH,LGA → CMH,1330,14.283458646616541,15.06015037593985,0.18270676691729323,0.039097744360902256,479.0,76.41278195488722
LGA,CVG,LGA → CVG,968,11.399793388429751,11.550619834710744,0.1590909090909091,0.03615702479338843,585.0,93.98450413223141
LGA,DAB,LGA → DAB,9,0.0,0.8888888888888888,0.0,0.0,897.0,122.88888888888889
LGA,DAL,LGA → DAL,559,16.847942754919497,14.368515205724508,0.19141323792486584,0.05366726296958855,1381.0,186.44722719141325
LGA,DAY,LGA → DAY,212,21.87735849056604,24.160377358490567,0.24056603773584906,0.05188679245283019,549.0,86.66037735849056
LGA,DCA,LGA → DCA,2617,13.188383645395492,14.438288116163546,0.1776843714176538,0.047382499044707684,214.0,45.479174627435995
LGA,DEN,LGA → DEN,1806,13.714285714285714,13.46345514950166,0.17663344407530454,0.036544850498338874,1620.0,220.4778516057586
LGA,DFW,LGA → DFW,2478,15.85633575464084,16.811138014527845,0.19451170298627926,0.04116222760290557,1389.0,190.48062953995156
LGA,DSM,LGA → DSM,136,21.830882352941178,20.58823529411765,0.27205882352941174,0.029411764705882353,1031.0,145.65441176470588
LGA,DTW,LGA → DTW,1665,12.603003003003003,12.541141141141141,0.15615615615615616,0.03123123123123123,502.0,80.32672672672673
LGA,EGE,LGA → EGE,7,17.857142857142858,22.428571428571427,0.2857142857142857,0.14285714285714285,1739.0,221.57142857142858
LGA,EYW,LGA → EYW,89,3.2808988764044944,7.752808988764045,0.15730337078651685,0.0,1207.0,175.31460674157304
LGA,FCA,LGA → FCA,2,0.0,0.0,0.0,0.0,2035.0,275.5
LGA,FLL,LGA → FLL,1844,19.3470715835141,19.62472885032538,0.25162689804772237,0.03308026030368764,1076.0,145.87039045553146
LGA,GRR,LGA → GRR,277,15.541516245487365,12.703971119133573,0.19494584837545126,0.05776173285198556,618.0,92.90613718411552
LGA,GSO,LGA → GSO,726,16.830578512396695,19.242424242424242,0.23002754820936638,0.048209366391184574,461.0,73.42837465564739
LGA,GSP,LGA → GSP,296,13.280405405405405,13.591216216216216,0.20608108108108109,0.04391891891891892,610.0,89.84121621621621
LGA,HHH,LGA → HHH,51,3.9215686274509802,3.5098039215686274,0.058823529411764705,0.0,701.0,105.03921568627452
LGA,HOU,LGA → HOU,369,18.03252032520325,16.934959349593495,0.2682926829268293,0.056910569105691054,1428.0,192.36856368563684
LGA,HYA,LGA → HYA,9,0.0,0.0,0.0,0.1111111111111111,197.0,32.111111111111114
LGA,IAD,LGA → IAD,451,15.676274944567627,16.184035476718403,0.17738359201773837,0.04878048780487805,229.0,47.75609756097561
LGA,IAH,LGA → IAH,1710,16.435672514619885,16.21520467836257,0.18187134502923977,0.02631578947368421,1416.0,198.5842105263158
LGA,ILM,LGA → ILM,505,11.736633663366337,13.508910891089108,0.2,0.04950495049504951,500.0,74.94455445544554
LGA,IND,LGA → IND,963,14.796469366562825,14.92938733125649,0.1806853582554517,0.04153686396677051,660.0,99.601246105919
LGA,JAC,LGA → JAC,7,1.5714285714285714,1.8571428571428572,0.0,0.14285714285714285,1887.0,218.85714285714286
LGA,JAX,LGA → JAX,536,16.098880597014926,17.11007462686567,0.22201492537313433,0.027985074626865673,833.0,117.84328358208955
LGA,LAX,LGA → LAX,7,30.857142857142858,39.0,0.7142857142857143,0.14285714285714285,2469.0,280.7142857142857
LGA,LEX,LGA → LEX,43,27.651162790697676,27.697674418604652,0.27906976744186046,0.023255813953488372,604.0,92.83720930232558
LGA,LIT,LGA → LIT,35,11.228571428571428,11.028571428571428,0.2,0.05714285714285714,1085.0,152.45714285714286
LGA,MCI,LGA → MCI,846,14.486997635933806,13.926713947990544,0.22104018912529552,0.037825059101654845,1107.0,156.7210401891253
LGA,MCO,LGA → MCO,1785,20.828011204481793,20.68235294117647,0.2526610644257703,0.03753501400560224,950.0,130.52436974789916
LGA,MDW,LGA → MDW,930,15.438709677419356,13.720430107526882,0.2010752688172043,0.06559139784946237,725.0,104.44193548387096
LGA,MEM,LGA → MEM,451,9.829268292682928,11.026607538802661,0.188470066518847,0.03991130820399113,963.0,139.44345898004434
LGA,MHT,LGA → MHT,36,32.75,31.083333333333332,0.3611111111111111,0.08333333333333333,195.0,33.416666666666664
LGA,MIA,LGA → MIA,2322,17.839793281653748,18.849267872523686,0.21705426356589147,0.04177433247200689,1096.0,147.98664944013782
LGA,MKE,LGA → MKE,589,15.390492359932088,15.183361629881155,0.20882852292020374,0.03735144312393888,738.0,110.8081494057725
LGA,MSN,LGA → MSN,250,13.172,13.056,0.188,0.088,812.0,112.5
LGA,MSP,LGA → MSP,1024,10.42578125,10.7724609375,0.150390625,0.021484375,1020.0,147.576171875
LGA,MSY,LGA → MSY,501,16.167664670658684,17.137724550898202,0.24550898203592814,0.021956087824351298,1183.0,165.04590818363275
LGA,MTJ,LGA → MTJ,3,0.0,0.0,0.0,0.0,1810.0,255.0
LGA,MVY,LGA → MVY,85,14.611764705882353,14.51764705882353,0.1411764705882353,0.03529411764705882,175.0,35.83529411764706
LGA,MYR,LGA → MYR,431,17.82366589327146,18.17633410672854,0.17633410672853828,0.03248259860788863,563.0,81.82134570765662
LGA,OKC,LGA → OKC,138,10.46376811594203,10.96376811594203,0.18840579710144928,0.06521739130434782,1341.0,182.83333333333334
LGA,OMA,LGA → OMA,278,17.107913669064747,17.931654676258994,0.2302158273381295,0.025179856115107913,1148.0,163.4820143884892
LGA,ORD,LGA → ORD,4729,17.04017762740537,17.454430112074434,0.1989849862550222,0.04631000211461197,733.0,111.95115246352294
LGA,ORF,LGA → ORF,847,12.863046044864227,14.893742621015349,0.19834710743801653,0.05430932703659976,296.0,51.24557260920897
LGA,ORH,LGA → ORH,56,7.928571428571429,7.946428571428571,0.14285714285714285,0.017857142857142856,146.0,30.0
LGA,PBI,LGA → PBI,1007,18.796425024826217,19.35948361469712,0.2542204568023833,0.033763654419066536,1035.0,141.51837140019862
LGA,PHL,LGA → PHL,164,13.652439024390244,15.634146341463415,0.17682926829268292,0.08536585365853659,96.0,32.53048780487805
LGA,PIT,LGA → PIT,1553,12.428203477141018,12.452672247263362,0.16162266580811332,0.039278815196394076,335.0,57.69542820347714
LGA,PNS,LGA → PNS,39,7.6923076923076925,9.564102564102564,0.15384615384615385,0.07692307692307693,1030.0,137.10256410256412
LGA,PVD,LGA → PVD,165,11.781818181818181,10.387878787878789,0.16363636363636364,0.06666666666666667,143.0,28.842424242424244
LGA,PWM,LGA → PWM,590,15.51864406779661,16.413559322033898,0.211864406779661,0.04576271186440678,269.0,44.45084745762712
LGA,RAP,LGA → RAP,7,0.0,1.7142857142857142,0.0,0.0,1502.0,206.57142857142858
LGA,RDU,LGA → RDU,1617,13.380333951762523,14.50834879406308,0.18738404452690166,0.04267161410018553,431.0,69.75757575757575
LGA,RIC,LGA → RIC,989,11.8159757330637,12.287158746208291,0.16683518705763398,0.04044489383215369,292.0,53.83518705763397
LGA,ROA,LGA → ROA,157,9.898089171974522,11.73248407643312,0.1910828025477707,0.025477707006369428,405.0,70.15286624203821
LGA,ROC,LGA → ROC,392,11.579081632653061,12.556122448979592,0.18877551020408162,0.04336734693877551,254.0,45.400510204081634
LGA,RSW,LGA → RSW,433,19.288683602771364,17.930715935334874,0.22170900692840648,0.04157043879907621,1080.0,151.96535796766744
LGA,SAV,LGA → SAV,447,15.0,16.501118568232663,0.22371364653243847,0.03355704697986577,722.0,104.67114093959732
LGA,SBN,LGA → SBN,2,0.0,0.0,0.0,0.0,651.0,95.5
LGA,SCE,LGA → SCE,23,2.260869565217391,2.347826086956522,0.043478260869565216,0.0,208.0,43.65217391304348
LGA,SDF,LGA → SDF,550,10.781818181818181,11.341818181818182,0.15272727272727274,0.02909090909090909,659.0,105.44
LGA,SJU,LGA → SJU,6,11.833333333333334,16.333333333333332,0.3333333333333333,0.0,1608.0,215.16666666666666
LGA,SLC,LGA → SLC,1,0.0,0.0,0.0,0.0,1983.0,274.0
LGA,SRQ,LGA → SRQ,214,19.957943925233646,17.411214953271028,0.24766355140186916,0.0514018691588785,1047.0,146.69626168224298
LGA,STL,LGA → STL,1510,13.734437086092715,13.503973509933775,0.18344370860927153,0.04370860927152318,888.0,127.69536423841059
LGA,SYR,LGA → SYR,331,14.978851963746223,15.030211480362539,0.19637462235649547,0.04833836858006042,198.0,38.918429003021146
LGA,TPA,LGA → TPA,1029,19.3265306122449,18.7667638483965,0.2371234207968902,0.03498542274052478,1010.0,141.47619047619048
LGA,TUL,LGA → TUL,23,16.956521739130434,15.043478260869565,0.2608695652173913,0.0,1231.0,181.0
LGA,TVC,LGA → TVC,47,8.74468085106383,8.74468085106383,0.19148936170212766,0.02127659574468085,655.0,96.82978723404256
LGA,TYS,LGA → TYS,348,17.339080459770116,18.82183908045977,0.20114942528735633,0.022988505747126436,647.7241379310345,95.84770114942529
LGA,VPS,LGA → VPS,6,31.5,26.666666666666668,0.5,0.0,1003.0,154.66666666666666
LGA,XNA,LGA → XNA,262,12.36259541984733,14.183206106870228,0.2099236641221374,0.022900763358778626,1147.0,165.14503816793894
LGB,AUS,LGB → AUS,207,10.396135265700483,10.782608695652174,0.15942028985507245,0.00966183574879227,1226.0,145.8695652173913
LGB,BNA,LGB → BNA,36,21.694444444444443,17.88888888888889,0.1388888888888889,0.0,1785.0,204.52777777777777
LGB,BOS,LGB → BOS,49,6.183673469387755,5.285714285714286,0.08163265306122448,0.061224489795918366,2602.0,273.6530612244898
LGB,BZN,LGB → BZN,8,12.0,13.375,0.125,0.0,904.0,121.625
LGB,COS,LGB → COS,8,9.75,6.75,0.125,0.0,825.0,107.5
LGB,DAL,LGB → DAL,100,19.87,17.52,0.31,0.03,1232.0,149.55
LGB,DEN,LGB → DEN,359,11.030640668523677,10.35933147632312,0.17548746518105848,0.016713091922005572,854.0,108.55431754874652
LGB,DFW,LGB → DFW,31,47.29032258064516,46.193548387096776,0.12903225806451613,0.06451612903225806,1221.0,145.96774193548387
LGB,ELP,LGB → ELP,6,7.333333333333333,4.5,0.16666666666666666,0.0,699.0,92.5
LGB,FLL,LGB → FLL,1,14.0,23.0,1.0,0.0,2327.0,264.0
LGB,HDN,LGB → HDN,6,21.666666666666668,25.5,0.3333333333333333,0.0,758.0,95.66666666666667
LGB,HNL,LGB → HNL,229,6.008733624454148,5.96943231441048,0.11790393013100436,0.004366812227074236,2569.0,328.6244541484716
LGB,HOU,LGB → HOU,148,11.06081081081081,9.763513513513514,0.1891891891891892,0.006756756756756757,1374.0,163.95945945945945
LGB,JFK,LGB → JFK,93,13.655913978494624,11.53763440860215,0.17204301075268819,0.0,2465.0,284.7741935483871
LGB,LAS,LGB → LAS,778,12.163239074550129,11.844473007712082,0.1928020565552699,0.019280205655526992,231.0,42.55141388174807
LGB,MCI,LGB → MCI,19,6.842105263157895,3.736842105263158,0.10526315789473684,0.0,1353.0,162.78947368421052
LGB,MCO,LGB → MCO,1,0.0,0.0,0.0,0.0,2203.0,262.0
LGB,MDW,LGB → MDW,101,12.702970297029703,9.069306930693068,0.21782178217821782,0.04950495049504951,1741.0,198.03960396039605
LGB,MSY,LGB → MSY,6,25.666666666666668,21.333333333333332,0.3333333333333333,0.0,1655.0,189.33333333333334
LGB,OAK,LGB → OAK,818,9.61002444987775,8.638141809290953,0.1466992665036675,0.02444987775061125,353.0,53.70293398533008
LGB,OGG,LGB → OGG,177,7.84180790960452,9.186440677966102,0.1638418079096045,0.011299435028248588,2498.0,315.66101694915255
LGB,PDX,LGB → PDX,48,13.625,13.0,0.1875,0.020833333333333332,846.0,116.8125
LGB,PHX,LGB → PHX,748,14.827540106951872,13.946524064171124,0.1711229946524064,0.0066844919786096255,355.0,56.283422459893046
LGB,PSP,LGB → PSP,1,0.0,0.0,0.0,0.0,95.0,28.0
LGB,RNO,LGB → RNO,183,12.3551912568306,10.901639344262295,0.20218579234972678,0.00546448087431694,402.0,60.37158469945355
LGB,SEA,LGB → SEA,91,10.208791208791208,12.31868131868132,0.2087912087912088,0.01098901098901099,965.0,137.76923076923077
LGB,SFO,LGB → SFO,89,19.426966292134832,18.292134831460675,0.23595505617977527,0.0,354.0,58.46067415730337
LGB,SJC,LGB → SJC,600,8.771666666666667,7.8533333333333335,0.13,0.025,324.0,50.84166666666667
LGB,SLC,LGB → SLC,742,8.454177897574125,8.168463611859838,0.08490566037735849,0.01752021563342318,588.0,84.47574123989219
LGB,SMF,LGB → SMF,714,8.127450980392156,6.939775910364146,0.12184873949579832,0.01680672268907563,387.0,60.31372549019608
LGB,STL,LGB → STL,80,13.775,11.5625,0.2125,0.0,1581.0,186.1375
LIH,DEN,LIH → DEN,132,3.757575757575758,3.909090909090909,0.06060606060606061,0.0,3414.0,380.4015151515151
LIH,HNL,LIH → HNL,3058,5.744604316546763,7.184107259646828,0.1409417920209287,0.018639633747547416,102.0,21.612164813603663
LIH,KOA,LIH → KOA,110,7.4818181818181815,8.763636363636364,0.2,0.00909090909090909,263.0,39.72727272727273
LIH,LAS,LIH → LAS,56,4.375,4.892857142857143,0.10714285714285714,0.0,2818.0,323.19642857142856
LIH,LAX,LIH → LAX,697,12.086083213773314,11.657101865136298,0.1449067431850789,0.011477761836441894,2615.0,298.96556671449065
LIH,OAK,LIH → OAK,246,7.800813008130081,6.646341463414634,0.0975609756097561,0.012195121951219513,2457.0,285.9065040650407
LIH,OGG,LIH → OGG,475,5.766315789473684,7.1010526315789475,0.13263157894736843,0.014736842105263158,201.0,33.4821052631579
LIH,PDX,LIH → PDX,65,27.846153846153847,26.907692307692308,0.2153846153846154,0.015384615384615385,2631.0,300.7076923076923
LIH,PHX,LIH → PHX,159,17.748427672955973,19.39622641509434,0.08176100628930817,0.018867924528301886,2979.0,328.37106918238993
LIH,SAN,LIH → SAN,117,7.316239316239316,8.47008547008547,0.21367521367521367,0.02564102564102564,2676.0,305.14529914529913
LIH,SEA,LIH → SEA,416,10.754807692307692,10.514423076923077,0.1658653846153846,0.007211538461538462,2701.0,313.0817307692308
LIH,SFO,LIH → SFO,251,12.725099601593625,12.390438247011952,0.11155378486055777,0.00796812749003984,2447.0,282.60956175298804
LIH,SJC,LIH → SJC,178,13.146067415730338,10.48314606741573,0.2247191011235955,0.03932584269662921,2466.0,273.69662921348316
LIT,ATL,LIT → ATL,1010,7.133663366336633,7.238613861386138,0.100990099009901,0.02574257425742574,453.0,62.44851485148515
LIT,CLT,LIT → CLT,563,11.206039076376554,9.712255772646536,0.1172291296625222,0.02486678507992895,640.0,85.72291296625222
LIT,DAL,LIT → DAL,397,14.899244332493703,14.866498740554157,0.21914357682619648,0.030226700251889168,296.0,48.423173803526446
LIT,DCA,LIT → DCA,147,2.2653061224489797,4.258503401360544,0.08163265306122448,0.013605442176870748,888.0,113.6734693877551
LIT,DEN,LIT → DEN,384,21.166666666666668,21.671875,0.203125,0.018229166666666668,771.0,115.05729166666667
LIT,DFW,LIT → DFW,1209,16.65012406947891,18.11579818031431,0.22746071133167908,0.028949545078577336,304.0,52.85525227460711
LIT,DTW,LIT → DTW,21,8.666666666666666,9.238095238095237,0.047619047619047616,0.0,705.0,97.19047619047619
LIT,HOU,LIT → HOU,21,4.619047619047619,3.0952380952380953,0.047619047619047616,0.2857142857142857,393.0,48.285714285714285
LIT,IAH,LIT → IAH,399,15.68170426065163,18.100250626566417,0.19548872180451127,0.020050125313283207,374.0,68.20050125313283
LIT,LAS,LIT → LAS,98,9.459183673469388,8.83673469387755,0.15306122448979592,0.02040816326530612,1294.0,177.1734693877551
LIT,LAX,LIT → LAX,10,20.1,20.9,0.4,0.0,1494.0,192.0
LIT,LGA,LIT → LGA,30,3.7666666666666666,7.966666666666667,0.23333333333333334,0.0,1085.0,143.73333333333332
LIT,MCO,LIT → MCO,9,0.0,0.7777777777777778,0.0,0.1111111111111111,776.0,85.55555555555556
LIT,MIA,LIT → MIA,23,7.782608695652174,8.391304347826088,0.08695652173913043,0.0,941.0,125.78260869565217
LIT,ORD,LIT → ORD,585,18.591452991452993,18.642735042735044,0.17606837606837608,0.011965811965811967,552.0,84.31111111111112
LIT,PHX,LIT → PHX,49,3.3469387755102042,4.73469387755102,0.10204081632653061,0.04081632653061224,1136.0,158.14285714285714
LIT,PIE,LIT → PIE,16,25.25,25.125,0.1875,0.0625,734.0,87.1875
LIT,SFB,LIT → SFB,39,37.743589743589745,38.333333333333336,0.3333333333333333,0.02564102564102564,765.0,96.33333333333333
LIT,STL,LIT → STL,255,7.203921568627451,6.368627450980392,0.10588235294117647,0.01568627450980392,296.0,49.90196078431372
LIT,VPS,LIT → VPS,11,12.0,14.454545454545455,0.36363636363636365,0.0,443.0,64.27272727272727
LNK,ATL,LNK → ATL,28,10.25,16.071428571428573,0.25,0.0,841.0,111.07142857142857
LNK,DEN,LNK → DEN,138,22.73913043478261,24.681159420289855,0.2246376811594203,0.021739130434782608,423.0,69.3623188405797
LNK,MSP,LNK → MSP,177,9.35593220338983,8.666666666666666,0.1016949152542373,0.02824858757062147,331.0,55.77401129943503
LNK,ORD,LNK → ORD,182,19.21978021978022,20.324175824175825,0.17032967032967034,0.06593406593406594,466.0,69.0934065934066
LRD,DFW,LRD → DFW,602,16.53488372093023,18.001661129568106,0.15448504983388706,0.024916943521594685,396.0,61.63455149501661
LRD,IAH,LRD → IAH,164,7.414634146341464,8.762195121951219,0.14634146341463414,0.036585365853658534,301.0,50.25
LRD,LAS,LRD → LAS,61,10.114754098360656,12.065573770491802,0.2786885245901639,0.04918032786885246,1092.0,144.11475409836066
LSE,DTW,LSE → DTW,87,9.804597701149426,9.137931034482758,0.11494252873563218,0.011494252873563218,416.0,61.95402298850575
LSE,MSP,LSE → MSP,301,12.182724252491694,12.209302325581396,0.11295681063122924,0.006644518272425249,119.0,31.026578073089702
LSE,ORD,LSE → ORD,367,9.60490463215259,10.487738419618529,0.13896457765667575,0.03814713896457766,215.0,42.095367847411445
LWB,IAD,LWB → IAD,69,8.0,8.55072463768116,0.10144927536231885,0.057971014492753624,176.0,35.04347826086956
LWB,ORD,LWB → ORD,141,25.98581560283688,28.78723404255319,0.20567375886524822,0.028368794326241134,489.0,80.2482269503546
LWB,SHD,LWB → SHD,21,59.285714285714285,59.0,0.14285714285714285,0.047619047619047616,87.0,22.285714285714285
LWS,DEN,LWS → DEN,74,16.14864864864865,18.43243243243243,0.16216216216216217,0.0,768.0,107.16216216216216
LWS,SLC,LWS → SLC,392,5.630102040816326,6.385204081632653,0.05357142857142857,0.00510204081632653,461.0,67.77806122448979
LYH,CLT,LYH → CLT,205,6.868292682926829,6.136585365853659,0.08780487804878048,0.03414634146341464,175.0,38.985365853658536
MAF,AUS,MAF → AUS,51,2.0980392156862746,2.5686274509803924,0.0784313725490196,0.0392156862745098,294.0,42.6078431372549
MAF,DAL,MAF → DAL,653,8.18989280245023,7.790199081163859,0.1225114854517611,0.04900459418070444,319.0,50.8698315467075
MAF,DEN,MAF → DEN,417,18.5947242206235,18.688249400479616,0.14628297362110312,0.03597122302158273,563.0,83.5947242206235
MAF,DFW,MAF → DFW,1068,16.392322097378276,16.8876404494382,0.19101123595505617,0.040262172284644196,309.0,49.14138576779026
MAF,HOU,MAF → HOU,486,7.450617283950617,6.962962962962963,0.11316872427983539,0.030864197530864196,441.0,61.23456790123457
MAF,IAH,MAF → IAH,801,13.83645443196005,14.164794007490636,0.12609238451935081,0.03870162297128589,429.0,62.12359550561798
MAF,LAS,MAF → LAS,164,7.634146341463414,6.579268292682927,0.12804878048780488,0.006097560975609756,795.0,113.26219512195122
MAF,PHX,MAF → PHX,151,12.536423841059603,13.841059602649006,0.11258278145695365,0.013245033112582781,581.0,89.89403973509934
MBS,DTW,MBS → DTW,508,8.198818897637794,8.336614173228346,0.09055118110236221,0.013779527559055118,98.0,23.89566929133858
MBS,MSP,MBS → MSP,39,15.897435897435898,14.897435897435898,0.07692307692307693,0.0,463.0,78.43589743589743
MBS,ORD,MBS → ORD,185,17.09189189189189,19.09189189189189,0.17297297297297298,0.06486486486486487,222.0,42.502702702702706
MCI,ABQ,MCI → ABQ,69,4.202898550724638,4.0,0.10144927536231885,0.0,718.0,105.84057971014492
MCI,ATL,MCI → ATL,1376,8.23982558139535,8.247093023255815,0.11482558139534883,0.016715116279069766,692.0,89.91061046511628
MCI,AUS,MCI → AUS,309,12.339805825242719,12.45631067961165,0.2168284789644013,0.019417475728155338,650.0,90.25566343042071
MCI,AZA,MCI → AZA,2,0.0,0.0,0.0,0.0,1030.0,149.5
MCI,BNA,MCI → BNA,521,8.078694817658349,6.907869481765835,0.13051823416506717,0.019193857965451054,491.0,66.56238003838772
MCI,BOS,MCI → BOS,321,19.274143302180686,19.233644859813083,0.21806853582554517,0.03115264797507788,1256.0,147.9190031152648
MCI,BWI,MCI → BWI,375,7.605333333333333,7.168,0.13066666666666665,0.034666666666666665,967.0,115.85866666666666
MCI,CHS,MCI → CHS,2,0.0,0.0,0.0,0.0,930.0,115.0
MCI,CLT,MCI → CLT,580,11.277586206896551,10.974137931034482,0.11896551724137931,0.04310344827586207,808.0,100.82758620689656
MCI,CVG,MCI → CVG,87,26.114942528735632,24.74712643678161,0.27586206896551724,0.022988505747126436,539.0,72.95402298850574
MCI,DAL,MCI → DAL,834,9.071942446043165,9.452038369304557,0.15707434052757793,0.05635491606714628,460.9280575539568,66.80575539568345
MCI,DCA,MCI → DCA,609,9.727422003284072,10.60919540229885,0.14285714285714285,0.031198686371100164,949.0,115.39901477832512
MCI,DEN,MCI → DEN,1658,11.352231604342581,12.03015681544029,0.18094089264173704,0.03739445114595899,533.0,81.91254523522316
MCI,DFW,MCI → DFW,1174,14.816013628620102,15.212095400340715,0.16695059625212946,0.046848381601362864,460.0,70.60562180579217
MCI,DTW,MCI → DTW,622,7.980707395498392,7.819935691318328,0.09485530546623794,0.011254019292604502,629.0,83.43086816720258
MCI,ECP,MCI → ECP,19,8.210526315789474,13.631578947368421,0.2631578947368421,0.05263157894736842,797.0,97.84210526315789
MCI,EWR,MCI → EWR,347,14.881844380403459,16.582132564841498,0.20461095100864554,0.04610951008645533,1092.0,131.12968299711815
MCI,FLL,MCI → FLL,236,14.826271186440678,13.190677966101696,0.2288135593220339,0.038135593220338986,1242.0,149.57627118644066
MCI,HOU,MCI → HOU,337,7.264094955489615,6.845697329376854,0.1394658753709199,0.05637982195845697,666.0,95.28783382789318
MCI,IAD,MCI → IAD,223,10.4304932735426,11.4304932735426,0.13901345291479822,0.04484304932735426,926.0,111.12107623318386
MCI,IAH,MCI → IAH,590,7.1,8.242372881355932,0.13559322033898305,0.02711864406779661,643.0,98.54237288135593
MCI,IND,MCI → IND,126,8.103174603174603,6.928571428571429,0.10317460317460317,0.023809523809523808,451.0,59.70634920634921
MCI,JFK,MCI → JFK,101,15.099009900990099,15.792079207920793,0.13861386138613863,0.019801980198019802,1113.0,140.5148514851485
MCI,LAS,MCI → LAS,797,12.766624843161857,12.204516938519449,0.19824341279799249,0.020075282308657464,1139.0,153.9987452948557
MCI,LAX,MCI → LAX,606,11.283828382838283,10.394389438943895,0.18316831683168316,0.019801980198019802,1363.0,181.83498349834983
MCI,LGA,MCI → LGA,790,13.318987341772152,13.720253164556961,0.17341772151898735,0.049367088607594936,1107.0,132.18101265822784
MCI,LGB,MCI → LGB,16,8.1875,7.375,0.125,0.0,1353.0,183.8125
MCI,MCO,MCI → MCO,666,13.86936936936937,14.423423423423424,0.2042042042042042,0.052552552552552555,1072.0,128.46096096096096
MCI,MDW,MCI → MDW,936,7.72542735042735,6.776709401709402,0.13568376068376067,0.04487179487179487,405.0,57.675213675213676
MCI,MIA,MCI → MIA,265,16.132075471698112,17.19622641509434,0.13962264150943396,0.026415094339622643,1251.0,154.90188679245284
MCI,MKE,MCI → MKE,75,6.64,4.693333333333333,0.06666666666666667,0.04,436.0,62.0
MCI,MSP,MCI → MSP,821,7.328867235079172,7.364190012180268,0.1120584652862363,0.0194884287454324,393.0,60.274056029232646
MCI,MSY,MCI → MSY,128,11.1875,9.5078125,0.1640625,0.046875,689.0,86.71875
MCI,MYR,MCI → MYR,14,11.928571428571429,9.357142857142858,0.21428571428571427,0.07142857142857142,959.0,110.14285714285714
MCI,OAK,MCI → OAK,150,10.5,7.6866666666666665,0.18666666666666668,0.006666666666666667,1489.0,198.55333333333334
MCI,ORD,MCI → ORD,1354,13.378138847858198,13.8109305760709,0.1484490398818316,0.03175775480059084,403.0,61.19719350073855
MCI,PDX,MCI → PDX,103,10.524271844660195,9.398058252427184,0.1553398058252427,0.0,1482.0,207.3106796116505
MCI,PGD,MCI → PGD,40,21.85,28.65,0.45,0.0,1125.225,141.15
MCI,PHL,MCI → PHL,298,13.305369127516778,13.979865771812081,0.12416107382550336,0.016778523489932886,1038.0,129.18456375838926
MCI,PHX,MCI → PHX,909,10.468646864686468,9.192519251925193,0.1419141914191419,0.026402640264026403,1044.0,143.44334433443345
MCI,PIE,MCI → PIE,23,10.826086956521738,10.08695652173913,0.21739130434782608,0.043478260869565216,1045.0,121.73913043478261
MCI,PNS,MCI → PNS,45,10.466666666666667,10.8,0.26666666666666666,0.044444444444444446,743.0,95.97777777777777
MCI,RDU,MCI → RDU,45,5.5777777777777775,5.0,0.044444444444444446,0.06666666666666667,904.0,104.95555555555555
MCI,RSW,MCI → RSW,104,17.346153846153847,15.913461538461538,0.21153846153846154,0.009615384615384616,1155.0,141.60576923076923
MCI,SAN,MCI → SAN,210,9.823809523809524,8.58095238095238,0.15714285714285714,0.01904761904761905,1334.0,180.0952380952381
MCI,SAT,MCI → SAT,60,7.766666666666667,7.483333333333333,0.1,0.016666666666666666,706.0,98.73333333333333
MCI,SEA,MCI → SEA,424,8.679245283018869,9.125,0.13443396226415094,0.009433962264150943,1489.0,207.00235849056602
MCI,SFB,MCI → SFB,8,8.625,11.375,0.375,0.125,1058.0,120.125
MCI,SFO,MCI → SFO,119,13.680672268907562,14.016806722689076,0.13445378151260504,0.0,1499.0,209.71428571428572
MCI,SLC,MCI → SLC,468,9.337606837606838,9.36965811965812,0.13247863247863248,0.008547008547008548,920.0,133.39743589743588
MCI,SNA,MCI → SNA,11,6.181818181818182,4.363636363636363,0.09090909090909091,0.0,1342.0,173.63636363636363
MCI,SRQ,MCI → SRQ,4,0.0,0.0,0.0,0.0,1078.0,135.0
MCI,STL,MCI → STL,387,8.863049095607234,7.1937984496124034,0.12661498708010335,0.025839793281653745,237.0,37.80878552971576
MCI,TPA,MCI → TPA,249,12.012048192771084,11.93574297188755,0.18072289156626506,0.04417670682730924,1048.0,125.64257028112449
MCI,VPS,MCI → VPS,39,9.871794871794872,13.948717948717949,0.20512820512820512,0.0,764.0,104.07692307692308
MCO,ABQ,MCO → ABQ,9,9.222222222222221,9.666666666666666,0.1111111111111111,0.0,1553.0,216.22222222222223
MCO,ACY,MCO → ACY,344,17.165697674418606,17.101744186046513,0.25,0.020348837209302327,852.0,109.02906976744185
MCO,ALB,MCO → ALB,370,12.875675675675677,13.04054054054054,0.2,0.02702702702702703,1073.0,136.55405405405406
MCO,ATL,MCO → ATL,3730,12.915549597855227,13.646380697050938,0.18016085790884717,0.018498659517426273,404.0,62.554155495978556
MCO,AUS,MCO → AUS,908,15.940528634361234,15.618942731277533,0.21365638766519823,0.025330396475770924,994.0,137.8215859030837
MCO,AVL,MCO → AVL,28,14.535714285714286,14.214285714285714,0.21428571428571427,0.03571428571428571,488.0,69.46428571428571
MCO,BDL,MCO → BDL,965,17.410362694300517,17.661139896373058,0.25906735751295334,0.03419689119170984,1050.0,130.66632124352333
MCO,BFM,MCO → BFM,1,0.0,0.0,0.0,0.0,434.0,68.0
MCO,BHM,MCO → BHM,289,11.685121107266436,11.664359861591695,0.16608996539792387,0.02768166089965398,479.0,71.36332179930795
MCO,BMI,MCO → BMI,41,13.536585365853659,13.975609756097562,0.17073170731707318,0.0,936.0,136.02439024390245
MCO,BNA,MCO → BNA,1170,13.944444444444445,13.367521367521368,0.19401709401709402,0.021367521367521368,616.0,91.58803418803419
MCO,BOS,MCO → BOS,1953,17.623143881208396,17.55094726062468,0.23707117255504354,0.022529441884280594,1121.0,142.84280593958013
MCO,BQN,MCO → BQN,388,27.806701030927837,27.644329896907216,0.3711340206185567,0.01804123711340206,1129.0,133.94845360824743
MCO,BTV,MCO → BTV,29,26.06896551724138,25.79310344827586,0.3793103448275862,0.06896551724137931,1194.0,142.3793103448276
MCO,BUF,MCO → BUF,607,20.70840197693575,19.752883031301483,0.25205930807248766,0.044481054365733116,1011.0,125.9324546952224
MCO,BWI,MCO → BWI,2198,15.982711555959964,15.104185623293903,0.2283894449499545,0.034576888080072796,787.0,102.27070063694268
MCO,CAK,MCO → CAK,84,14.071428571428571,13.547619047619047,0.20238095238095238,0.023809523809523808,861.0,112.28571428571429
MCO,CID,MCO → CID,6,35.666666666666664,30.833333333333332,0.5,0.0,1097.0,150.5
MCO,CLE,MCO → CLE,869,19.03222094361335,19.472957422324512,0.2508630609896433,0.020713463751438434,895.0,117.3590333716916
MCO,CLT,MCO → CLT,2045,16.346699266503666,16.752567237163813,0.18484107579462103,0.022493887530562348,468.0,72.14180929095355
MCO,CMH,MCO → CMH,786,17.248091603053435,16.609414758269722,0.2340966921119593,0.020356234096692113,802.0,106.85750636132316
MCO,COS,MCO → COS,33,15.151515151515152,12.545454545454545,0.15151515151515152,0.030303030303030304,1520.0,206.57575757575756
MCO,CRW,MCO → CRW,46,10.065217391304348,11.565217391304348,0.21739130434782608,0.043478260869565216,686.0,91.65217391304348
MCO,CVG,MCO → CVG,655,14.937404580152672,15.694656488549619,0.1984732824427481,0.024427480916030534,757.0,104.08854961832061
MCO,DAL,MCO → DAL,933,12.990353697749196,13.719185423365488,0.24866023579849947,0.04287245444801715,973.0,135.34619506966774
MCO,DAY,MCO → DAY,2,5.5,4.5,0.0,0.0,808.0,113.0
MCO,DCA,MCO → DCA,1464,17.434426229508198,18.33606557377049,0.24453551912568305,0.025273224043715847,759.0,102.18579234972678
MCO,DEN,MCO → DEN,1778,15.885826771653543,15.999437570303712,0.20978627671541059,0.02924634420697413,1546.0,207.05286839145106
MCO,DFW,MCO → DFW,1953,19.250384024577574,20.048643113159244,0.22427035330261136,0.02867383512544803,985.0,140.16282642089092
MCO,DSM,MCO → DSM,17,6.411764705882353,5.588235294117647,0.17647058823529413,0.058823529411764705,1141.0,155.1764705882353
MCO,DTW,MCO → DTW,1759,14.672541216600342,15.064809550881183,0.20181921546333143,0.01762364980102331,957.0,127.2040932347925
MCO,ELP,MCO → ELP,16,13.625,18.0,0.25,0.0,1516.0,206.3125
MCO,EWR,MCO → EWR,2847,23.19072708113804,24.426062521952932,0.2982086406743941,0.032665964172813484,937.0,123.03547593958552
MCO,EYW,MCO → EYW,20,5.55,8.0,0.15,0.0,268.0,48.75
MCO,FAR,MCO → FAR,10,11.4,16.7,0.4,0.1,1526.0,195.8
MCO,FLL,MCO → FLL,719,13.282336578581363,11.96383866481224,0.21001390820584145,0.02920723226703755,177.0,38.05285118219749
MCO,FSD,MCO → FSD,2,0.0,1.5,0.0,0.5,1351.0,103.0
MCO,GRB,MCO → GRB,16,9.3125,14.5,0.25,0.0,1169.0,166.5625
MCO,GRR,MCO → GRR,172,13.982558139534884,12.918604651162791,0.23255813953488372,0.023255813953488372,1024.0,136.90116279069767
MCO,GSO,MCO → GSO,34,10.0,11.647058823529411,0.11764705882352941,0.029411764705882353,535.0,76.6470588235294
MCO,GSP,MCO → GSP,14,6.0,5.5,0.14285714285714285,0.14285714285714285,449.0,56.5
MCO,HNL,MCO → HNL,21,20.285714285714285,15.952380952380953,0.38095238095238093,0.0,4757.0,597.3333333333334
MCO,HOU,MCO → HOU,830,14.127710843373494,12.86987951807229,0.20602409638554217,0.030120481927710843,849.0,120.57349397590362
MCO,HPN,MCO → HPN,439,24.21867881548975,24.425968109339408,0.30296127562642367,0.03416856492027335,972.0,129.99316628701595
MCO,HRL,MCO → HRL,4,23.5,16.25,0.5,0.0,1016.0,150.25
MCO,HSV,MCO → HSV,21,5.476190476190476,3.3333333333333335,0.09523809523809523,0.14285714285714285,535.0,72.71428571428571
MCO,IAD,MCO → IAD,686,14.572886297376094,14.89941690962099,0.18658892128279883,0.02040816326530612,758.0,100.13848396501457
MCO,IAH,MCO → IAH,1535,14.73029315960912,15.5628664495114,0.20716612377850163,0.026058631921824105,854.0,122.23061889250815
MCO,ILG,MCO → ILG,13,21.615384615384617,22.076923076923077,0.3076923076923077,0.0,841.0,116.46153846153847
MCO,IND,MCO → IND,947,16.3051742344245,14.96832101372756,0.22808870116156282,0.028511087645195353,829.0,114.52375923970433
MCO,ISP,MCO → ISP,572,17.753496503496503,17.29020979020979,0.2517482517482518,0.02972027972027972,971.0,124.4895104895105
MCO,JAN,MCO → JAN,26,21.615384615384617,16.692307692307693,0.19230769230769232,0.038461538461538464,588.0,85.57692307692308
MCO,JFK,MCO → JFK,1968,25.33028455284553,25.46697154471545,0.2698170731707317,0.029471544715447155,944.0,122.0010162601626
MCO,LAS,MCO → LAS,549,18.84153005464481,17.27504553734062,0.26229508196721313,0.03825136612021858,2039.0,261.77777777777777
MCO,LAX,MCO → LAX,1292,12.486068111455108,12.561919504643964,0.16873065015479877,0.01238390092879257,2218.0,287.0487616099071
MCO,LBE,MCO → LBE,165,20.593939393939394,21.242424242424242,0.26666666666666666,0.030303030303030304,823.0,108.95151515151515
MCO,LFT,MCO → LFT,4,0.0,0.0,0.0,0.0,656.0,98.75
MCO,LGA,MCO → LGA,1784,20.454035874439462,20.859865470852018,0.26289237668161436,0.0257847533632287,950.0,123.34529147982063
MCO,LIT,MCO → LIT,4,0.0,0.25,0.0,0.0,776.0,112.0
MCO,MCI,MCO → MCI,671,16.2026825633383,15.813710879284649,0.21460506706408347,0.03576751117734724,1072.0,144.95081967213116
MCO,MDT,MCO → MDT,52,14.423076923076923,15.576923076923077,0.21153846153846154,0.019230769230769232,851.0,113.9423076923077
MCO,MDW,MCO → MDW,1343,13.568875651526433,12.704393149664929,0.20253164556962025,0.06626954579300075,990.0,131.3283693224125
MCO,MEM,MCO → MEM,299,18.414715719063544,16.662207357859533,0.23745819397993312,0.056856187290969896,684.0,96.97658862876254
MCO,MHT,MCO → MHT,361,9.598337950138504,9.038781163434903,0.15789473684210525,0.0443213296398892,1142.0,140.74515235457065
MCO,MIA,MCO → MIA,1338,15.850523168908818,16.56801195814649,0.19581464872944693,0.02765321375186846,192.0,39.09118086696562
MCO,MKE,MCO → MKE,699,16.277539341917024,15.836909871244636,0.23319027181688126,0.03719599427753934,1066.0,141.91845493562232
MCO,MSN,MCO → MSN,25,18.6,17.72,0.32,0.04,1109.0,148.6
MCO,MSP,MCO → MSP,983,13.664292980671414,13.883011190233978,0.17192268565615462,0.018311291963377416,1310.0,178.73652085452696
MCO,MSY,MCO → MSY,865,17.745664739884393,16.81271676300578,0.24277456647398843,0.035838150289017344,551.0,81.00231213872833
MCO,MYR,MCO → MYR,88,15.159090909090908,18.443181818181817,0.29545454545454547,0.045454545454545456,388.0,57.56818181818182
MCO,OAK,MCO → OAK,30,10.366666666666667,13.4,0.36666666666666664,0.03333333333333333,2438.0,324.6333333333333
MCO,OKC,MCO → OKC,60,16.833333333333332,18.716666666666665,0.2833333333333333,0.0,1069.0,149.71666666666667
MCO,OMA,MCO → OMA,95,15.852631578947369,14.56842105263158,0.2,0.021052631578947368,1211.0,164.46315789473684
MCO,ONT,MCO → ONT,118,22.39830508474576,21.177966101694917,0.3220338983050847,0.01694915254237288,2171.0,284.23728813559325
MCO,ORD,MCO → ORD,2089,18.02058401148875,19.202967927237914,0.237912876974629,0.028243178554332216,1005.0,142.42508377213977
MCO,ORF,MCO → ORF,244,14.80327868852459,16.19672131147541,0.22131147540983606,0.020491803278688523,655.0,88.23770491803279
MCO,ORH,MCO → ORH,49,21.26530612244898,23.775510204081634,0.14285714285714285,0.04081632653061224,1091.0,132.59183673469389
MCO,PDX,MCO → PDX,165,15.460606060606061,15.581818181818182,0.24242424242424243,0.0,2534.0,336.9818181818182
MCO,PHL,MCO → PHL,2513,17.998408276959807,17.550736171906088,0.23915638678869877,0.026661360923199363,861.0,115.63509749303621
MCO,PHX,MCO → PHX,719,16.324061196105703,16.29068150208623,0.24617524339360222,0.01808066759388039,1849.0,245.75799721835884
MCO,PIT,MCO → PIT,860,16.50232558139535,15.452325581395348,0.2313953488372093,0.03837209302325582,834.0,107.33372093023256
MCO,PNS,MCO → PNS,49,12.877551020408163,19.142857142857142,0.3673469387755102,0.02040816326530612,381.0,63.06122448979592
MCO,PSE,MCO → PSE,175,16.97714285714286,17.085714285714285,0.2571428571428571,0.03428571428571429,1179.0,139.93714285714285
MCO,PSM,MCO → PSM,5,4.8,10.4,0.2,0.0,1167.0,150.0
MCO,PVD,MCO → PVD,732,16.7172131147541,15.495901639344263,0.2336065573770492,0.04371584699453552,1072.0,131.2431693989071
MCO,PWM,MCO → PWM,65,8.092307692307692,10.384615384615385,0.16923076923076924,0.06153846153846154,1214.0,142.63076923076923
MCO,RDU,MCO → RDU,1089,15.182736455463727,15.135904499540864,0.19742883379247014,0.02295684113865932,534.0,77.16804407713498
MCO,RIC,MCO → RIC,366,13.147540983606557,13.48360655737705,0.18579234972677597,0.03825136612021858,667.0,87.64207650273224
MCO,ROC,MCO → ROC,141,13.77304964539007,12.71631205673759,0.15602836879432624,0.04964539007092199,1033.0,127.24113475177305
MCO,RSW,MCO → RSW,120,15.491666666666667,14.675,0.24166666666666667,0.05,133.0,29.658333333333335
MCO,SAN,MCO → SAN,218,14.674311926605505,15.871559633027523,0.23853211009174313,0.045871559633027525,2149.0,275.8165137614679
MCO,SAT,MCO → SAT,360,15.98611111111111,15.905555555555555,0.25,0.030555555555555555,1041.0,144.16944444444445
MCO,SDF,MCO → SDF,311,16.69774919614148,16.733118971061092,0.2540192926045016,0.003215434083601286,719.0,104.61736334405144
MCO,SEA,MCO → SEA,700,9.627142857142857,10.725714285714286,0.21571428571428572,0.018571428571428572,2554.0,335.50714285714287
MCO,SFO,MCO → SFO,452,13.606194690265486,13.188053097345133,0.19690265486725664,0.01327433628318584,2446.0,318.0840707964602
MCO,SJC,MCO → SJC,19,29.263157894736842,32.473684210526315,0.42105263157894735,0.05263157894736842,2421.0,316.8421052631579
MCO,SJU,MCO → SJU,2606,22.09938603223331,20.95932463545664,0.3054489639293937,0.011511895625479662,1189.0,142.6262471220261
MCO,SLC,MCO → SLC,727,14.376891334250343,16.05639614855571,0.24209078404401652,0.013755158184319119,1931.0,258.23521320495183
MCO,SMF,MCO → SMF,23,21.0,17.91304347826087,0.30434782608695654,0.0,2408.0,328.7826086956522
MCO,SRQ,MCO → SRQ,7,2.7142857142857144,3.4285714285714284,0.14285714285714285,0.0,104.0,28.0
MCO,STL,MCO → STL,988,13.491902834008098,12.817813765182187,0.19635627530364372,0.038461538461538464,882.0,121.30263157894737
MCO,STT,MCO → STT,141,11.27659574468085,10.75177304964539,0.19148936170212766,0.014184397163120567,1246.0,148.31205673758865
MCO,SWF,MCO → SWF,87,28.0,28.20689655172414,0.3103448275862069,0.034482758620689655,989.0,132.8735632183908
MCO,SYR,MCO → SYR,256,21.42578125,21.609375,0.28515625,0.03125,1053.0,133.0625
MCO,TTN,MCO → TTN,268,19.313432835820894,19.992537313432837,0.30223880597014924,0.014925373134328358,896.0,119.38059701492537
MCO,TUL,MCO → TUL,5,0.0,8.8,0.4,0.0,1005.0,149.6
MCO,TYS,MCO → TYS,20,15.3,14.05,0.3,0.0,532.0,77.4
MCO,XNA,MCO → XNA,2,59.0,52.0,1.0,0.0,932.0,136.0
MCW,FOD,MCW → FOD,35,4.485714285714286,7.114285714285714,0.14285714285714285,0.05714285714285714,61.0,17.65714285714286
MCW,ORD,MCW → ORD,102,5.862745098039215,5.421568627450981,0.0784313725490196,0.058823529411764705,288.70588235294116,46.38235294117647
MDT,ATL,MDT → ATL,406,8.857142857142858,9.12807881773399,0.10837438423645321,0.0049261083743842365,620.0,94.1871921182266
MDT,BNA,MDT → BNA,41,12.170731707317072,14.292682926829269,0.21951219512195122,0.17073170731707318,608.0,75.26829268292683
MDT,CLT,MDT → CLT,528,5.6893939393939394,5.740530303030303,0.08333333333333333,0.022727272727272728,413.0,68.58143939393939
MDT,DEN,MDT → DEN,13,21.846153846153847,33.53846153846154,0.23076923076923078,0.0,1474.0,205.0
MDT,DFW,MDT → DFW,130,1.9384615384615385,4.476923076923077,0.1,0.023076923076923078,1231.0,177.13076923076923
MDT,DTW,MDT → DTW,337,16.42433234421365,17.382789317507417,0.1572700296735905,0.017804154302670624,371.0,64.62314540059347
MDT,EWR,MDT → EWR,54,1.7222222222222223,7.222222222222222,0.14814814814814814,0.018518518518518517,141.0,37.24074074074074
MDT,FLL,MDT → FLL,16,48.1875,55.5,0.5625,0.0625,993.0,132.75
MDT,IAD,MDT → IAD,7,39.285714285714285,36.57142857142857,0.14285714285714285,0.14285714285714285,94.0,22.428571428571427
MDT,MCO,MDT → MCO,39,31.71794871794872,30.076923076923077,0.358974358974359,0.0,851.0,121.12820512820512
MDT,MYR,MDT → MYR,20,23.0,22.7,0.2,0.0,465.0,68.0
MDT,ORD,MDT → ORD,531,15.041431261770246,15.694915254237289,0.18832391713747645,0.03766478342749529,594.0,93.18079096045197
MDT,PGD,MDT → PGD,52,13.615384615384615,16.365384615384617,0.2692307692307692,0.019230769230769232,963.0,131.40384615384616
MDT,PHL,MDT → PHL,14,8.357142857142858,8.214285714285714,0.21428571428571427,0.0,84.0,24.071428571428573
MDT,PIE,MDT → PIE,57,13.807017543859649,13.508771929824562,0.21052631578947367,0.05263157894736842,912.0,119.96491228070175
MDT,SFB,MDT → SFB,158,29.259493670886076,30.430379746835442,0.34177215189873417,0.02531645569620253,827.0,114.36075949367088
MDT,SRQ,MDT → SRQ,46,8.391304347826088,11.021739130434783,0.17391304347826086,0.043478260869565216,942.0,126.21739130434783
MDW,ABE,MDW → ABE,5,0.0,0.0,0.0,0.2,646.0,68.0
MDW,ABQ,MDW → ABQ,189,9.634920634920634,7.809523809523809,0.1693121693121693,0.031746031746031744,1121.0,153.46560846560845
MDW,ALB,MDW → ALB,313,17.603833865814696,14.667731629392971,0.2523961661341853,0.04472843450479233,717.0,83.93290734824281
MDW,ATL,MDW → ATL,1558,13.50385109114249,12.100770218228497,0.16367137355584083,0.030166880616174584,591.0,82.23106546854942
MDW,AUS,MDW → AUS,641,11.767550702028082,10.421216848673946,0.1934477379095164,0.0421216848673947,972.0,129.15288611544463
MDW,AVL,MDW → AVL,29,20.0,19.689655172413794,0.3103448275862069,0.06896551724137931,521.0,64.27586206896552
MDW,BDL,MDW → BDL,307,18.192182410423452,15.074918566775244,0.2931596091205212,0.029315960912052116,776.771986970684,92.55700325732899
MDW,BHM,MDW → BHM,228,17.13157894736842,15.521929824561404,0.2807017543859649,0.03508771929824561,570.0,76.69736842105263
MDW,BNA,MDW → BNA,933,12.532690246516614,10.018220793140408,0.16613076098606644,0.04072883172561629,395.0,57.052518756698824
MDW,BOI,MDW → BOI,10,22.8,24.4,0.4,0.0,1448.0,197.0
MDW,BOS,MDW → BOS,574,18.998257839721255,16.033101045296167,0.24738675958188153,0.04878048780487805,861.0,101.71602787456446
MDW,BUF,MDW → BUF,408,16.899509803921568,14.122549019607844,0.23774509803921567,0.041666666666666664,468.0,61.14460784313726
MDW,BUR,MDW → BUR,108,10.324074074074074,8.407407407407407,0.16666666666666666,0.037037037037037035,1740.0,229.64814814814815
MDW,BWI,MDW → BWI,956,13.112970711297072,11.185146443514645,0.19351464435146443,0.043933054393305436,611.0,77.72280334728033
MDW,BZN,MDW → BZN,6,14.166666666666666,6.166666666666667,0.16666666666666666,0.0,1198.0,164.5
MDW,CHS,MDW → CHS,305,11.731147540983606,10.681967213114755,0.2098360655737705,0.05573770491803279,745.0,91.24590163934427
MDW,CLE,MDW → CLE,581,13.371772805507746,10.044750430292599,0.22719449225473323,0.043029259896729774,307.0,44.74526678141136
MDW,CLT,MDW → CLT,301,14.44186046511628,11.830564784053156,0.19601328903654486,0.046511627906976744,584.0,76.72425249169436
MDW,CMH,MDW → CMH,644,15.631987577639752,13.214285714285714,0.2204968944099379,0.027950310559006212,283.0,44.91770186335404
MDW,COS,MDW → COS,129,12.310077519379846,10.813953488372093,0.20155038759689922,0.0,917.0,130.06201550387595
MDW,CVG,MDW → CVG,482,13.139004149377593,10.365145228215768,0.1950207468879668,0.04564315352697095,249.0,40.738589211618255
MDW,DAL,MDW → DAL,1085,13.140092165898617,11.359447004608295,0.20460829493087557,0.055299539170506916,793.0,107.68294930875577
MDW,DCA,MDW → DCA,854,11.692037470725996,9.598360655737705,0.17798594847775176,0.05737704918032787,601.0,75.6288056206089
MDW,DEN,MDW → DEN,1381,14.307023895727733,12.477190441708906,0.20347574221578565,0.044170890658942794,895.0,124.02896451846487
MDW,DFW,MDW → DFW,51,31.274509803921568,35.3921568627451,0.43137254901960786,0.11764705882352941,797.0,102.03921568627452
MDW,DTW,MDW → DTW,953,13.200419727177335,11.916054564533054,0.17733473242392445,0.025183630640083946,228.0,39.00629590766002
MDW,ECP,MDW → ECP,44,12.636363636363637,11.909090909090908,0.20454545454545456,0.06818181818181818,795.0,97.68181818181819
MDW,EWR,MDW → EWR,177,26.54237288135593,24.864406779661017,0.3954802259887006,0.05649717514124294,711.0,88.58757062146893
MDW,FLL,MDW → FLL,658,12.448328267477203,10.537993920972644,0.19148936170212766,0.05015197568389058,1167.0,144.48784194528875
MDW,GEG,MDW → GEG,9,22.77777777777778,14.11111111111111,0.4444444444444444,0.0,1511.0,199.22222222222223
MDW,GRR,MDW → GRR,436,18.584862385321102,15.059633027522937,0.24541284403669725,0.04357798165137615,137.0,27.181192660550458
MDW,HOU,MDW → HOU,852,13.187793427230046,10.833333333333334,0.22065727699530516,0.04107981220657277,937.0,128.7887323943662
MDW,IAD,MDW → IAD,204,17.55392156862745,14.941176470588236,0.25,0.03431372549019608,577.0,74.92156862745098
MDW,IAH,MDW → IAH,186,16.419354838709676,11.419354838709678,0.22580645161290322,0.016129032258064516,917.0,128.3709677419355
MDW,IND,MDW → IND,60,11.633333333333333,8.05,0.25,0.03333333333333333,162.0,30.633333333333333
MDW,JAX,MDW → JAX,138,16.065217391304348,14.818840579710145,0.2608695652173913,0.014492753623188406,849.0,109.46376811594203
MDW,LAS,MDW → LAS,1343,15.31198808637379,13.06180193596426,0.2285927029039464,0.03723008190618019,1521.0,198.64408041697692
MDW,LAX,MDW → LAX,685,17.535766423357664,13.686131386861314,0.2364963503649635,0.016058394160583942,1750.0,231.32116788321167
MDW,LGA,MDW → LGA,907,14.960308710033075,13.449834619625138,0.22822491730981256,0.07717750826901874,725.0,88.21830209481809
MDW,LGB,MDW → LGB,113,11.831858407079647,11.672566371681416,0.24778761061946902,0.0,1741.0,235.18584070796462
MDW,MCI,MDW → MCI,983,10.77619532044761,9.010172939979654,0.17599186164801628,0.03560528992878942,405.0,61.76602238046795
MDW,MCO,MDW → MCO,1323,15.36432350718065,14.081632653061224,0.2252456538170824,0.044595616024187455,990.0,122.41345427059713
MDW,MEM,MDW → MEM,293,14.8839590443686,12.238907849829351,0.22866894197952217,0.034129692832764506,480.0,72.18088737201366
MDW,MHT,MDW → MHT,266,18.31578947368421,16.533834586466167,0.3157894736842105,0.03383458646616541,838.0,97.90601503759399
MDW,MIA,MDW → MIA,285,23.210526315789473,19.873684210526317,0.25263157894736843,0.03508771929824561,1182.0,147.2982456140351
MDW,MSP,MDW → MSP,1402,15.820256776034237,13.796718972895864,0.1847360912981455,0.04065620542082739,349.0,61.360912981455066
MDW,MSY,MDW → MSY,499,11.673346693386774,9.973947895791584,0.1903807615230461,0.052104208416833664,825.0,106.24048096192385
MDW,MYR,MDW → MYR,133,18.49624060150376,16.30827067669173,0.2781954887218045,0.007518796992481203,738.0,92.75187969924812
MDW,OAK,MDW → OAK,407,15.535626535626536,11.206388206388207,0.2334152334152334,0.044226044226044224,1844.0,236.76658476658477
MDW,OKC,MDW → OKC,195,19.487179487179485,17.194871794871794,0.28205128205128205,0.05128205128205128,691.0,95.42051282051283
MDW,OMA,MDW → OMA,612,16.065359477124183,13.898692810457517,0.2565359477124183,0.032679738562091505,423.0,63.66830065359477
MDW,ONT,MDW → ONT,156,16.57051282051282,15.147435897435898,0.27564102564102566,0.02564102564102564,1706.0,224.17948717948718
MDW,ORF,MDW → ORF,217,17.202764976958527,13.96774193548387,0.2903225806451613,0.041474654377880185,704.0,91.39170506912443
MDW,PBI,MDW → PBI,7,12.142857142857142,14.857142857142858,0.2857142857142857,0.0,1128.0,148.42857142857142
MDW,PDX,MDW → PDX,205,12.917073170731708,9.858536585365854,0.22439024390243903,0.05365853658536585,1751.0,224.6439024390244
MDW,PGD,MDW → PGD,22,54.18181818181818,57.86363636363637,0.45454545454545453,0.0,1076.0,141.3181818181818
MDW,PHL,MDW → PHL,635,17.23464566929134,14.218897637795276,0.23937007874015748,0.04409448818897638,668.0,83.68503937007874
MDW,PHX,MDW → PHX,1221,16.41850941850942,13.74938574938575,0.21457821457821458,0.03276003276003276,1444.0,191.9066339066339
MDW,PIT,MDW → PIT,583,14.492281303602057,11.914236706689536,0.22469982847341338,0.030874785591766724,402.0,55.102915951972555
MDW,PNS,MDW → PNS,15,23.8,21.8,0.26666666666666666,0.06666666666666667,781.0,95.73333333333333
MDW,PSP,MDW → PSP,2,17.5,30.5,1.0,0.0,1657.0,241.0
MDW,PVD,MDW → PVD,256,15.18359375,12.55859375,0.2265625,0.0234375,842.0,102.05078125
MDW,PVU,MDW → PVU,1,0.0,0.0,0.0,0.0,1254.0,171.0
MDW,PWM,MDW → PWM,43,18.837209302325583,18.488372093023255,0.37209302325581395,0.0,895.0,109.18604651162791
MDW,RDU,MDW → RDU,465,14.78494623655914,12.335483870967742,0.23655913978494625,0.034408602150537634,632.0,82.93333333333334
MDW,RIC,MDW → RIC,129,16.868217054263567,14.348837209302326,0.3023255813953488,0.015503875968992248,629.0,85.62790697674419
MDW,RNO,MDW → RNO,39,15.333333333333334,11.897435897435898,0.2564102564102564,0.0,1680.0,225.10256410256412
MDW,ROC,MDW → ROC,83,17.72289156626506,15.72289156626506,0.27710843373493976,0.07228915662650602,523.0,63.855421686746986
MDW,RSW,MDW → RSW,679,12.235640648011781,11.039764359351988,0.21502209131075112,0.042709867452135494,1105.0,136.29013254786452
MDW,SAN,MDW → SAN,504,14.990079365079366,12.81547619047619,0.2222222222222222,0.02976190476190476,1728.0,226.22420634920636
MDW,SAT,MDW → SAT,286,16.367132867132867,14.062937062937063,0.2097902097902098,0.06293706293706294,1036.0,134.06293706293707
MDW,SAV,MDW → SAV,110,31.045454545454547,31.654545454545456,0.35454545454545455,0.00909090909090909,758.0,98.6
MDW,SDF,MDW → SDF,461,12.995661605206074,10.626898047722342,0.19088937093275488,0.03036876355748373,271.0,44.90889370932755
MDW,SEA,MDW → SEA,311,15.22508038585209,11.061093247588424,0.22508038585209003,0.04823151125401929,1733.0,228.56591639871382
MDW,SFO,MDW → SFO,171,21.970760233918128,20.19298245614035,0.30409356725146197,0.04678362573099415,1855.0,241.54970760233917
MDW,SJC,MDW → SJC,221,12.393665158371041,11.099547511312217,0.19004524886877827,0.03619909502262444,1838.0,240.66968325791856
MDW,SJU,MDW → SJU,64,14.65625,11.984375,0.1875,0.0,2057.0,255.125
MDW,SLC,MDW → SLC,353,17.246458923512748,14.223796033994335,0.23796033994334279,0.053824362606232294,1259.0,171.54390934844193
MDW,SMF,MDW → SMF,189,15.08994708994709,11.835978835978835,0.24867724867724866,0.026455026455026454,1790.0,233.71428571428572
MDW,SNA,MDW → SNA,77,13.857142857142858,13.74025974025974,0.2597402597402597,0.0,1731.0,233.85714285714286
MDW,SRQ,MDW → SRQ,154,13.779220779220779,12.227272727272727,0.24025974025974026,0.025974025974025976,1035.0,131.35714285714286
MDW,STL,MDW → STL,898,12.962138084632517,9.94097995545657,0.1870824053452116,0.05011135857461024,251.0,42.5902004454343
MDW,TPA,MDW → TPA,883,13.020385050962627,12.20498301245753,0.21857304643261607,0.04303510758776897,997.0,123.74178935447338
MDW,TTN,MDW → TTN,4,16.0,5.75,0.25,0.0,683.0,91.5
MDW,TUL,MDW → TUL,89,18.707865168539325,14.820224719101123,0.23595505617977527,0.0449438202247191,583.0,81.49438202247191
MDW,TUS,MDW → TUS,123,8.886178861788618,6.048780487804878,0.14634146341463414,0.04065040650406504,1440.0,191.2439024390244
MDW,TYS,MDW → TYS,38,26.94736842105263,28.894736842105264,0.2894736842105263,0.05263157894736842,459.0,60.421052631578945
MDW,VPS,MDW → VPS,51,10.96078431372549,16.313725490196077,0.37254901960784315,0.0,782.0,103.01960784313725
MEI,DFW,MEI → DFW,54,19.425925925925927,20.314814814814813,0.2037037037037037,0.037037037037037035,485.0,79.29629629629629
MEI,IAH,MEI → IAH,168,12.607142857142858,12.327380952380953,0.125,0.023809523809523808,422.0,70.10714285714286
MEI,ORD,MEI → ORD,51,20.137254901960784,19.333333333333332,0.19607843137254902,0.09803921568627451,667.0,101.37254901960785
MEI,PIB,MEI → PIB,71,13.253521126760564,14.577464788732394,0.2112676056338028,0.028169014084507043,69.0,18.732394366197184
MEM,ATL,MEM → ATL,1500,9.721333333333334,9.204,0.11933333333333333,0.018666666666666668,332.0,50.112
MEM,AUS,MEM → AUS,43,5.162790697674419,8.046511627906977,0.13953488372093023,0.0,559.0,90.16279069767442
MEM,AZA,MEM → AZA,11,12.272727272727273,17.90909090909091,0.45454545454545453,0.0,1245.0,171.36363636363637
MEM,BOS,MEM → BOS,55,16.345454545454544,15.454545454545455,0.2,0.01818181818181818,1139.0,145.83636363636364
MEM,BWI,MEM → BWI,79,15.443037974683545,13.0,0.12658227848101267,0.02531645569620253,787.0,97.16455696202532
MEM,CLT,MEM → CLT,909,14.667766776677668,14.936193619361935,0.13091309130913092,0.027502750275027504,511.0,72.76787678767877
MEM,DAL,MEM → DAL,263,10.638783269961976,10.5893536121673,0.18631178707224336,0.022813688212927757,423.0,65.82889733840304
MEM,DCA,MEM → DCA,442,12.138009049773755,13.882352941176471,0.1583710407239819,0.033936651583710405,762.0,98.32805429864253
MEM,DEN,MEM → DEN,591,11.558375634517766,13.248730964467006,0.18781725888324874,0.023688663282571912,872.0,127.21150592216583
MEM,DFW,MEM → DFW,1173,18.35464620630861,19.469735720375105,0.24296675191815856,0.0443307757885763,431.0,67.7621483375959
MEM,DSM,MEM → DSM,2,0.0,0.0,0.0,1.0,490.0,0.0
MEM,DTW,MEM → DTW,355,11.028169014084508,10.588732394366197,0.1295774647887324,0.008450704225352112,610.0,83.5661971830986
MEM,EWR,MEM → EWR,187,15.16042780748663,16.941176470588236,0.21390374331550802,0.0748663101604278,946.0,115.524064171123
MEM,FLL,MEM → FLL,68,44.4264705882353,44.294117647058826,0.45588235294117646,0.029411764705882353,851.0,109.6029411764706
MEM,HOU,MEM → HOU,191,6.486910994764398,6.4136125654450264,0.1099476439790576,0.05759162303664921,484.0,74.42408376963351
MEM,IAH,MEM → IAH,477,14.224318658280922,15.815513626834381,0.16561844863731656,0.023060796645702306,468.0,79.41299790356395
MEM,IND,MEM → IND,1,0.0,0.0,0.0,0.0,381.0,53.0
MEM,LAS,MEM → LAS,158,28.18354430379747,28.037974683544302,0.43670886075949367,0.006329113924050633,1416.0,193.0632911392405
MEM,LAX,MEM → LAX,189,14.291005291005291,14.465608465608465,0.21693121693121692,0.015873015873015872,1619.0,214.86772486772486
MEM,LGA,MEM → LGA,422,15.601895734597157,17.25829383886256,0.2037914691943128,0.04265402843601896,963.0,125.59004739336493
MEM,MCO,MEM → MCO,278,14.158273381294965,14.557553956834532,0.2446043165467626,0.04316546762589928,684.0,89.32014388489209
MEM,MDW,MEM → MDW,335,10.149253731343284,8.740298507462686,0.14029850746268657,0.050746268656716415,480.0,69.88059701492537
MEM,MIA,MEM → MIA,224,10.066964285714286,10.348214285714286,0.125,0.017857142857142856,859.0,113.00446428571429
MEM,MSP,MEM → MSP,416,5.896634615384615,5.790865384615385,0.0889423076923077,0.007211538461538462,700.0,103.70432692307692
MEM,ORD,MEM → ORD,733,18.448840381991815,19.25511596180082,0.20463847203274216,0.03274215552523874,491.0,80.13506139154161
MEM,PGD,MEM → PGD,11,7.0,8.363636363636363,0.09090909090909091,0.18181818181818182,733.0,76.54545454545455
MEM,PHL,MEM → PHL,203,16.211822660098523,15.369458128078819,0.09852216748768473,0.019704433497536946,875.0,114.21674876847291
MEM,PHX,MEM → PHX,275,18.29090909090909,17.68,0.12727272727272726,0.02181818181818182,1264.0,177.81454545454545
MEM,PIE,MEM → PIE,46,17.717391304347824,23.58695652173913,0.2608695652173913,0.043478260869565216,653.0,82.78260869565217
MEM,PIT,MEM → PIT,1,0.0,0.0,0.0,1.0,652.0,0.0
MEM,SFB,MEM → SFB,42,28.80952380952381,30.19047619047619,0.35714285714285715,0.047619047619047616,671.0,85.64285714285714
MEM,SLC,MEM → SLC,125,7.104,6.568,0.088,0.032,1262.0,171.144
MEM,TPA,MEM → TPA,92,15.58695652173913,14.456521739130435,0.15217391304347827,0.05434782608695652,655.0,82.72826086956522
MEM,VPS,MEM → VPS,23,83.26086956521739,82.91304347826087,0.2608695652173913,0.043478260869565216,373.0,54.52173913043478
MFE,AZA,MFE → AZA,5,0.0,6.0,0.2,0.0,943.0,134.8
MFE,BNA,MFE → BNA,7,32.714285714285715,31.0,0.42857142857142855,0.14285714285714285,967.0,106.85714285714286
MFE,DFW,MFE → DFW,977,12.910951893551688,14.175025588536336,0.16786079836233367,0.04708290685772774,469.0,69.66223132036848
MFE,IAH,MFE → IAH,667,11.874062968515743,13.145427286356822,0.14842578710644677,0.026986506746626688,316.0,52.1904047976012
MFE,LAS,MFE → LAS,131,14.50381679389313,14.526717557251908,0.16030534351145037,0.061068702290076333,1210.0,153.9770992366412
MFE,LAX,MFE → LAX,14,15.142857142857142,15.214285714285714,0.42857142857142855,0.0,1318.0,171.35714285714286
MFE,SFB,MFE → SFB,38,30.473684210526315,29.842105263157894,0.3157894736842105,0.05263157894736842,1059.0,130.07894736842104
MFR,AZA,MFR → AZA,16,53.5625,54.4375,0.4375,0.0,875.0,117.625
MFR,DEN,MFR → DEN,351,15.666666666666666,16.56980056980057,0.1737891737891738,0.011396011396011397,964.0,123.70655270655271
MFR,LAS,MFR → LAS,75,21.92,23.573333333333334,0.30666666666666664,0.04,600.0,81.65333333333334
MFR,LAX,MFR → LAX,324,15.462962962962964,15.462962962962964,0.1697530864197531,0.018518518518518517,630.0,91.4320987654321
MFR,PDX,MFR → PDX,107,6.074766355140187,6.934579439252336,0.07476635514018691,0.009345794392523364,222.0,44.03738317757009
MFR,PHX,MFR → PHX,278,19.62589928057554,20.323741007194243,0.1079136690647482,0.0035971223021582736,854.0,113.5863309352518
MFR,SAN,MFR → SAN,8,35.0,45.75,0.75,0.0,734.0,101.875
MFR,SEA,MFR → SEA,747,6.736278447121821,6.208835341365462,0.08165997322623829,0.018741633199464525,352.0,61.61311914323962
MFR,SFO,MFR → SFO,482,23.172199170124482,22.57883817427386,0.17427385892116182,0.03941908713692946,329.0,56.690871369294605
MFR,SLC,MFR → SLC,295,10.647457627118644,10.613559322033899,0.10847457627118644,0.01694915254237288,575.0,80.88813559322034
MFR,SNA,MFR → SNA,23,7.391304347826087,10.347826086956522,0.13043478260869565,0.0,659.0,96.56521739130434
MGM,ATL,MGM → ATL,739,13.86874154262517,12.400541271989175,0.14343707713125844,0.0027063599458728013,147.0,31.277401894451963
MGM,CLT,MGM → CLT,67,14.537313432835822,14.208955223880597,0.19402985074626866,0.04477611940298507,372.0,56.67164179104478
MGM,DCA,MGM → DCA,131,14.435114503816793,14.854961832061068,0.19083969465648856,0.030534351145038167,693.0,94.49618320610686
MGM,DFW,MGM → DFW,406,15.9064039408867,17.26847290640394,0.20689655172413793,0.034482758620689655,622.0,97.13793103448276
MGM,PHL,MGM → PHL,1,0.0,3.0,0.0,0.0,813.0,110.0
MHK,DFW,MHK → DFW,413,11.016949152542374,11.704600484261501,0.13801452784503632,0.05569007263922518,431.0,65.64891041162228
MHK,ORD,MHK → ORD,260,17.25,17.9,0.17307692307692307,0.03076923076923077,501.0,72.1576923076923
MHT,ATL,MHT → ATL,23,1.2608695652173914,1.4782608695652173,0.043478260869565216,0.043478260869565216,952.0,138.2608695652174
MHT,BWI,MHT → BWI,737,6.260515603799186,5.447761194029851,0.09497964721845319,0.0407055630936228,377.0,67.67571234735414
MHT,CLT,MHT → CLT,493,9.058823529411764,8.823529411764707,0.10344827586206896,0.02028397565922921,737.0,118.21095334685599
MHT,DCA,MHT → DCA,431,19.322505800464036,20.709976798143853,0.21345707656612528,0.03248259860788863,406.0,78.88399071925754
MHT,DTW,MHT → DTW,32,3.25,3.96875,0.09375,0.0625,610.0,94.03125
MHT,EWR,MHT → EWR,104,11.557692307692308,15.903846153846153,0.20192307692307693,0.057692307692307696,209.0,52.04807692307692
MHT,FLL,MHT → FLL,42,2.3095238095238093,5.190476190476191,0.16666666666666666,0.07142857142857142,1262.0,166.0
MHT,IAD,MHT → IAD,40,7.3,6.575,0.075,0.05,418.0,75.15
MHT,LGA,MHT → LGA,42,3.6666666666666665,4.261904761904762,0.07142857142857142,0.047619047619047616,195.0,44.95238095238095
MHT,MCO,MHT → MCO,346,11.265895953757225,13.16184971098266,0.23121387283236994,0.04335260115606936,1142.0,162.26300578034682
MHT,MDW,MHT → MDW,257,9.66147859922179,8.879377431906615,0.14007782101167315,0.038910505836575876,838.0,120.81322957198444
MHT,MYR,MHT → MYR,27,2.4814814814814814,2.888888888888889,0.07407407407407407,0.037037037037037035,756.0,108.03703703703704
MHT,ORD,MHT → ORD,194,9.443298969072165,11.06701030927835,0.15463917525773196,0.020618556701030927,843.0,125.5618556701031
MHT,PHL,MHT → PHL,138,5.478260869565218,7.456521739130435,0.11594202898550725,0.028985507246376812,289.0,67.65217391304348
MHT,RSW,MHT → RSW,23,32.56521739130435,33.869565217391305,0.391304347826087,0.043478260869565216,1271.0,179.56521739130434
MHT,TPA,MHT → TPA,93,10.548387096774194,12.10752688172043,0.22580645161290322,0.043010752688172046,1204.0,173.27956989247312
MIA,ACY,MIA → ACY,33,23.818181818181817,23.696969696969695,0.3333333333333333,0.06060606060606061,998.0,123.3030303030303
MIA,AGS,MIA → AGS,1,6.0,0.0,0.0,0.0,531.0,79.0
MIA,ALB,MIA → ALB,6,0.0,3.8333333333333335,0.0,0.0,1225.0,165.33333333333334
MIA,ATL,MIA → ATL,2938,12.900953029271614,13.160653505786248,0.18447923757658272,0.01259360108917631,594.0,86.40605854322669
MIA,AUS,MIA → AUS,699,13.423462088698141,14.562231759656653,0.23891273247496422,0.027181688125894134,1103.0,152.3719599427754
MIA,AVL,MIA → AVL,19,5.526315789473684,9.0,0.21052631578947367,0.05263157894736842,677.0,93.3157894736842
MIA,BDL,MIA → BDL,293,17.109215017064848,16.378839590443686,0.2593856655290102,0.020477815699658702,1194.0,151.74402730375428
MIA,BGR,MIA → BGR,1,0.0,6.0,0.0,0.0,1459.0,210.0
MIA,BHM,MIA → BHM,279,7.211469534050179,9.397849462365592,0.17562724014336917,0.017921146953405017,661.0,96.87813620071685
MIA,BNA,MIA → BNA,651,15.788018433179724,15.87711213517665,0.23655913978494625,0.018433179723502304,806.0,112.19815668202764
MIA,BOS,MIA → BOS,1383,17.001446131597977,16.496023138105567,0.2306579898770788,0.022415039768618944,1258.0,160.77440347071584
MIA,BTV,MIA → BTV,3,22.0,23.0,0.6666666666666666,0.0,1348.0,165.66666666666666
MIA,BUF,MIA → BUF,10,13.2,15.7,0.4,0.0,1185.0,151.9
MIA,BWI,MIA → BWI,808,18.800742574257427,17.89851485148515,0.2524752475247525,0.02103960396039604,946.0,124.05321782178218
MIA,CAE,MIA → CAE,27,7.185185185185185,10.037037037037036,0.25925925925925924,0.1111111111111111,563.0,75.48148148148148
MIA,CHA,MIA → CHA,2,14.5,85.5,1.0,0.0,701.0,100.5
MIA,CHS,MIA → CHS,365,7.676712328767123,8.391780821917807,0.14520547945205478,0.0136986301369863,489.0,76.64931506849315
MIA,CLE,MIA → CLE,358,13.779329608938548,14.575418994413408,0.2206703910614525,0.019553072625698324,1080.0,142.7094972067039
MIA,CLT,MIA → CLT,1316,15.200607902735563,15.129179331306991,0.1884498480243161,0.017477203647416412,650.0,94.1436170212766
MIA,CMH,MIA → CMH,361,9.836565096952908,11.409972299168976,0.18282548476454294,0.013850415512465374,990.0,136.3601108033241
MIA,CVG,MIA → CVG,417,14.141486810551559,16.52517985611511,0.2158273381294964,0.016786570743405275,948.0,132.8872901678657
MIA,DAL,MIA → DAL,153,21.673202614379086,22.594771241830067,0.35294117647058826,0.013071895424836602,1109.0,156.2941176470588
MIA,DAY,MIA → DAY,1,0.0,0.0,0.0,0.0,998.0,142.0
MIA,DCA,MIA → DCA,1316,16.706686930091184,16.51671732522796,0.21048632218844984,0.03267477203647416,919.0,121.01975683890578
MIA,DEN,MIA → DEN,884,19.467194570135746,20.34049773755656,0.26244343891402716,0.01583710407239819,1709.0,228.9920814479638
MIA,DFW,MIA → DFW,1694,18.301062573789846,18.93034238488784,0.23671782762691854,0.02066115702479339,1121.0,155.86481700118063
MIA,DSM,MIA → DSM,22,19.59090909090909,20.272727272727273,0.3181818181818182,0.045454545454545456,1327.0,175.95454545454547
MIA,DTW,MIA → DTW,658,17.858662613981764,17.66869300911854,0.256838905775076,0.028875379939209727,1145.0,147.9969604863222
MIA,EGE,MIA → EGE,60,21.616666666666667,23.3,0.21666666666666667,0.03333333333333333,1810.0,250.56666666666666
MIA,EWR,MIA → EWR,1827,19.77230432402846,21.002189381499726,0.26710454296661196,0.031746031746031744,1085.0,143.66338259441707
MIA,EYW,MIA → EYW,598,4.080267558528428,5.3996655518394645,0.11371237458193979,0.013377926421404682,125.93645484949833,30.648829431438127
MIA,GNV,MIA → GNV,173,10.473988439306359,11.890173410404625,0.20809248554913296,0.046242774566473986,294.0,47.80346820809248
MIA,GRR,MIA → GRR,52,13.307692307692308,14.557692307692308,0.23076923076923078,0.019230769230769232,1214.0,164.09615384615384
MIA,GSO,MIA → GSO,196,13.26530612244898,14.704081632653061,0.20918367346938777,0.01020408163265306,710.0,104.61224489795919
MIA,GSP,MIA → GSP,168,6.375,8.071428571428571,0.1488095238095238,0.041666666666666664,637.0,90.54761904761905
MIA,HOU,MIA → HOU,318,12.839622641509434,12.427672955974844,0.22012578616352202,0.0220125786163522,955.0,138.90251572327045
MIA,HPN,MIA → HPN,10,28.0,36.1,0.4,0.0,1118.0,157.5
MIA,HSV,MIA → HSV,1,681.0,677.0,1.0,0.0,722.0,96.0
MIA,IAD,MIA → IAD,196,10.78061224489796,11.362244897959183,0.08163265306122448,0.030612244897959183,921.0,121.59183673469387
MIA,IAH,MIA → IAH,1373,14.911143481427532,16.305899490167516,0.23088128186453022,0.02403495994173343,964.0,137.98761835396942
MIA,IND,MIA → IND,378,13.457671957671957,14.67989417989418,0.21957671957671956,0.0291005291005291,1020.0,137.74603174603175
MIA,ISP,MIA → ISP,15,52.06666666666667,46.733333333333334,0.4666666666666667,0.0,1113.0,149.2
MIA,JAC,MIA → JAC,4,40.75,50.25,0.5,0.0,2105.0,306.75
MIA,JAN,MIA → JAN,1,0.0,0.0,0.0,0.0,742.0,109.0
MIA,JAX,MIA → JAX,704,11.542613636363637,13.240056818181818,0.1875,0.02556818181818182,335.0,53.30823863636363
MIA,JFK,MIA → JFK,2219,24.342045966651646,24.177557458314556,0.2501126633618747,0.027039206849932402,1089.0,139.2100045065345
MIA,LAS,MIA → LAS,569,19.847100175746924,20.78207381370826,0.2478031634446397,0.0210896309314587,2174.0,282.8822495606327
MIA,LAX,MIA → LAX,1211,20.392237819983485,21.114781172584642,0.28075970272502065,0.012386457473162676,2342.0,299.074318744839
MIA,LEX,MIA → LEX,2,0.0,0.0,0.0,0.0,880.0,125.0
MIA,LGA,MIA → LGA,2269,16.24504186866461,16.389598942265316,0.23490524460114587,0.03393565447333627,1096.0,142.0564125165271
MIA,LIT,MIA → LIT,18,23.61111111111111,18.833333333333332,0.2222222222222222,0.0,941.0,135.66666666666666
MIA,MCI,MIA → MCI,247,7.497975708502024,8.979757085020243,0.21862348178137653,0.020242914979757085,1251.0,170.43724696356276
MIA,MCO,MIA → MCO,1348,14.497032640949556,14.89540059347181,0.20474777448071216,0.022997032640949554,192.0,36.56231454005935
MIA,MDW,MIA → MDW,276,14.91304347826087,13.923913043478262,0.2210144927536232,0.050724637681159424,1182.0,153.03985507246378
MIA,MEM,MIA → MEM,228,14.280701754385966,15.421052631578947,0.18859649122807018,0.021929824561403508,859.0,124.94736842105263
MIA,MKE,MIA → MKE,30,5.0,2.6,0.03333333333333333,0.03333333333333333,1258.0,168.13333333333333
MIA,MSN,MIA → MSN,6,17.666666666666668,10.333333333333334,0.5,0.0,1300.0,183.16666666666666
MIA,MSP,MIA → MSP,535,14.394392523364486,15.777570093457944,0.19626168224299065,0.020560747663551402,1501.0,200.35140186915888
MIA,MSY,MIA → MSY,652,13.429447852760736,14.828220858895705,0.23006134969325154,0.03067484662576687,675.0,97.79294478527608
MIA,MYR,MIA → MYR,14,15.0,13.428571428571429,0.35714285714285715,0.0,549.0,83.5
MIA,OKC,MIA → OKC,71,21.535211267605632,21.492957746478872,0.2112676056338028,0.08450704225352113,1222.0,158.64788732394365
MIA,OMA,MIA → OMA,42,3.0714285714285716,6.928571428571429,0.16666666666666666,0.023809523809523808,1393.0,194.02380952380952
MIA,ORD,MIA → ORD,1768,17.881787330316744,17.06447963800905,0.19513574660633484,0.02771493212669683,1197.0,161.54694570135746
MIA,ORF,MIA → ORF,345,10.779710144927536,10.559420289855073,0.17101449275362318,0.017391304347826087,802.0,111.77101449275362
MIA,PHL,MIA → PHL,1205,18.978423236514523,18.740248962655603,0.23402489626556017,0.018257261410788383,1013.0,134.3161825726141
MIA,PHX,MIA → PHX,561,16.003565062388592,15.38680926916221,0.19073083778966132,0.023172905525846704,1972.0,258.7486631016043
MIA,PIT,MIA → PIT,382,13.19109947643979,14.222513089005236,0.193717277486911,0.015706806282722512,1013.0,134.92670157068062
MIA,PNS,MIA → PNS,433,7.122401847575058,8.418013856812934,0.17551963048498845,0.011547344110854504,530.0,84.21939953810623
MIA,PVD,MIA → PVD,18,52.611111111111114,52.44444444444444,0.2222222222222222,0.0,1209.0,156.16666666666666
MIA,PWM,MIA → PWM,10,3.8,5.3,0.1,0.0,1353.0,172.4
MIA,RDU,MIA → RDU,795,12.6,13.638993710691825,0.21509433962264152,0.02389937106918239,700.0,99.4062893081761
MIA,RIC,MIA → RIC,223,10.72645739910314,11.01793721973094,0.19282511210762332,0.026905829596412557,825.0,111.51121076233184
MIA,ROC,MIA → ROC,19,12.473684210526315,9.789473684210526,0.15789473684210525,0.0,1203.0,156.89473684210526
MIA,RSW,MIA → RSW,18,1.8333333333333333,6.166666666666667,0.1111111111111111,0.0,104.0,28.27777777777778
MIA,SAN,MIA → SAN,157,32.22292993630573,32.859872611464965,0.29936305732484075,0.012738853503184714,2267.0,295.56050955414014
MIA,SAT,MIA → SAT,196,29.755102040816325,29.158163265306122,0.2193877551020408,0.04081632653061224,1143.0,155.0612244897959
MIA,SAV,MIA → SAV,249,12.385542168674698,13.975903614457831,0.18473895582329317,0.020080321285140562,440.0,66.65060240963855
MIA,SDF,MIA → SDF,243,18.662551440329217,20.46090534979424,0.2139917695473251,0.01646090534979424,910.0,127.64609053497942
MIA,SEA,MIA → SEA,203,19.399014778325125,18.74384236453202,0.2561576354679803,0.014778325123152709,2724.0,352.41871921182263
MIA,SFO,MIA → SFO,480,19.34375,20.039583333333333,0.275,0.020833333333333332,2585.0,335.34583333333336
MIA,SJC,MIA → SJC,2,0.0,0.0,0.0,0.0,2559.0,332.5
MIA,SJU,MIA → SJU,1066,18.346153846153847,17.577861163227016,0.21951219512195122,0.012195121951219513,1045.0,125.12851782363977
MIA,SLC,MIA → SLC,119,10.823529411764707,9.252100840336135,0.12605042016806722,0.01680672268907563,2088.0,275.672268907563
MIA,STL,MIA → STL,369,12.7289972899729,12.745257452574526,0.2140921409214092,0.02981029810298103,1068.0,142.91327913279133
MIA,STT,MIA → STT,438,9.573059360730594,9.655251141552512,0.1552511415525114,0.01141552511415525,1107.0,133.61872146118722
MIA,STX,MIA → STX,311,13.906752411575562,14.588424437299036,0.21864951768488747,0.012861736334405145,1139.0,136.19292604501607
MIA,SWF,MIA → SWF,5,17.4,30.0,0.6,0.0,1139.0,158.2
MIA,SYR,MIA → SYR,7,5.0,15.142857142857142,0.5714285714285714,0.0,1217.0,165.57142857142858
MIA,TLH,MIA → TLH,482,7.504149377593361,8.346473029045644,0.10995850622406639,0.02074688796680498,402.0,62.92946058091286
MIA,TPA,MIA → TPA,969,11.799793601651187,12.076367389060888,0.20536635706914344,0.02786377708978328,204.0,38.771929824561404
MIA,TTN,MIA → TTN,8,0.0,0.5,0.0,0.0,1047.0,143.75
MIA,TUL,MIA → TUL,16,72.625,72.625,0.1875,0.0,1168.0,166.3125
MIA,TYS,MIA → TYS,174,7.580459770114943,9.17816091954023,0.16091954022988506,0.028735632183908046,724.0,100.39655172413794
MIA,XNA,MIA → XNA,80,14.0125,13.55,0.125,0.025,1099.0,155.275
MKE,ATL,MKE → ATL,1086,6.452117863720074,6.351749539594843,0.09576427255985268,0.016574585635359115,669.0,91.94290976058932
MKE,AZA,MKE → AZA,2,6.0,6.5,0.0,0.0,1448.0,217.0
MKE,BNA,MKE → BNA,352,7.5710227272727275,6.982954545454546,0.13068181818181818,0.022727272727272728,475.0,67.60227272727273
MKE,BOS,MKE → BOS,321,14.264797507788161,14.663551401869158,0.19626168224299065,0.01557632398753894,860.0,107.1246105919003
MKE,BWI,MKE → BWI,362,6.143646408839779,5.6464088397790055,0.12154696132596685,0.04419889502762431,641.0,82.89502762430939
MKE,CLE,MKE → CLE,69,5.057971014492754,3.8550724637681157,0.057971014492753624,0.043478260869565216,328.0,46.27536231884058
MKE,CLT,MKE → CLT,585,10.625641025641025,9.965811965811966,0.13162393162393163,0.037606837606837605,651.0,92.0051282051282
MKE,DAL,MKE → DAL,157,7.050955414012739,8.382165605095542,0.17834394904458598,0.012738853503184714,850.0,124.31210191082802
MKE,DCA,MKE → DCA,243,10.168724279835391,10.617283950617283,0.16872427983539096,0.02880658436213992,634.0,83.65020576131687
MKE,DEN,MKE → DEN,1013,11.853899308983218,12.395853899308984,0.18163869693978282,0.02566633761105627,896.0,128.84402764067127
MKE,DFW,MKE → DFW,491,17.158859470468432,18.780040733197556,0.1934826883910387,0.028513238289205704,853.0,122.85336048879837
MKE,DTW,MKE → DTW,686,11.51457725947522,11.51603498542274,0.10641399416909621,0.011661807580174927,237.0,41.660349854227405
MKE,EWR,MKE → EWR,324,18.00925925925926,19.98148148148148,0.2191358024691358,0.06790123456790123,725.0,97.58024691358025
MKE,FLL,MKE → FLL,107,8.719626168224298,10.63551401869159,0.17757009345794392,0.037383177570093455,1243.0,157.93457943925233
MKE,HOU,MKE → HOU,92,1.923913043478261,3.239130434782609,0.06521739130434782,0.021739130434782608,1004.0,140.52173913043478
MKE,IAH,MKE → IAH,269,9.260223048327138,11.349442379182156,0.15985130111524162,0.011152416356877323,984.0,146.20817843866172
MKE,JFK,MKE → JFK,91,17.582417582417584,20.054945054945055,0.23076923076923078,0.01098901098901099,745.0,108.94505494505495
MKE,LAS,MKE → LAS,593,11.020236087689714,10.659359190556492,0.17200674536256325,0.021922428330522766,1524.0,202.00505902192242
MKE,LAX,MKE → LAX,79,10.379746835443038,11.20253164556962,0.24050632911392406,0.06329113924050633,1756.0,224.83544303797467
MKE,LGA,MKE → LGA,545,15.96880733944954,18.05137614678899,0.2036697247706422,0.04954128440366973,738.0,98.20183486238533
MKE,MCI,MKE → MCI,66,9.469696969696969,7.636363636363637,0.15151515151515152,0.015151515151515152,436.0,67.48484848484848
MKE,MCO,MKE → MCO,683,11.437774524158126,11.9502196193265,0.16691068814055637,0.03074670571010249,1066.0,133.5827232796486
MKE,MIA,MKE → MIA,27,3.3703703703703702,12.62962962962963,0.25925925925925924,0.0,1258.0,171.59259259259258
MKE,MSP,MKE → MSP,763,11.55307994757536,11.908256880733944,0.127129750982962,0.019659239842726082,297.0,52.23066841415465
MKE,ORD,MKE → ORD,767,16.08865710560626,16.977835723598435,0.1760104302477184,0.04954367666232073,67.0,24.765319426336376
MKE,PGD,MKE → PGD,3,3.6666666666666665,2.0,0.0,0.0,1154.0,138.0
MKE,PHL,MKE → PHL,195,14.235897435897435,14.605128205128205,0.15897435897435896,0.020512820512820513,690.0,91.95384615384616
MKE,PHX,MKE → PHX,640,9.8203125,9.578125,0.125,0.0328125,1460.0,195.4984375
MKE,PIE,MKE → PIE,3,2.6666666666666665,2.6666666666666665,0.0,0.0,1077.0,138.33333333333334
MKE,RDU,MKE → RDU,4,0.0,0.0,0.0,0.0,689.0,96.5
MKE,RSW,MKE → RSW,283,5.763250883392226,8.102473498233216,0.1625441696113074,0.0176678445229682,1183.0,150.44169611307422
MKE,SAN,MKE → SAN,6,7.333333333333333,13.666666666666666,0.3333333333333333,0.0,1739.0,250.83333333333334
MKE,SEA,MKE → SEA,246,8.252032520325203,8.016260162601625,0.14634146341463414,0.024390243902439025,1694.0,232.34146341463415
MKE,SFB,MKE → SFB,8,12.875,15.625,0.125,0.0,1045.0,139.25
MKE,SFO,MKE → SFO,3,0.3333333333333333,6.333333333333333,0.3333333333333333,0.0,1845.0,243.66666666666666
MKE,SLC,MKE → SLC,83,4.301204819277109,5.240963855421687,0.10843373493975904,0.0,1247.0,182.710843373494
MKE,SRQ,MKE → SRQ,9,5.333333333333333,2.3333333333333335,0.0,0.0,1113.0,144.11111111111111
MKE,STL,MKE → STL,243,9.975308641975309,8.48559670781893,0.16872427983539096,0.012345679012345678,317.0,54.148148148148145
MKE,TPA,MKE → TPA,306,12.895424836601308,11.202614379084967,0.17320261437908496,0.042483660130718956,1075.0,133.47712418300654
MKE,VPS,MKE → VPS,2,0.0,5.5,0.0,0.0,863.0,112.0
MKG,MBS,MKG → MBS,7,56.0,54.857142857142854,0.14285714285714285,0.0,111.0,26.0
MKG,ORD,MKG → ORD,279,17.795698924731184,17.379928315412187,0.14695340501792115,0.035842293906810034,118.95340501792114,28.247311827956988
MLB,ATL,MLB → ATL,593,9.234401349072513,9.57504215851602,0.10792580101180438,0.025295109612141653,442.0,67.54300168634065
MLB,BNA,MLB → BNA,16,11.6875,15.375,0.25,0.0,656.0,99.0
MLB,CLT,MLB → CLT,495,9.408080808080808,9.246464646464647,0.12323232323232323,0.026262626262626262,490.0,77.64040404040404
MLB,DCA,MLB → DCA,6,15.833333333333334,21.333333333333332,0.3333333333333333,0.0,769.0,115.0
MLB,DFW,MLB → DFW,1,0.0,0.0,0.0,0.0,1031.0,157.0
MLB,PHL,MLB → PHL,16,5.8125,4.25,0.0625,0.0,868.0,120.0625
MLB,PIT,MLB → PIT,13,8.538461538461538,7.923076923076923,0.23076923076923078,0.07692307692307693,854.0,107.46153846153847
MLB,USA,MLB → USA,6,19.0,26.5,0.5,0.0,502.0,80.0
MLI,ATL,MLI → ATL,382,12.523560209424083,13.929319371727749,0.14397905759162305,0.015706806282722512,633.0,87.90837696335079
MLI,AZA,MLI → AZA,32,14.21875,13.25,0.21875,0.0625,1288.0,166.5625
MLI,DEN,MLI → DEN,162,13.82716049382716,15.574074074074074,0.21604938271604937,0.04938271604938271,752.0,112.29629629629629
MLI,DFW,MLI → DFW,318,11.635220125786164,11.446540880503145,0.14150943396226415,0.0440251572327044,691.0,99.69496855345912
MLI,DTW,MLI → DTW,82,8.987804878048781,9.414634146341463,0.10975609756097561,0.012195121951219513,373.0,63.451219512195124
MLI,LAS,MLI → LAS,41,9.707317073170731,13.121951219512194,0.21951219512195122,0.04878048780487805,1376.0,180.4390243902439
MLI,MSP,MLI → MSP,122,10.5,10.885245901639344,0.12295081967213115,0.01639344262295082,274.0,53.72950819672131
MLI,ORD,MLI → ORD,597,8.366834170854272,9.26465661641541,0.12227805695142378,0.04020100502512563,139.0,32.05695142378559
MLI,PGD,MLI → PGD,31,12.32258064516129,13.612903225806452,0.1935483870967742,0.0,1113.0,142.4516129032258
MLI,PIE,MLI → PIE,42,18.523809523809526,21.142857142857142,0.23809523809523808,0.07142857142857142,1033.0,119.30952380952381
MLI,SFB,MLI → SFB,44,21.65909090909091,23.59090909090909,0.25,0.06818181818181818,1018.0,122.93181818181819
MLU,ATL,MLU → ATL,505,12.740594059405941,12.992079207920792,0.1306930693069307,0.013861386138613862,448.0,66.26534653465346
MLU,DFW,MLU → DFW,477,11.064989517819706,12.025157232704403,0.1278825995807128,0.039832285115303984,293.0,53.721174004192875
MLU,IAH,MLU → IAH,132,5.636363636363637,8.022727272727273,0.1590909090909091,0.022727272727272728,262.0,49.67424242424242
MMH,DEN,MMH → DEN,15,20.8,21.266666666666666,0.3333333333333333,0.13333333333333333,780.0,87.73333333333333
MMH,LAX,MMH → LAX,46,18.08695652173913,19.0,0.2391304347826087,0.15217391304347827,256.0,47.02173913043478
MMH,SFO,MMH → SFO,20,8.0,8.05,0.1,0.25,193.0,31.8
MOB,ATL,MOB → ATL,786,10.297709923664122,9.746819338422393,0.10559796437659033,0.01272264631043257,302.0,48.478371501272264
MOB,CLT,MOB → CLT,105,13.885714285714286,13.342857142857143,0.17142857142857143,0.0380952380952381,526.0,73.23809523809524
MOB,DFW,MOB → DFW,575,17.553043478260868,18.784347826086957,0.22782608695652173,0.04,539.0,84.22260869565217
MOB,IAH,MOB → IAH,302,16.519867549668874,17.344370860927153,0.1490066225165563,0.04304635761589404,427.0,71.93046357615894
MOT,AZA,MOT → AZA,60,9.75,11.85,0.23333333333333334,0.03333333333333333,1164.0,150.13333333333333
MOT,DEN,MOT → DEN,270,21.833333333333332,22.77037037037037,0.17777777777777778,0.018518518518518517,604.0,89.31851851851852
MOT,LAS,MOT → LAS,81,26.567901234567902,24.320987654320987,0.2345679012345679,0.12345679012345678,1098.0,127.96296296296296
MOT,MSP,MOT → MSP,722,12.166204986149584,12.584487534626039,0.11772853185595568,0.027700831024930747,449.0,63.822714681440445
MQT,DTW,MQT → DTW,254,28.25984251968504,27.19685039370079,0.15748031496062992,0.023622047244094488,349.0,52.78346456692913
MQT,MSP,MQT → MSP,103,18.37864077669903,17.87378640776699,0.11650485436893204,0.019417475728155338,300.0,52.47572815533981
MQT,ORD,MQT → ORD,201,16.497512437810947,17.64179104477612,0.16417910447761194,0.05472636815920398,303.0,54.78109452736319
MRY,DEN,MRY → DEN,151,16.397350993377483,17.516556291390728,0.16556291390728478,0.019867549668874173,959.0,127.56953642384106
MRY,DFW,MRY → DFW,252,18.658730158730158,19.325396825396826,0.15079365079365079,0.007936507936507936,1430.0,177.1626984126984
MRY,LAS,MRY → LAS,46,15.23913043478261,19.08695652173913,0.3695652173913043,0.021739130434782608,375.0,60.82608695652174
MRY,LAX,MRY → LAX,371,12.172506738544474,11.725067385444744,0.10242587601078167,0.018867924528301886,266.0,52.81401617250674
MRY,PDX,MRY → PDX,2,0.0,1.5,0.0,0.0,622.0,88.5
MRY,PHX,MRY → PHX,482,17.244813278008298,17.778008298755186,0.15560165975103735,0.024896265560165973,598.0,82.93153526970954
MRY,SAN,MRY → SAN,155,8.916129032258064,9.63225806451613,0.1032258064516129,0.01935483870967742,375.0,59.87741935483871
MRY,SEA,MRY → SEA,95,9.536842105263158,10.452631578947368,0.12631578947368421,0.010526315789473684,750.0,109.8
MRY,SFO,MRY → SFO,229,14.026200873362445,13.85589519650655,0.13100436681222707,0.043668122270742356,77.0,18.930131004366814
MSN,ATL,MSN → ATL,489,5.376278118609407,5.4969325153374236,0.06748466257668712,0.010224948875255624,707.0,98.93865030674847
MSN,BOS,MSN → BOS,1,0.0,0.0,0.0,0.0,932.0,118.0
MSN,CLT,MSN → CLT,395,15.888607594936708,16.27341772151899,0.13670886075949368,0.02531645569620253,708.0,98.9367088607595
MSN,DCA,MSN → DCA,95,15.221052631578948,16.96842105263158,0.14736842105263157,0.031578947368421054,707.0,91.83157894736843
MSN,DEN,MSN → DEN,434,11.601382488479263,12.15668202764977,0.1313364055299539,0.016129032258064516,826.0,119.44700460829493
MSN,DFW,MSN → DFW,465,29.929032258064517,31.54193548387097,0.22795698924731184,0.021505376344086023,821.0,119.21505376344086
MSN,DTW,MSN → DTW,604,11.513245033112582,11.736754966887418,0.11920529801324503,0.014900662251655629,311.0,49.27317880794702
MSN,EWR,MSN → EWR,122,21.221311475409838,23.557377049180328,0.18032786885245902,0.040983606557377046,799.0,99.62295081967213
MSN,LAS,MSN → LAS,26,18.5,20.115384615384617,0.11538461538461539,0.0,1454.0,197.57692307692307
MSN,LAX,MSN → LAX,45,8.955555555555556,7.822222222222222,0.13333333333333333,0.0,1687.0,237.37777777777777
MSN,LGA,MSN → LGA,241,18.473029045643152,19.609958506224068,0.15352697095435686,0.06224066390041494,812.0,99.90041493775934
MSN,MCO,MSN → MCO,25,9.48,14.52,0.24,0.04,1109.0,136.36
MSN,MIA,MSN → MIA,2,5.0,19.0,0.5,0.0,1300.0,174.5
MSN,MKE,MSN → MKE,1,0.0,0.0,0.0,0.0,74.0,18.0
MSN,MSP,MSN → MSP,714,12.966386554621849,13.00280112044818,0.10364145658263306,0.012605042016806723,228.0,44.721288515406165
MSN,ORD,MSN → ORD,1011,14.283877349159248,15.236399604352126,0.1641938674579624,0.04945598417408507,108.75469831849654,28.067260138476755
MSN,PHL,MSN → PHL,181,14.524861878453038,15.132596685082873,0.18232044198895028,0.027624309392265192,764.0,98.87845303867404
MSN,PHX,MSN → PHX,136,16.38235294117647,14.220588235294118,0.1323529411764706,0.022058823529411766,1396.0,188.40441176470588
MSN,SEA,MSN → SEA,1,0.0,4.0,0.0,0.0,1622.0,230.0
MSN,SFO,MSN → SFO,56,18.5,18.375,0.17857142857142858,0.05357142857142857,1772.0,242.07142857142858
MSN,SLC,MSN → SLC,42,12.952380952380953,14.476190476190476,0.19047619047619047,0.0,1174.0,175.21428571428572
MSO,ATL,MSO → ATL,5,76.8,67.8,0.4,0.0,1800.0,212.4
MSO,AZA,MSO → AZA,58,31.103448275862068,33.3448275862069,0.20689655172413793,0.017241379310344827,948.0,124.03448275862068
MSO,DEN,MSO → DEN,438,20.799086757990867,20.93607305936073,0.21689497716894976,0.0228310502283105,679.0,90.12328767123287
MSO,DFW,MSO → DFW,221,14.665158371040723,14.809954751131222,0.1493212669683258,0.004524886877828055,1320.0,164.76470588235293
MSO,LAS,MSO → LAS,47,25.382978723404257,25.72340425531915,0.3191489361702128,0.0425531914893617,750.0,101.06382978723404
MSO,LAX,MSO → LAX,75,7.866666666666666,10.2,0.25333333333333335,0.02666666666666667,923.0,135.69333333333333
MSO,MSP,MSO → MSP,218,16.76605504587156,16.440366972477065,0.14678899082568808,0.022935779816513763,1013.0,123.27981651376147
MSO,OAK,MSO → OAK,6,0.3333333333333333,0.0,0.0,0.16666666666666666,758.0,87.83333333333333
MSO,ORD,MSO → ORD,61,8.721311475409836,12.147540983606557,0.18032786885245902,0.0,1332.0,166.01639344262296
MSO,PDX,MSO → PDX,22,2.9545454545454546,4.7272727272727275,0.13636363636363635,0.045454545454545456,418.0,75.5909090909091
MSO,SAN,MSO → SAN,15,15.133333333333333,15.2,0.26666666666666666,0.0,992.0,144.73333333333332
MSO,SEA,MSO → SEA,255,6.709803921568628,9.27843137254902,0.16470588235294117,0.01568627450980392,389.0,77.08235294117647
MSO,SFO,MSO → SFO,51,9.470588235294118,7.803921568627451,0.13725490196078433,0.0,769.0,120.7843137254902
MSO,SLC,MSO → SLC,524,9.820610687022901,10.776717557251908,0.08969465648854962,0.013358778625954198,436.0,65.81488549618321
MSO,SNA,MSO → SNA,13,18.923076923076923,25.0,0.3076923076923077,0.07692307692307693,935.0,127.53846153846153
MSP,ABQ,MSP → ABQ,41,16.975609756097562,14.707317073170731,0.17073170731707318,0.0,981.0,133.390243902439
MSP,ABR,MSP → ABR,327,7.330275229357798,7.165137614678899,0.1162079510703364,0.01529051987767584,257.0,46.198776758409785
MSP,ALB,MSP → ALB,29,5.413793103448276,3.7586206896551726,0.06896551724137931,0.0,980.0,116.48275862068965
MSP,ANC,MSP → ANC,251,7.207171314741036,7.179282868525896,0.14741035856573706,0.0199203187250996,2519.0,315.44621513944224
MSP,ASE,MSP → ASE,1,3.0,0.0,0.0,0.0,802.0,105.0
MSP,ATL,MSP → ATL,1810,9.537016574585635,9.847513812154697,0.12099447513812155,0.0077348066298342545,907.0,116.98839779005525
MSP,ATW,MSP → ATW,491,8.924643584521386,9.356415478615071,0.11812627291242363,0.016293279022403257,236.0,40.89816700610998
MSP,AUS,MSP → AUS,532,14.020676691729323,15.154135338345865,0.19736842105263158,0.007518796992481203,1042.0,137.2875939849624
MSP,AVL,MSP → AVL,35,17.17142857142857,20.02857142857143,0.4,0.0,861.0,109.77142857142857
MSP,AZA,MSP → AZA,17,6.0,6.529411764705882,0.17647058823529413,0.0,1267.0,174.41176470588235
MSP,AZO,MSP → AZO,73,12.164383561643836,12.438356164383562,0.1095890410958904,0.0136986301369863,426.0,59.465753424657535
MSP,BDL,MSP → BDL,449,11.216035634743875,11.43652561247216,0.16258351893095768,0.013363028953229399,1050.0,124.76169265033407
MSP,BIL,MSP → BIL,268,10.996268656716419,10.335820895522389,0.14925373134328357,0.014925373134328358,748.0,108.51119402985074
MSP,BIS,MSP → BIS,804,10.881840796019901,10.587064676616915,0.12189054726368159,0.022388059701492536,386.0,62.52985074626866
MSP,BJI,MSP → BJI,322,12.953416149068323,13.400621118012422,0.13664596273291926,0.031055900621118012,199.0,36.69565217391305
MSP,BNA,MSP → BNA,756,11.133597883597883,11.517195767195767,0.18386243386243387,0.01984126984126984,695.0,92.88756613756614
MSP,BOI,MSP → BOI,327,11.363914373088685,12.021406727828746,0.18042813455657492,0.009174311926605505,1142.0,157.96941896024464
MSP,BOS,MSP → BOS,1044,12.6772030651341,13.148467432950191,0.1839080459770115,0.023946360153256706,1124.0,132.29501915708812
MSP,BRD,MSP → BRD,260,6.9884615384615385,7.607692307692307,0.10384615384615385,0.03076923076923077,114.0,25.526923076923076
MSP,BTV,MSP → BTV,7,0.0,1.1428571428571428,0.0,0.0,987.0,123.42857142857143
MSP,BUF,MSP → BUF,65,3.1538461538461537,4.415384615384616,0.12307692307692308,0.015384615384615385,735.0,91.53846153846153
MSP,BWI,MSP → BWI,707,8.251768033946252,9.147100424328148,0.14285714285714285,0.019801980198019802,936.0,114.91937765205093
MSP,BZN,MSP → BZN,401,11.254364089775562,10.56857855361596,0.1546134663341646,0.014962593516209476,874.0,122.9077306733167
MSP,CHS,MSP → CHS,29,14.448275862068966,14.482758620689655,0.20689655172413793,0.0,1087.0,138.06896551724137
MSP,CID,MSP → CID,471,9.07643312101911,8.723991507430998,0.08917197452229299,0.03397027600849257,220.0,37.333333333333336
MSP,CIU,MSP → CIU,158,14.164556962025317,11.759493670886076,0.10126582278481013,0.012658227848101266,435.0,61.78481012658228
MSP,CLE,MSP → CLE,630,8.958730158730159,8.617460317460317,0.1365079365079365,0.015873015873015872,622.0,80.60634920634921
MSP,CLT,MSP → CLT,1103,12.890299184043517,12.346328195829555,0.13961922030825022,0.01813236627379873,930.0,118.26382592928377
MSP,CMH,MSP → CMH,572,10.917832167832168,10.774475524475525,0.11713286713286714,0.008741258741258742,626.0,82.94405594405595
MSP,COS,MSP → COS,17,18.88235294117647,23.88235294117647,0.4117647058823529,0.0,725.0,105.58823529411765
MSP,CVG,MSP → CVG,727,8.928473177441541,9.808803301237964,0.13204951856946354,0.005502063273727648,596.0,79.8624484181568
MSP,CWA,MSP → CWA,319,9.06269592476489,10.144200626959247,0.07836990595611286,0.012539184952978056,175.0,34.11912225705329
MSP,DAL,MSP → DAL,77,6.1558441558441555,8.818181818181818,0.18181818181818182,0.025974025974025976,853.0,116.7012987012987
MSP,DAY,MSP → DAY,139,5.618705035971223,4.35251798561151,0.050359712230215826,0.02158273381294964,574.0,76.20143884892086
MSP,DCA,MSP → DCA,1010,8.64059405940594,9.092079207920792,0.1405940594059406,0.01881188118811881,931.0,115.64752475247525
MSP,DEN,MSP → DEN,2479,10.678096006454215,11.225494150867286,0.17022993142396128,0.020572811617587738,680.0,97.48890681726503
MSP,DFW,MSP → DFW,1551,11.368149580915539,11.803997421018698,0.14764667956157318,0.020631850419084462,852.0,118.84461637653126
MSP,DLH,MSP → DLH,713,14.664796633941094,14.17251051893408,0.1093969144460028,0.028050490883590462,144.0,28.347826086956523
MSP,DSM,MSP → DSM,584,7.907534246575342,8.948630136986301,0.11643835616438356,0.011986301369863013,232.0,40.63356164383562
MSP,DTW,MSP → DTW,1098,6.337887067395264,7.214025500910747,0.1320582877959927,0.009107468123861567,528.0,70.92258652094718
MSP,ESC,MSP → ESC,74,17.716216216216218,17.64864864864865,0.0945945945945946,0.0,304.0,47.527027027027025
MSP,EWR,MSP → EWR,1115,20.51928251121076,20.094170403587444,0.20986547085201793,0.029596412556053813,1008.0,124.81973094170404
MSP,FAI,MSP → FAI,48,5.5625,5.8125,0.16666666666666666,0.0,2466.0,313.0625
MSP,FAR,MSP → FAR,918,12.514161220043572,12.364923747276688,0.13616557734204793,0.02287581699346405,223.0,40.86274509803921
MSP,FCA,MSP → FCA,217,9.248847926267281,7.857142857142857,0.14285714285714285,0.013824884792626729,1026.0,149.9815668202765
MSP,FLL,MSP → FLL,342,10.798245614035087,12.652046783625732,0.20175438596491227,0.023391812865497075,1487.0,179.91520467836258
MSP,FSD,MSP → FSD,840,11.1,10.845238095238095,0.1392857142857143,0.02857142857142857,196.0,35.96071428571429
MSP,FWA,MSP → FWA,135,17.325925925925926,16.977777777777778,0.17037037037037037,0.02962962962962963,488.0,66.5111111111111
MSP,GEG,MSP → GEG,325,8.793846153846154,8.381538461538462,0.1723076923076923,0.012307692307692308,1175.0,158.93846153846152
MSP,GFK,MSP → GFK,575,14.711304347826086,14.034782608695652,0.1356521739130435,0.022608695652173914,284.0,49.56173913043478
MSP,GRB,MSP → GRB,515,11.737864077669903,12.201941747572816,0.13203883495145632,0.009708737864077669,252.0,41.80970873786408
MSP,GRR,MSP → GRR,643,8.502332814930016,8.311041990668741,0.1368584758942457,0.01866251944012442,408.0,57.15085536547434
MSP,GTF,MSP → GTF,99,12.232323232323232,11.545454545454545,0.09090909090909091,0.0,887.0,126.97979797979798
MSP,HDN,MSP → HDN,18,14.944444444444445,16.5,0.16666666666666666,0.1111111111111111,774.0,106.11111111111111
MSP,HIB,MSP → HIB,288,12.07638888888889,12.680555555555555,0.125,0.020833333333333332,174.0,31.666666666666668
MSP,HLN,MSP → HLN,40,13.75,12.0,0.2,0.0,913.0,135.5
MSP,HNL,MSP → HNL,106,11.424528301886792,10.150943396226415,0.12264150943396226,0.0,3972.0,491.4056603773585
MSP,HOU,MSP → HOU,41,5.317073170731708,6.414634146341464,0.0975609756097561,0.04878048780487805,1057.0,141.609756097561
MSP,HRL,MSP → HRL,22,9.909090909090908,13.090909090909092,0.2727272727272727,0.0,1310.0,178.9090909090909
MSP,IAD,MSP → IAD,631,9.251980982567353,9.652931854199682,0.14421553090332806,0.009508716323296355,908.0,115.1648177496038
MSP,IAH,MSP → IAH,1121,12.36128456735058,13.647636039250669,0.18911685994647637,0.01784121320249777,1034.0,144.41391614629794
MSP,ICT,MSP → ICT,325,7.012307692307692,7.006153846153846,0.08,0.0,545.0,80.25846153846153
MSP,IDA,MSP → IDA,2,1.5,0.0,0.0,0.0,939.0,133.5
MSP,IMT,MSP → IMT,164,6.835365853658536,6.7926829268292686,0.0975609756097561,0.03048780487804878,257.0,40.90853658536585
MSP,IND,MSP → IND,739,8.207036535859269,8.974289580514208,0.14614343707713126,0.009472259810554804,503.0,68.65493910690122
MSP,INL,MSP → INL,260,10.823076923076924,11.107692307692307,0.1076923076923077,0.04230769230769231,255.0,43.465384615384615
MSP,ISN,MSP → ISN,65,4.061538461538461,3.1846153846153844,0.046153846153846156,0.0,546.0,84.76923076923077
MSP,JAC,MSP → JAC,46,11.456521739130435,13.565217391304348,0.17391304347826086,0.0,872.0,125.82608695652173
MSP,JAX,MSP → JAX,64,10.71875,7.90625,0.140625,0.03125,1174.0,140.203125
MSP,JFK,MSP → JFK,654,12.32874617737003,13.490825688073395,0.1743119266055046,0.02599388379204893,1029.0,127.3914373088685
MSP,LAN,MSP → LAN,42,2.0714285714285716,1.7380952380952381,0.047619047619047616,0.0,455.0,63.92857142857143
MSP,LAS,MSP → LAS,1168,9.75513698630137,10.626712328767123,0.1558219178082192,0.011986301369863013,1299.0,172.72260273972603
MSP,LAX,MSP → LAX,1107,8.420957542908763,9.690153568202348,0.15266485998193316,0.01084010840108401,1535.0,202.3252032520325
MSP,LEX,MSP → LEX,34,21.735294117647058,19.529411764705884,0.2647058823529412,0.0,650.0,87.97058823529412
MSP,LGA,MSP → LGA,1023,14.193548387096774,15.039100684261975,0.2013685239491691,0.02346041055718475,1020.0,126.62072336265885
MSP,LNK,MSP → LNK,200,13.26,13.42,0.085,0.04,331.0,52.635
MSP,LSE,MSP → LSE,272,11.632352941176471,11.610294117647058,0.11397058823529412,0.0,119.0,25.908088235294116
MSP,MBS,MSP → MBS,37,4.27027027027027,5.135135135135135,0.16216216216216217,0.0,463.0,65.1891891891892
MSP,MCI,MSP → MCI,741,12.634278002699055,12.786774628879892,0.145748987854251,0.020242914979757085,393.0,61.31983805668016
MSP,MCO,MSP → MCO,985,10.486294416243656,11.276142131979695,0.17055837563451776,0.019289340101522844,1310.0,159.74517766497462
MSP,MDW,MSP → MDW,1406,9.689900426742533,8.911806543385492,0.15220483641536273,0.01991465149359886,349.0,62.72475106685633
MSP,MEM,MSP → MEM,425,10.67764705882353,11.249411764705883,0.17411764705882352,0.021176470588235293,700.0,97.82117647058824
MSP,MIA,MSP → MIA,490,8.777551020408163,10.118367346938776,0.17551020408163265,0.006122448979591836,1501.0,185.05510204081634
MSP,MKE,MSP → MKE,806,12.344913151364764,12.430521091811414,0.16253101736972705,0.016129032258064516,297.0,46.61414392059553
MSP,MLI,MSP → MLI,144,3.7847222222222223,5.819444444444445,0.11805555555555555,0.013888888888888888,274.0,44.47222222222222
MSP,MOT,MSP → MOT,760,7.910526315789474,7.4302631578947365,0.11973684210526316,0.030263157894736843,449.0,69.31842105263158
MSP,MQT,MSP → MQT,110,3.463636363636364,4.0636363636363635,0.09090909090909091,0.0,300.0,47.25454545454546
MSP,MSN,MSP → MSN,673,12.12332838038633,12.319465081723626,0.1575037147102526,0.008915304606240713,228.0,38.44130757800892
MSP,MSO,MSP → MSO,229,10.135371179039302,8.851528384279476,0.11790393013100436,0.004366812227074236,1013.0,144.56331877729258
MSP,MSY,MSP → MSY,188,5.175531914893617,5.787234042553192,0.0851063829787234,0.03723404255319149,1039.0,127.77127659574468
MSP,MYR,MSP → MYR,26,2.423076923076923,1.5769230769230769,0.038461538461538464,0.0,1085.0,132.1153846153846
MSP,OAK,MSP → OAK,36,7.416666666666667,5.5,0.08333333333333333,0.08333333333333333,1578.0,199.72222222222223
MSP,OKC,MSP → OKC,267,12.677902621722847,12.093632958801498,0.15730337078651685,0.0149812734082397,694.0,96.23970037453184
MSP,OMA,MSP → OMA,799,7.829787234042553,7.994993742177722,0.13016270337922403,0.01376720901126408,282.0,47.63704630788486
MSP,ORD,MSP → ORD,2638,13.067854435178166,14.430250189537528,0.177407126611069,0.02577710386656558,334.0,55.005307050796056
MSP,ORF,MSP → ORF,35,7.2,4.514285714285714,0.08571428571428572,0.0,1045.0,127.97142857142858
MSP,PBI,MSP → PBI,30,22.7,26.966666666666665,0.3333333333333333,0.06666666666666667,1451.0,172.36666666666667
MSP,PDX,MSP → PDX,665,7.103759398496241,7.08421052631579,0.11278195488721804,0.021052631578947368,1426.0,191.23157894736843
MSP,PGD,MSP → PGD,18,10.11111111111111,16.333333333333332,0.2777777777777778,0.0,1386.0,174.83333333333334
MSP,PHL,MSP → PHL,891,10.626262626262626,10.6341189674523,0.14590347923681257,0.019079685746352413,980.0,121.39057239057239
MSP,PHX,MSP → PHX,1585,10.580441640378549,11.519242902208202,0.17602523659305994,0.016403785488958992,1276.0,171.22208201892744
MSP,PIA,MSP → PIA,37,4.945945945945946,5.972972972972973,0.08108108108108109,0.02702702702702703,342.0,51.270270270270274
MSP,PIT,MSP → PIT,544,10.667279411764707,10.779411764705882,0.12867647058823528,0.01838235294117647,726.0,91.5220588235294
MSP,PSC,MSP → PSC,158,16.537974683544302,15.291139240506329,0.2088607594936709,0.0,1254.0,178.44303797468353
MSP,PSP,MSP → PSP,93,4.494623655913978,4.645161290322581,0.12903225806451613,0.021505376344086023,1454.0,193.2258064516129
MSP,PVD,MSP → PVD,19,21.94736842105263,25.210526315789473,0.21052631578947367,0.0,1117.0,138.47368421052633
MSP,PWM,MSP → PWM,31,12.870967741935484,13.419354838709678,0.12903225806451613,0.03225806451612903,1136.0,134.74193548387098
MSP,RAP,MSP → RAP,602,11.772425249169435,11.538205980066445,0.1212624584717608,0.009966777408637873,489.0,76.80066445182725
MSP,RDU,MSP → RDU,537,9.71508379888268,9.504655493482309,0.1266294227188082,0.00186219739292365,980.0,121.28864059590316
MSP,RHI,MSP → RHI,365,11.038356164383561,11.64931506849315,0.1506849315068493,0.0136986301369863,190.0,34.12876712328767
MSP,RIC,MSP → RIC,105,12.257142857142858,11.019047619047619,0.13333333333333333,0.0,970.0,121.1047619047619
MSP,RNO,MSP → RNO,4,13.5,5.25,0.25,0.0,1405.0,181.0
MSP,ROC,MSP → ROC,42,9.238095238095237,9.666666666666666,0.23809523809523808,0.023809523809523808,783.0,92.71428571428571
MSP,RST,MSP → RST,516,8.984496124031008,9.356589147286822,0.10852713178294573,0.027131782945736434,76.0,19.643410852713178
MSP,RSW,MSP → RSW,615,7.0910569105691055,9.409756097560976,0.15447154471544716,0.02113821138211382,1416.0,170.6260162601626
MSP,SAN,MSP → SAN,621,7.151368760064412,7.373590982286634,0.11272141706924316,0.011272141706924315,1532.0,200.48470209339774
MSP,SAT,MSP → SAT,347,12.90778097982709,13.07492795389049,0.16138328530259366,0.008645533141210375,1097.0,146.23054755043228
MSP,SAV,MSP → SAV,25,7.28,16.2,0.32,0.04,1092.0,132.36
MSP,SBN,MSP → SBN,177,5.141242937853107,4.435028248587571,0.0903954802259887,0.011299435028248588,411.0,58.08474576271186
MSP,SDF,MSP → SDF,316,8.974683544303797,9.560126582278482,0.14240506329113925,0.015822784810126583,604.0,82.7246835443038
MSP,SEA,MSP → SEA,1228,7.698697068403908,7.605048859934853,0.13517915309446255,0.013029315960912053,1399.0,192.27198697068403
MSP,SFO,MSP → SFO,804,13.635572139303482,13.422885572139304,0.18159203980099503,0.007462686567164179,1589.0,218.1355721393035
MSP,SJC,MSP → SJC,145,11.075862068965517,11.241379310344827,0.1724137931034483,0.006896551724137931,1575.0,213.62758620689655
MSP,SJU,MSP → SJU,28,8.892857142857142,10.714285714285714,0.32142857142857145,0.0,2404.0,276.39285714285717
MSP,SLC,MSP → SLC,874,6.683066361556064,7.590389016018307,0.11899313501144165,0.010297482837528604,991.0,142.5720823798627
MSP,SMF,MSP → SMF,227,7.211453744493392,6.537444933920705,0.13215859030837004,0.004405286343612335,1517.0,203.07488986784142
MSP,SNA,MSP → SNA,309,6.543689320388349,7.042071197411003,0.1423948220064725,0.016181229773462782,1522.0,201.44660194174756
MSP,SRQ,MSP → SRQ,66,9.545454545454545,9.833333333333334,0.16666666666666666,0.015151515151515152,1342.0,165.1818181818182
MSP,STL,MSP → STL,874,9.27116704805492,9.883295194508008,0.16247139588100687,0.020594965675057208,448.0,63.339816933638446
MSP,STT,MSP → STT,4,1.0,6.0,0.25,0.0,2449.0,283.5
MSP,SYR,MSP → SYR,28,8.678571428571429,5.75,0.03571428571428571,0.0,860.0,103.89285714285714
MSP,TPA,MSP → TPA,564,8.71631205673759,9.613475177304965,0.16312056737588654,0.008865248226950355,1306.0,160.9804964539007
MSP,TTN,MSP → TTN,11,7.181818181818182,11.363636363636363,0.18181818181818182,0.0,989.0,125.9090909090909
MSP,TUL,MSP → TUL,52,4.826923076923077,3.769230769230769,0.1346153846153846,0.0,615.0,88.92307692307692
MSP,TUS,MSP → TUS,59,3.135593220338983,4.576271186440678,0.1016949152542373,0.05084745762711865,1298.0,174.4406779661017
MSP,TVC,MSP → TVC,147,9.476190476190476,9.346938775510203,0.10204081632653061,0.006802721088435374,376.0,55.7687074829932
MSP,TYS,MSP → TYS,69,4.478260869565218,5.463768115942029,0.08695652173913043,0.0,792.0,100.43478260869566
MSP,VPS,MSP → VPS,24,8.125,6.916666666666667,0.16666666666666666,0.0,1058.0,130.25
MSP,XNA,MSP → XNA,107,11.42056074766355,11.785046728971963,0.16822429906542055,0.018691588785046728,596.0,82.1588785046729
MSP,XWA,MSP → XWA,187,7.967914438502674,8.818181818181818,0.12834224598930483,0.026737967914438502,553.0,84.85026737967914
MSY,ATL,MSY → ATL,2015,8.687841191066997,8.251612903225807,0.13002481389578163,0.02183622828784119,425.0,59.267990074441684
MSY,AUS,MSY → AUS,636,11.025157232704403,10.50943396226415,0.18553459119496854,0.025157232704402517,444.0,67.30503144654088
MSY,BNA,MSY → BNA,526,11.14828897338403,9.811787072243346,0.18250950570342206,0.058935361216730035,471.0,64.11406844106465
MSY,BOS,MSY → BOS,317,20.129337539432175,17.35646687697161,0.22397476340694006,0.015772870662460567,1368.0,164.17034700315457
MSY,BWI,MSY → BWI,515,14.087378640776699,12.807766990291261,0.19029126213592232,0.04854368932038835,998.0,119.92233009708738
MSY,CLE,MSY → CLE,26,22.26923076923077,19.884615384615383,0.15384615384615385,0.0,917.0,116.34615384615384
MSY,CLT,MSY → CLT,909,11.561056105610561,11.268426842684269,0.15401540154015403,0.034103410341034104,651.0,84.98459845984598
MSY,CMH,MSY → CMH,14,5.142857142857143,5.928571428571429,0.14285714285714285,0.0,806.0,108.0
MSY,CVG,MSY → CVG,59,18.1864406779661,18.016949152542374,0.3220338983050847,0.06779661016949153,701.0,90.66101694915254
MSY,DAL,MSY → DAL,1035,13.258937198067633,12.489855072463769,0.2028985507246377,0.05410628019323672,436.0,65.52367149758454
MSY,DCA,MSY → DCA,746,10.485254691689008,10.349865951742627,0.1863270777479893,0.03351206434316354,969.0,120.87265415549598
MSY,DEN,MSY → DEN,1011,12.420375865479723,12.536102868447083,0.18001978239366964,0.02373887240356083,1062.0,145.47181008902078
MSY,DFW,MSY → DFW,1254,15.408293460925039,16.038277511961724,0.21690590111642744,0.03907496012759171,447.0,71.47448165869218
MSY,DTW,MSY → DTW,441,10.19501133786848,9.063492063492063,0.14058956916099774,0.018140589569160998,926.0,119.70068027210884
MSY,EWR,MSY → EWR,659,18.980273141122915,18.529590288315628,0.22003034901365706,0.028831562974203338,1167.0,142.4112291350531
MSY,FLL,MSY → FLL,756,13.305555555555555,13.041005291005291,0.20105820105820105,0.026455026455026454,674.0,87.31878306878306
MSY,GRR,MSY → GRR,5,26.8,26.0,0.4,0.0,927.0,117.8
MSY,GSP,MSY → GSP,2,128.0,120.0,0.5,0.0,578.0,84.0
MSY,HOU,MSY → HOU,1055,12.866350710900473,10.803791469194312,0.17061611374407584,0.04170616113744076,302.0,50.94881516587678
MSY,IAD,MSY → IAD,313,8.6741214057508,8.39297124600639,0.1182108626198083,0.022364217252396165,955.0,119.83386581469648
MSY,IAH,MSY → IAH,1456,10.796016483516484,10.822802197802197,0.14697802197802198,0.040521978021978024,305.0,52.902472527472526
MSY,IND,MSY → IND,17,19.11764705882353,20.058823529411764,0.17647058823529413,0.23529411764705882,707.0,73.88235294117646
MSY,JFK,MSY → JFK,605,17.31900826446281,16.659504132231405,0.21322314049586777,0.02809917355371901,1182.0,145.0495867768595
MSY,LAS,MSY → LAS,394,13.49238578680203,11.253807106598984,0.19035532994923857,0.048223350253807105,1500.0,193.46954314720813
MSY,LAX,MSY → LAX,685,13.02919708029197,11.34014598540146,0.16642335766423358,0.026277372262773723,1670.0,220.14452554744526
MSY,LGA,MSY → LGA,493,19.949290060851926,19.04868154158215,0.2129817444219067,0.04259634888438134,1183.0,140.5922920892495
MSY,LGB,MSY → LGB,7,21.142857142857142,19.714285714285715,0.7142857142857143,0.0,1655.0,230.71428571428572
MSY,MCI,MSY → MCI,133,12.62406015037594,10.518796992481203,0.15789473684210525,0.03759398496240601,689.0,92.28571428571429
MSY,MCO,MSY → MCO,874,15.869565217391305,15.62700228832952,0.22768878718535468,0.034324942791762014,551.0,76.57093821510297
MSY,MDW,MSY → MDW,481,12.912681912681913,11.386694386694387,0.19334719334719336,0.04573804573804574,825.0,108.26403326403326
MSY,MIA,MSY → MIA,634,12.64353312302839,13.842271293375394,0.1750788643533123,0.02365930599369085,675.0,88.36435331230284
MSY,MSP,MSY → MSP,195,9.861538461538462,8.517948717948718,0.09230769230769231,0.035897435897435895,1039.0,136.4820512820513
MSY,OAK,MSY → OAK,70,11.357142857142858,9.614285714285714,0.21428571428571427,0.04285714285714286,1903.0,246.75714285714287
MSY,OKC,MSY → OKC,1,6.0,0.0,0.0,0.0,567.0,80.0
MSY,ORD,MSY → ORD,738,13.878048780487806,13.657181571815718,0.18292682926829268,0.03116531165311653,836.2520325203252,117.9810298102981
MSY,PHL,MSY → PHL,420,13.214285714285714,14.045238095238096,0.18095238095238095,0.02619047619047619,1089.0,138.71428571428572
MSY,PHX,MSY → PHX,273,14.813186813186814,12.421245421245422,0.21611721611721613,0.018315018315018316,1300.0,181.86080586080587
MSY,PIT,MSY → PIT,12,15.666666666666666,11.083333333333334,0.25,0.16666666666666666,918.0,92.5
MSY,RDU,MSY → RDU,84,9.511904761904763,9.035714285714286,0.14285714285714285,0.023809523809523808,779.0,99.01190476190476
MSY,SAN,MSY → SAN,61,21.950819672131146,20.0327868852459,0.39344262295081966,0.04918032786885246,1599.0,211.88524590163934
MSY,SAT,MSY → SAT,151,16.596026490066226,14.609271523178808,0.23841059602649006,0.013245033112582781,494.0,76.59602649006622
MSY,SDF,MSY → SDF,10,8.4,11.7,0.4,0.2,620.0,67.3
MSY,SEA,MSY → SEA,250,12.284,12.44,0.168,0.028,2086.0,274.888
MSY,SFO,MSY → SFO,155,21.574193548387097,20.716129032258063,0.2838709677419355,0.025806451612903226,1911.0,254.36129032258066
MSY,SJC,MSY → SJC,5,23.0,17.4,0.4,0.0,1884.0,248.0
MSY,SLC,MSY → SLC,155,16.53548387096774,15.851612903225806,0.1870967741935484,0.01935483870967742,1428.0,189.9806451612903
MSY,SMF,MSY → SMF,1,0.0,0.0,0.0,0.0,1878.0,245.0
MSY,STL,MSY → STL,249,13.550200803212851,11.698795180722891,0.1686746987951807,0.040160642570281124,604.0,80.9718875502008
MSY,TPA,MSY → TPA,570,12.22280701754386,11.296491228070176,0.18771929824561404,0.04035087719298246,488.0,66.7701754385965
MSY,USA,MSY → USA,39,28.743589743589745,28.846153846153847,0.28205128205128205,0.15384615384615385,669.0,73.87179487179488
MTJ,ATL,MTJ → ATL,23,19.434782608695652,11.956521739130435,0.17391304347826086,0.0,1352.0,153.7391304347826
MTJ,AUS,MTJ → AUS,1,11.0,1.0,0.0,0.0,818.0,103.0
MTJ,BOS,MTJ → BOS,1,10.0,0.0,0.0,0.0,1947.0,207.0
MTJ,CLT,MTJ → CLT,4,7.25,7.75,0.5,0.0,1505.0,177.0
MTJ,DAL,MTJ → DAL,16,14.0625,11.1875,0.25,0.0625,733.0,89.9375
MTJ,DEN,MTJ → DEN,550,11.394545454545455,14.965454545454545,0.20545454545454545,0.038181818181818185,196.0,36.82
MTJ,DFW,MTJ → DFW,273,15.692307692307692,15.076923076923077,0.19413919413919414,0.02197802197802198,722.0,94.12454212454213
MTJ,EWR,MTJ → EWR,28,14.0,9.714285714285714,0.17857142857142858,0.17857142857142858,1795.0,169.39285714285714
MTJ,GJT,MTJ → GJT,5,7.8,7.8,0.2,0.0,54.0,13.0
MTJ,IAH,MTJ → IAH,72,12.902777777777779,12.277777777777779,0.16666666666666666,0.013888888888888888,927.0,120.65277777777777
MTJ,LAX,MTJ → LAX,15,13.533333333333333,11.333333333333334,0.13333333333333333,0.0,666.0,103.53333333333333
MTJ,LGA,MTJ → LGA,5,0.8,0.0,0.0,0.0,1810.0,205.6
MTJ,ORD,MTJ → ORD,77,29.064935064935064,28.272727272727273,0.12987012987012986,0.03896103896103896,1081.0,135.37662337662337
MTJ,PHX,MTJ → PHX,69,9.942028985507246,9.492753623188406,0.10144927536231885,0.028985507246376812,419.0,68.18840579710145
MTJ,SFO,MTJ → SFO,25,8.08,8.52,0.16,0.08,791.0,110.4
MTJ,SLC,MTJ → SLC,2,0.0,0.0,0.0,0.0,269.0,47.5
MVY,BOS,MVY → BOS,38,25.94736842105263,24.94736842105263,0.3157894736842105,0.0,70.0,22.526315789473685
MVY,CLT,MVY → CLT,5,11.2,14.0,0.4,0.0,704.0,112.8
MVY,DCA,MVY → DCA,69,12.710144927536232,15.81159420289855,0.2028985507246377,0.057971014492753624,383.0,69.76811594202898
MVY,EWR,MVY → EWR,7,55.57142857142857,70.42857142857143,0.5714285714285714,0.0,192.0,48.714285714285715
MVY,HPN,MVY → HPN,8,13.125,13.25,0.25,0.125,163.0,36.375
MVY,JFK,MVY → JFK,141,33.723404255319146,33.56028368794326,0.2978723404255319,0.03546099290780142,173.0,36.92198581560284
MVY,LGA,MVY → LGA,80,20.45,21.675,0.2625,0.0875,175.0,42.3875
MVY,ORD,MVY → ORD,1,10.0,0.0,0.0,0.0,894.0,137.0
MVY,PHL,MVY → PHL,3,0.0,0.0,0.0,0.3333333333333333,265.0,39.0
MYR,ABE,MYR → ABE,60,27.283333333333335,28.4,0.3333333333333333,0.06666666666666667,518.0,75.15
MYR,ACY,MYR → ACY,165,19.98787878787879,19.406060606060606,0.2,0.030303030303030304,466.0,62.88484848484848
MYR,ALB,MYR → ALB,29,8.931034482758621,9.310344827586206,0.27586206896551724,0.13793103448275862,685.0,78.82758620689656
MYR,ATL,MYR → ATL,707,8.117397454031117,7.946251768033946,0.08203677510608204,0.009900990099009901,317.0,55.06082036775106
MYR,BDL,MYR → BDL,154,8.409090909090908,8.305194805194805,0.14935064935064934,0.025974025974025976,664.0,86.6038961038961
MYR,BLV,MYR → BLV,12,5.166666666666667,8.333333333333334,0.25,0.0,696.0,96.0
MYR,BNA,MYR → BNA,168,12.785714285714286,10.541666666666666,0.17261904761904762,0.017857142857142856,471.0,74.125
MYR,BOS,MYR → BOS,190,16.568421052631578,17.510526315789473,0.23157894736842105,0.031578947368421054,738.0,95.80526315789474
MYR,BUF,MYR → BUF,2,48.5,28.0,1.0,0.0,639.0,86.5
MYR,BWI,MYR → BWI,357,11.092436974789916,10.355742296918768,0.13445378151260504,0.022408963585434174,399.0,58.969187675070025
MYR,CAK,MYR → CAK,11,39.63636363636363,35.0,0.36363636363636365,0.0,518.0,77.54545454545455
MYR,CKB,MYR → CKB,18,9.38888888888889,9.222222222222221,0.1111111111111111,0.1111111111111111,394.0,52.94444444444444
MYR,CLE,MYR → CLE,124,24.346774193548388,24.717741935483872,0.18548387096774194,0.024193548387096774,557.0,79.44354838709677
MYR,CLT,MYR → CLT,1188,10.368686868686869,10.124579124579125,0.13131313131313133,0.030303030303030304,157.0,36.668350168350166
MYR,CMH,MYR → CMH,38,3.263157894736842,1.9473684210526316,0.07894736842105263,0.02631578947368421,488.0,68.71052631578948
MYR,CRW,MYR → CRW,12,16.5,16.416666666666668,0.25,0.0,356.0,54.833333333333336
MYR,CVG,MYR → CVG,47,26.361702127659573,30.595744680851062,0.44680851063829785,0.0425531914893617,489.0,70.53191489361703
MYR,DAL,MYR → DAL,12,9.583333333333334,5.166666666666667,0.16666666666666666,0.08333333333333333,1038.0,128.66666666666666
MYR,DCA,MYR → DCA,139,14.798561151079136,16.093525179856115,0.2014388489208633,0.04316546762589928,372.0,56.410071942446045
MYR,DEN,MYR → DEN,20,24.0,29.25,0.5,0.05,1485.0,202.75
MYR,DFW,MYR → DFW,171,21.128654970760234,21.198830409356724,0.2222222222222222,0.0,1048.0,153.15204678362574
MYR,DTW,MYR → DTW,310,10.648387096774194,10.2,0.12903225806451613,0.03870967741935484,636.0,88.12903225806451
MYR,EWR,MYR → EWR,353,14.11614730878187,14.209631728045325,0.21529745042492918,0.042492917847025496,550.0,80.43059490084985
MYR,FLL,MYR → FLL,183,12.360655737704919,12.032786885245901,0.14754098360655737,0.00546448087431694,529.0,81.98360655737704
MYR,FWA,MYR → FWA,10,50.8,53.4,0.6,0.0,610.0,88.3
MYR,HGR,MYR → HGR,12,6.583333333333333,7.583333333333333,0.25,0.0,421.0,65.66666666666667
MYR,HTS,MYR → HTS,26,24.0,27.153846153846153,0.38461538461538464,0.07692307692307693,382.0,53.15384615384615
MYR,IAD,MYR → IAD,50,22.46,21.96,0.14,0.02,372.0,60.46
MYR,IAG,MYR → IAG,18,6.111111111111111,5.277777777777778,0.1111111111111111,0.0,650.0,90.16666666666667
MYR,IAH,MYR → IAH,2,0.0,1.0,0.0,0.0,997.0,137.0
MYR,IND,MYR → IND,25,21.84,19.84,0.24,0.0,583.0,85.52
MYR,ISP,MYR → ISP,37,8.621621621621621,7.972972972972973,0.16216216216216217,0.10810810810810811,586.0,73.62162162162163
MYR,LBE,MYR → LBE,113,6.672566371681416,6.1415929203539825,0.12389380530973451,0.017699115044247787,455.0,70.47787610619469
MYR,LCK,MYR → LCK,40,15.95,16.8,0.25,0.0,478.0,70.225
MYR,LEX,MYR → LEX,12,15.0,13.333333333333334,0.25,0.0,438.0,63.0
MYR,LGA,MYR → LGA,416,11.740384615384615,12.552884615384615,0.17548076923076922,0.04326923076923077,563.0,77.79086538461539
MYR,MCI,MYR → MCI,14,12.642857142857142,11.857142857142858,0.2857142857142857,0.0,959.0,137.14285714285714
MYR,MCO,MYR → MCO,82,31.158536585365855,33.65853658536585,0.3170731707317073,0.012195121951219513,388.0,61.63414634146341
MYR,MDT,MYR → MDT,23,60.65217391304348,61.56521739130435,0.34782608695652173,0.0,465.0,70.30434782608695
MYR,MDW,MYR → MDW,109,14.110091743119266,11.908256880733944,0.1926605504587156,0.009174311926605505,738.0,106.42201834862385
MYR,MHT,MYR → MHT,20,6.95,4.2,0.1,0.0,756.0,102.4
MYR,MIA,MYR → MIA,19,8.947368421052632,9.263157894736842,0.21052631578947367,0.10526315789473684,549.0,80.10526315789474
MYR,MSP,MYR → MSP,22,2.5454545454545454,2.8181818181818183,0.09090909090909091,0.09090909090909091,1085.0,139.9090909090909
MYR,ORD,MYR → ORD,208,17.716346153846153,18.740384615384617,0.23557692307692307,0.014423076923076924,753.0,111.15865384615384
MYR,PBG,MYR → PBG,6,46.666666666666664,44.5,0.5,0.0,811.0,106.0
MYR,PHL,MYR → PHL,385,13.161038961038962,13.451948051948053,0.17142857142857143,0.046753246753246755,473.0,70.46233766233766
MYR,PIT,MYR → PIT,145,12.517241379310345,12.310344827586206,0.1724137931034483,0.027586206896551724,475.0,68.33793103448276
MYR,PSM,MYR → PSM,15,5.8,5.0,0.06666666666666667,0.0,783.0,102.0
MYR,PVD,MYR → PVD,2,0.0,0.0,0.0,0.0,690.0,100.0
MYR,PWM,MYR → PWM,1,20.0,31.0,1.0,0.0,830.0,120.0
MYR,ROC,MYR → ROC,4,0.0,3.0,0.0,0.0,655.0,92.75
MYR,SDF,MYR → SDF,6,17.333333333333332,17.166666666666668,0.5,0.0,491.0,72.33333333333333
MYR,STL,MYR → STL,11,10.909090909090908,9.818181818181818,0.18181818181818182,0.0,728.0,109.0909090909091
MYR,SWF,MYR → SWF,39,17.153846153846153,16.512820512820515,0.28205128205128205,0.05128205128205128,601.0,85.46153846153847
MYR,SYR,MYR → SYR,13,15.615384615384615,16.846153846153847,0.07692307692307693,0.0,668.0,93.0
MYR,TTN,MYR → TTN,17,4.235294117647059,3.6470588235294117,0.058823529411764705,0.058823529411764705,509.0,70.6470588235294
MYR,TYS,MYR → TYS,7,25.285714285714285,28.142857142857142,0.5714285714285714,0.0,323.0,50.714285714285715
OAJ,ATL,OAJ → ATL,503,7.930417495029821,8.01192842942346,0.08349900596421471,0.027833001988071572,399.0,66.05765407554672
OAJ,CLT,OAJ → CLT,641,9.890795631825274,8.853354134165366,0.12324492979719189,0.029641185647425898,191.0,44.5600624024961
OAK,ABQ,OAK → ABQ,198,13.52020202020202,11.055555555555555,0.23232323232323232,0.04040404040404041,889.0,107.35353535353535
OAK,ATL,OAK → ATL,77,7.402597402597403,7.12987012987013,0.1038961038961039,0.03896103896103896,2130.0,238.84415584415584
OAK,AUS,OAK → AUS,138,13.63768115942029,11.130434782608695,0.21014492753623187,0.028985507246376812,1497.0,175.0144927536232
OAK,AZA,OAK → AZA,42,14.642857142857142,14.19047619047619,0.19047619047619047,0.07142857142857142,668.0,85.0952380952381
OAK,BLI,OAK → BLI,198,14.494949494949495,11.02020202020202,0.18181818181818182,0.015151515151515152,764.0,101.6919191919192
OAK,BNA,OAK → BNA,80,8.825,7.775,0.15,0.0,1959.0,228.075
OAK,BOI,OAK → BOI,358,11.879888268156424,10.402234636871508,0.1871508379888268,0.01675977653631285,512.0,68.41340782122904
OAK,BOS,OAK → BOS,5,151.2,150.6,0.4,0.0,2694.0,307.6
OAK,BUR,OAK → BUR,1584,9.926136363636363,8.626262626262626,0.14962121212121213,0.04861111111111111,325.0,48.38699494949495
OAK,BWI,OAK → BWI,77,6.805194805194805,5.623376623376624,0.11688311688311688,0.05194805194805195,2447.0,266.2987012987013
OAK,BZN,OAK → BZN,5,1.0,2.8,0.0,0.2,796.0,85.4
OAK,CMH,OAK → CMH,23,9.26086956521739,6.043478260869565,0.17391304347826086,0.0,2110.0,242.0
OAK,DAL,OAK → DAL,288,11.746527777777779,10.73263888888889,0.19791666666666666,0.024305555555555556,1468.0,175.4375
OAK,DEN,OAK → DEN,863,11.373117033603709,10.088064889918888,0.1749710312862109,0.028968713789107765,957.0,117.64194669756662
OAK,DFW,OAK → DFW,31,12.451612903225806,11.483870967741936,0.25806451612903225,0.03225806451612903,1457.0,170.0
OAK,DTW,OAK → DTW,23,15.173913043478262,14.0,0.2608695652173913,0.043478260869565216,2068.0,229.43478260869566
OAK,EUG,OAK → EUG,185,15.745945945945946,13.962162162162162,0.22702702702702704,0.010810810810810811,445.0,65.08108108108108
OAK,EWR,OAK → EWR,42,26.976190476190474,25.738095238095237,0.47619047619047616,0.0,2555.0,292.35714285714283
OAK,FCA,OAK → FCA,14,5.357142857142857,7.214285714285714,0.14285714285714285,0.07142857142857142,834.0,96.0
OAK,FLL,OAK → FLL,1,16.0,16.0,1.0,0.0,2576.0,278.0
OAK,GEG,OAK → GEG,304,12.585526315789474,10.4375,0.19736842105263158,0.006578947368421052,723.0,95.41776315789474
OAK,HNL,OAK → HNL,525,13.013333333333334,11.165714285714285,0.18857142857142858,0.0038095238095238095,2409.0,304.8361904761905
OAK,HOU,OAK → HOU,318,13.317610062893081,10.317610062893081,0.2138364779874214,0.025157232704402517,1642.0,192.81132075471697
OAK,IAH,OAK → IAH,25,13.28,10.32,0.12,0.0,1628.0,204.4
OAK,IDA,OAK → IDA,7,1.5714285714285714,4.857142857142857,0.14285714285714285,0.0,666.0,85.85714285714286
OAK,IND,OAK → IND,20,13.55,7.3,0.15,0.0,1933.0,214.55
OAK,JFK,OAK → JFK,38,23.526315789473685,19.42105263157895,0.18421052631578946,0.02631578947368421,2576.0,282.8157894736842
OAK,KOA,OAK → KOA,161,10.559006211180124,10.614906832298137,0.13664596273291926,0.024844720496894408,2378.0,294.62111801242236
OAK,LAS,OAK → LAS,2014,13.040218470705064,12.537735849056604,0.20456802383316783,0.030784508440913606,407.0,63.923038728897716
OAK,LAX,OAK → LAX,1825,8.580821917808219,6.826301369863014,0.12493150684931507,0.02684931506849315,337.0,54.315616438356166
OAK,LGB,OAK → LGB,797,8.307402760351318,6.863237139272271,0.1191969887076537,0.020075282308657464,353.0,59.5922208281054
OAK,LIH,OAK → LIH,256,9.43359375,9.578125,0.15234375,0.0078125,2457.0,309.1015625
OAK,MCI,OAK → MCI,151,10.092715231788079,7.549668874172186,0.152317880794702,0.039735099337748346,1489.0,168.7682119205298
OAK,MCO,OAK → MCO,29,5.620689655172414,3.1379310344827585,0.06896551724137931,0.0,2438.0,278.51724137931035
OAK,MDW,OAK → MDW,385,8.688311688311689,6.716883116883117,0.10649350649350649,0.04415584415584416,1844.0,209.32467532467533
OAK,MEM,OAK → MEM,1,0.0,0.0,0.0,0.0,1798.0,213.0
OAK,MSO,OAK → MSO,19,18.68421052631579,19.94736842105263,0.3684210526315789,0.0,758.0,96.21052631578948
OAK,MSP,OAK → MSP,32,8.40625,5.53125,0.0625,0.03125,1578.0,180.46875
OAK,MSY,OAK → MSY,53,7.849056603773585,5.716981132075472,0.1320754716981132,0.07547169811320754,1903.0,203.81132075471697
OAK,OGG,OAK → OGG,431,9.341067285382831,8.703016241299304,0.16473317865429235,0.013921113689095127,2349.0,295.5429234338747
OAK,ONT,OAK → ONT,823,9.907654921020656,8.030376670716889,0.15552855407047386,0.02187120291616039,362.0,55.57108140947752
OAK,ORD,OAK → ORD,36,11.166666666666666,12.166666666666666,0.19444444444444445,0.05555555555555555,1836.0,207.94444444444446
OAK,PDX,OAK → PDX,989,9.718907987866531,7.8554095045500505,0.14155712841253792,0.021233569261880688,543.0,76.24974721941355
OAK,PHL,OAK → PHL,27,22.703703703703702,19.925925925925927,0.18518518518518517,0.037037037037037035,2511.0,277.77777777777777
OAK,PHX,OAK → PHX,1104,12.03713768115942,10.407608695652174,0.16847826086956522,0.03260869565217391,646.0,88.0126811594203
OAK,PSP,OAK → PSP,201,15.149253731343284,13.482587064676617,0.22388059701492538,0.004975124378109453,418.0,65.92039800995025
OAK,RNO,OAK → RNO,231,16.242424242424242,13.484848484848484,0.21645021645021645,0.030303030303030304,181.0,33.108225108225106
OAK,SAN,OAK → SAN,1478,9.648173207036535,8.72936400541272,0.17253044654939106,0.028416779431664412,446.0,66.7489851150203
OAK,SAT,OAK → SAT,26,10.192307692307692,6.076923076923077,0.07692307692307693,0.11538461538461539,1476.0,153.65384615384616
OAK,SBA,OAK → SBA,82,13.024390243902438,10.951219512195122,0.14634146341463414,0.0,263.0,46.26829268292683
OAK,SEA,OAK → SEA,1310,10.141221374045802,8.999236641221374,0.1763358778625954,0.016793893129770993,672.0,95.78854961832062
OAK,SLC,OAK → SLC,960,9.636458333333334,8.648958333333333,0.125,0.009375,588.0,81.77708333333334
OAK,SMF,OAK → SMF,1,0.0,0.0,0.0,0.0,75.0,21.0
OAK,SNA,OAK → SNA,1158,8.390328151986184,6.924006908462867,0.15198618307426598,0.016407599309153715,371.0,63.524179620034545
OAK,STL,OAK → STL,78,9.166666666666666,5.948717948717949,0.11538461538461539,0.05128205128205128,1725.0,189.6153846153846
OAK,TUS,OAK → TUS,11,18.272727272727273,15.727272727272727,0.45454545454545453,0.0,747.0,98.72727272727273
OGD,AZA,OGD → AZA,17,17.764705882352942,16.705882352941178,0.17647058823529413,0.17647058823529413,544.0,65.23529411764706
OGG,ANC,OGG → ANC,43,15.279069767441861,13.279069767441861,0.23255813953488372,0.0,2797.0,330.16279069767444
OGG,ATL,OGG → ATL,18,26.61111111111111,15.166666666666666,0.3888888888888889,0.0,4431.0,459.3888888888889
OGG,BLI,OGG → BLI,7,19.285714285714285,14.142857142857142,0.14285714285714285,0.0,2681.0,310.0
OGG,DEN,OGG → DEN,189,5.111111111111111,5.608465608465608,0.07936507936507936,0.037037037037037035,3302.0,345.3333333333333
OGG,DFW,OGG → DFW,264,16.856060606060606,17.325757575757574,0.11363636363636363,0.015151515151515152,3711.0,386.8181818181818
OGG,EWR,OGG → EWR,17,13.647058823529411,6.352941176470588,0.11764705882352941,0.0,4904.0,525.8235294117648
OGG,HNL,OGG → HNL,4656,7.1576460481099655,8.345360824742269,0.16988831615120276,0.014390034364261168,100.0,23.771048109965637
OGG,ITO,OGG → ITO,187,6.331550802139038,6.577540106951871,0.12834224598930483,0.03208556149732621,121.0,24.545454545454547
OGG,KOA,OGG → KOA,639,9.289514866979657,10.02660406885759,0.2190923317683881,0.012519561815336464,84.0,21.136150234741784
OGG,LAS,OGG → LAS,170,9.617647058823529,10.141176470588235,0.1588235294117647,0.0058823529411764705,2695.0,308.70588235294116
OGG,LAX,OGG → LAX,1415,8.240282685512367,7.766077738515901,0.14770318021201415,0.009187279151943463,2486.0,283.59010600706716
OGG,LGB,OGG → LGB,151,12.774834437086092,9.364238410596027,0.1390728476821192,0.006622516556291391,2498.0,285.71523178807945
OGG,LIH,OGG → LIH,449,9.930957683741648,11.285077951002227,0.20489977728285078,0.017817371937639197,201.0,33.98440979955456
OGG,OAK,OGG → OAK,455,10.87912087912088,9.27912087912088,0.2021978021978022,0.008791208791208791,2349.0,272.33846153846156
OGG,ORD,OGG → ORD,97,18.22680412371134,18.350515463917525,0.16494845360824742,0.010309278350515464,4184.0,435.659793814433
OGG,PDX,OGG → PDX,394,13.48477157360406,13.345177664974619,0.2512690355329949,0.01015228426395939,2562.0,299.6700507614213
OGG,PHX,OGG → PHX,291,27.61855670103093,24.766323024054984,0.11683848797250859,0.013745704467353952,2845.0,314.5360824742268
OGG,SAN,OGG → SAN,362,15.240331491712707,13.853591160220995,0.24861878453038674,0.0027624309392265192,2541.0,294.82872928176795
OGG,SEA,OGG → SEA,752,15.98936170212766,17.210106382978722,0.23537234042553193,0.010638297872340425,2640.0,309.33909574468083
OGG,SFO,OGG → SFO,860,12.145348837209303,11.569767441860465,0.16046511627906976,0.018604651162790697,2338.0,266.0558139534884
OGG,SJC,OGG → SJC,509,10.732809430255402,10.200392927308448,0.16895874263261296,0.011787819253438114,2355.0,273.2121807465619
OGG,SLC,OGG → SLC,56,31.214285714285715,31.232142857142858,0.21428571428571427,0.0,2935.0,327.01785714285717
OGG,SMF,OGG → SMF,275,10.174545454545454,7.9781818181818185,0.14181818181818182,0.01090909090909091,2404.0,278.10545454545456
OGS,IAD,OGS → IAD,149,32.308724832214764,31.71812080536913,0.15436241610738255,0.026845637583892617,409.0,66.87248322147651
OGS,ORD,OGS → ORD,60,24.9,23.583333333333332,0.08333333333333333,0.08333333333333333,654.0,100.45
OGS,PBG,OGS → PBG,2,0.0,0.0,0.0,0.0,98.0,24.0
OGS,PIE,OGS → PIE,1,0.0,0.0,0.0,0.0,1224.0,155.0
OGS,SFB,OGS → SFB,9,47.666666666666664,53.44444444444444,0.2222222222222222,0.0,1142.0,156.11111111111111
OKC,ATL,OKC → ATL,928,8.482758620689655,8.431034482758621,0.08512931034482758,0.00646551724137931,761.0,96.53232758620689
OKC,AUS,OKC → AUS,138,13.579710144927537,13.355072463768115,0.13043478260869565,0.007246376811594203,358.0,55.0
OKC,BNA,OKC → BNA,46,4.239130434782608,3.130434782608696,0.06521739130434782,0.08695652173913043,616.0,71.97826086956522
OKC,BWI,OKC → BWI,59,12.661016949152541,10.64406779661017,0.15254237288135594,0.05084745762711865,1180.0,133.83050847457628
OKC,CLT,OKC → CLT,388,15.858247422680412,16.489690721649485,0.14690721649484537,0.02577319587628866,940.0,116.8582474226804
OKC,DAL,OKC → DAL,106,9.962264150943396,10.349056603773585,0.12264150943396226,0.009433962264150943,181.0,36.367924528301884
OKC,DCA,OKC → DCA,238,9.722689075630251,11.105042016806722,0.15546218487394958,0.01680672268907563,1158.0,140.64285714285714
OKC,DEN,OKC → DEN,1196,13.971571906354516,14.749163879598662,0.17391304347826086,0.026755852842809364,495.0,76.50167224080268
OKC,DFW,OKC → DFW,1319,17.649734647460196,19.251705837755875,0.20773313115996966,0.0356330553449583,175.0,34.87793783169067
OKC,DTW,OKC → DTW,65,7.6,8.261538461538462,0.06153846153846154,0.0,900.0,117.38461538461539
OKC,EWR,OKC → EWR,27,2.0,2.4814814814814814,0.037037037037037035,0.037037037037037035,1325.0,161.40740740740742
OKC,HOU,OKC → HOU,555,8.136936936936937,8.122522522522523,0.13333333333333333,0.032432432432432434,419.0,63.012612612612614
OKC,IAD,OKC → IAD,46,1.4565217391304348,4.760869565217392,0.15217391304347827,0.06521739130434782,1136.0,130.5
OKC,IAH,OKC → IAH,810,11.88395061728395,13.637037037037038,0.1814814814814815,0.024691358024691357,395.0,64.13086419753087
OKC,LAS,OKC → LAS,318,10.276729559748428,9.946540880503145,0.20754716981132076,0.03459119496855346,986.0,133.4433962264151
OKC,LAX,OKC → LAX,204,10.181372549019608,12.254901960784315,0.18137254901960784,0.0,1187.0,166.5343137254902
OKC,LGA,OKC → LGA,114,8.342105263157896,8.93859649122807,0.12280701754385964,0.03508771929824561,1341.0,165.91228070175438
OKC,LIT,OKC → LIT,1,0.0,0.0,0.0,0.0,308.0,43.0
OKC,MCO,OKC → MCO,55,11.418181818181818,14.781818181818181,0.2545454545454545,0.01818181818181818,1069.0,136.36363636363637
OKC,MDW,OKC → MDW,175,7.485714285714286,6.234285714285714,0.08571428571428572,0.045714285714285714,691.0,88.4
OKC,MIA,OKC → MIA,73,2.6575342465753424,5.328767123287672,0.0821917808219178,0.0410958904109589,1222.0,149.56164383561645
OKC,MSP,OKC → MSP,245,9.33469387755102,8.624489795918368,0.10204081632653061,0.012244897959183673,694.0,96.3265306122449
OKC,ORD,OKC → ORD,764,17.69240837696335,18.236910994764397,0.168848167539267,0.020942408376963352,693.0,95.69371727748691
OKC,PHL,OKC → PHL,48,13.916666666666666,12.125,0.1875,0.041666666666666664,1261.0,155.27083333333334
OKC,PHX,OKC → PHX,711,17.60056258790436,17.19127988748242,0.1617440225035162,0.01969057665260197,833.0,120.54711673699015
OKC,SAT,OKC → SAT,46,6.5,6.173913043478261,0.10869565217391304,0.0,407.0,64.1304347826087
OKC,SEA,OKC → SEA,105,8.123809523809523,7.9904761904761905,0.17142857142857143,0.02857142857142857,1519.0,205.83809523809524
OKC,SFB,OKC → SFB,20,11.75,10.05,0.25,0.0,1061.0,130.55
OKC,SFO,OKC → SFO,51,22.19607843137255,20.647058823529413,0.13725490196078433,0.0196078431372549,1384.0,193.41176470588235
OKC,SLC,OKC → SLC,324,19.34259259259259,19.003086419753085,0.08641975308641975,0.0030864197530864196,866.0,129.1358024691358
OKC,STL,OKC → STL,278,6.856115107913669,5.996402877697841,0.10431654676258993,0.02158273381294964,462.0,62.4568345323741
OKC,TPA,OKC → TPA,2,0.0,0.0,0.0,0.0,1023.0,126.0
OKC,VPS,OKC → VPS,36,15.722222222222221,18.0,0.3333333333333333,0.0,726.0,96.72222222222223
OMA,ATL,OMA → ATL,851,12.401880141010576,11.741480611045828,0.12338425381903642,0.011750881316098707,821.0,104.57344300822562
OMA,AUS,OMA → AUS,7,40.714285714285715,38.42857142857143,0.14285714285714285,0.0,772.0,98.14285714285714
OMA,AZA,OMA → AZA,39,6.538461538461538,7.051282051282051,0.15384615384615385,0.05128205128205128,1026.0,135.5897435897436
OMA,BNA,OMA → BNA,13,4.384615384615385,3.1538461538461537,0.07692307692307693,0.07692307692307693,612.0,76.0
OMA,CLT,OMA → CLT,410,10.441463414634146,10.792682926829269,0.12926829268292683,0.014634146341463415,913.0,118.1951219512195
OMA,DAL,OMA → DAL,157,12.757961783439491,11.0828025477707,0.24203821656050956,0.03821656050955414,585.9426751592357,82.78980891719745
OMA,DCA,OMA → DCA,221,9.524886877828054,9.479638009049774,0.17647058823529413,0.02262443438914027,1012.0,122.31221719457014
OMA,DEN,OMA → DEN,1293,12.25599381283836,13.650425367362722,0.1848414539829853,0.026295436968290797,472.0,73.05491105955143
OMA,DFW,OMA → DFW,689,12.361393323657474,13.11611030478955,0.1509433962264151,0.030478955007256895,583.0,85.7300435413643
OMA,DTW,OMA → DTW,389,12.560411311053985,12.902313624678664,0.13624678663239073,0.012853470437017995,651.0,87.75064267352185
OMA,EWR,OMA → EWR,99,15.757575757575758,16.575757575757574,0.30303030303030304,0.030303030303030304,1134.0,134.34343434343435
OMA,HOU,OMA → HOU,147,11.285714285714286,9.156462585034014,0.1564625850340136,0.02040816326530612,804.0,113.39455782312925
OMA,IAH,OMA → IAH,434,8.527649769585253,10.654377880184331,0.1382488479262673,0.041474654377880185,781.0,111.62903225806451
OMA,LAS,OMA → LAS,475,10.589473684210526,10.452631578947368,0.1831578947368421,0.029473684210526315,1099.0,146.9978947368421
OMA,LAX,OMA → LAX,135,29.79259259259259,29.844444444444445,0.18518518518518517,0.037037037037037035,1330.0,174.95555555555555
OMA,LGA,OMA → LGA,294,12.0578231292517,13.581632653061224,0.17687074829931973,0.05102040816326531,1148.0,136.64285714285714
OMA,MCO,OMA → MCO,94,17.21276595744681,17.24468085106383,0.26595744680851063,0.05319148936170213,1211.0,140.2872340425532
OMA,MDW,OMA → MDW,654,10.551987767584098,9.920489296636086,0.1636085626911315,0.04892966360856269,423.0,60.547400611620795
OMA,MIA,OMA → MIA,56,8.446428571428571,8.517857142857142,0.05357142857142857,0.03571428571428571,1393.0,165.30357142857142
OMA,MSP,OMA → MSP,738,9.785907859078591,10.184281842818429,0.10569105691056911,0.013550135501355014,282.0,50.02168021680217
OMA,ORD,OMA → ORD,1130,11.291150442477877,11.691150442477877,0.12920353982300886,0.03982300884955752,416.0,63.760176991150445
OMA,PDX,OMA → PDX,8,0.375,1.5,0.0,0.0,1369.0,189.625
OMA,PGD,OMA → PGD,22,9.227272727272727,10.363636363636363,0.3181818181818182,0.0,1269.0,153.13636363636363
OMA,PHL,OMA → PHL,79,9.886075949367088,9.481012658227849,0.08860759493670886,0.05063291139240506,1088.0,128.126582278481
OMA,PHX,OMA → PHX,616,9.7012987012987,9.181818181818182,0.12987012987012986,0.012987012987012988,1037.0,144.40746753246754
OMA,PIE,OMA → PIE,30,17.166666666666668,22.1,0.4,0.0,1188.0,144.23333333333332
OMA,RSW,OMA → RSW,19,3.3157894736842106,6.473684210526316,0.10526315789473684,0.05263157894736842,1299.0,147.05263157894737
OMA,SAN,OMA → SAN,55,6.5636363636363635,5.4363636363636365,0.07272727272727272,0.01818181818181818,1313.0,179.5818181818182
OMA,SEA,OMA → SEA,198,7.611111111111111,10.222222222222221,0.21212121212121213,0.04040404040404041,1368.0,184.76262626262627
OMA,SFB,OMA → SFB,51,17.823529411764707,16.686274509803923,0.29411764705882354,0.058823529411764705,1195.0,137.7843137254902
OMA,SFO,OMA → SFO,102,6.411764705882353,5.7745098039215685,0.09803921568627451,0.029411764705882353,1433.0,192.57843137254903
OMA,SLC,OMA → SLC,418,10.83732057416268,11.291866028708133,0.11483253588516747,0.004784688995215311,840.0,130.5071770334928
OMA,STL,OMA → STL,343,8.431486880466473,7.594752186588921,0.10204081632653061,0.026239067055393587,342.0,49.44897959183673
OMA,TPA,OMA → TPA,3,50.666666666666664,51.0,0.6666666666666666,0.0,1190.0,147.0
OMA,VPS,OMA → VPS,17,13.529411764705882,12.117647058823529,0.17647058823529413,0.0,911.0,114.29411764705883
OME,ANC,OME → ANC,204,3.9705882352941178,4.720588235294118,0.09803921568627451,0.049019607843137254,539.0,70.3578431372549
OME,OTZ,OME → OTZ,90,6.0,5.977777777777778,0.16666666666666666,0.022222222222222223,183.0,32.34444444444444
ONT,ATL,ONT → ATL,324,10.089506172839506,9.984567901234568,0.12345679012345678,0.015432098765432098,1900.0,216.59567901234567
ONT,AUS,ONT → AUS,70,5.9714285714285715,5.414285714285715,0.1,0.02857142857142857,1196.0,139.37142857142857
ONT,CLT,ONT → CLT,61,44.22950819672131,41.0,0.22950819672131148,0.01639344262295082,2078.0,239.98360655737704
ONT,DAL,ONT → DAL,131,7.854961832061068,8.83969465648855,0.20610687022900764,0.03816793893129771,1200.0,144.55725190839695
ONT,DEN,ONT → DEN,974,10.40041067761807,9.805954825462011,0.13552361396303902,0.028747433264887063,819.0,104.46817248459959
ONT,DFW,ONT → DFW,956,16.088912133891213,15.56276150627615,0.16422594142259414,0.02405857740585774,1188.0,144.03242677824267
ONT,HNL,ONT → HNL,96,7.697916666666667,7.541666666666667,0.13541666666666666,0.0,2603.0,334.4583333333333
ONT,HOU,ONT → HOU,23,3.0869565217391304,5.217391304347826,0.13043478260869565,0.043478260869565216,1345.0,152.7826086956522
ONT,IAH,ONT → IAH,101,16.96039603960396,18.04950495049505,0.1188118811881188,0.019801980198019802,1334.0,159.009900990099
ONT,JFK,ONT → JFK,124,46.41935483870968,43.71774193548387,0.31451612903225806,0.056451612903225805,2429.0,267.7903225806452
ONT,LAS,ONT → LAS,790,12.569620253164556,13.211392405063291,0.20506329113924052,0.008860759493670886,197.0,39.31772151898734
ONT,MCO,ONT → MCO,118,37.144067796610166,33.47457627118644,0.3305084745762712,0.05084745762711865,2171.0,236.73728813559322
ONT,MDW,ONT → MDW,165,6.866666666666666,6.163636363636364,0.12727272727272726,0.030303030303030304,1706.0,197.76363636363635
ONT,OAK,ONT → OAK,815,8.342331288343559,7.306748466257669,0.1276073619631902,0.02822085889570552,362.0,54.11042944785276
ONT,ORD,ONT → ORD,24,5.958333333333333,5.375,0.08333333333333333,0.041666666666666664,1700.0,195.375
ONT,PDX,ONT → PDX,213,3.6056338028169015,3.2816901408450705,0.07981220657276995,0.04225352112676056,838.0,113.5774647887324
ONT,PHX,ONT → PHX,1329,9.972911963882618,9.669676448457487,0.13243039879608728,0.03235515425131678,325.0,50.11060948081264
ONT,SAT,ONT → SAT,7,0.0,0.0,0.0,0.0,1166.0,140.71428571428572
ONT,SEA,ONT → SEA,797,6.526976160602258,6.878293601003764,0.09535759096612297,0.02383939774153074,956.0,134.05269761606021
ONT,SFO,ONT → SFO,813,17.870848708487085,17.894218942189422,0.1980319803198032,0.03444034440344403,363.0,58.1070110701107
ONT,SJC,ONT → SJC,607,8.514003294892916,7.771004942339374,0.14662273476112025,0.019769357495881382,333.0,51.23228995057661
ONT,SLC,ONT → SLC,618,8.728155339805825,8.354368932038835,0.0889967637540453,0.011326860841423949,558.0,80.2588996763754
ONT,SMF,ONT → SMF,931,9.455424274973147,7.64983888292159,0.13748657357679914,0.031149301825993556,390.0,59.432867883995705
ORD,ABE,ORD → ABE,273,17.604395604395606,19.113553113553113,0.23076923076923078,0.029304029304029304,654.2417582417582,85.02564102564102
ORD,ABQ,ORD → ABQ,403,10.33002481389578,11.513647642679901,0.20595533498759305,0.04218362282878412,1118.0,152.24565756823822
ORD,ACK,ORD → ACK,2,0.0,18.5,0.5,0.0,924.0,136.5
ORD,AGS,ORD → AGS,8,11.5,31.5,0.5,0.0,677.0,106.375
ORD,ALB,ORD → ALB,596,12.093959731543624,13.498322147651006,0.20134228187919462,0.040268456375838924,723.0,87.12919463087249
ORD,ALO,ORD → ALO,255,8.568627450980392,10.266666666666667,0.10980392156862745,0.047058823529411764,234.0,41.68627450980392
ORD,ANC,ORD → ANC,270,19.477777777777778,19.44074074074074,0.22962962962962963,0.011111111111111112,2846.0,361.6111111111111
ORD,ASE,ORD → ASE,425,26.543529411764705,27.458823529411763,0.27294117647058824,0.06352941176470588,1013.0,142.27764705882353
ORD,ATL,ORD → ATL,2845,15.020386643233744,15.696309314586994,0.18629173989455183,0.021441124780316345,606.0,84.70087873462215
ORD,ATW,ORD → ATW,466,9.07510729613734,10.67381974248927,0.16952789699570817,0.034334763948497854,160.7167381974249,31.242489270386265
ORD,ATY,ORD → ATY,58,5.051724137931035,4.758620689655173,0.13793103448275862,0.034482758620689655,507.0,83.39655172413794
ORD,AUS,ORD → AUS,1368,15.407163742690058,16.450292397660817,0.22880116959064328,0.025584795321637425,977.0,132.81505847953215
ORD,AVL,ORD → AVL,270,12.551851851851852,14.277777777777779,0.24444444444444444,0.02962962962962963,536.0,74.96666666666667
ORD,AVP,ORD → AVP,313,10.76038338658147,11.645367412140574,0.17891373801916932,0.03194888178913738,632.0,82.24281150159744
ORD,AZO,ORD → AZO,272,11.408088235294118,11.974264705882353,0.1875,0.03308823529411765,122.0,24.621323529411764
ORD,BDL,ORD → BDL,908,12.157488986784141,12.75,0.19162995594713655,0.037444933920704845,783.0,94.78414096916299
ORD,BFM,ORD → BFM,6,3.6666666666666665,4.5,0.16666666666666666,0.0,782.0,104.33333333333333
ORD,BGR,ORD → BGR,145,16.889655172413793,16.6,0.14482758620689656,0.006896551724137931,978.0,121.95862068965518
ORD,BHM,ORD → BHM,391,12.406649616368286,14.222506393861893,0.20460358056265984,0.028132992327365727,583.2429667519182,82.00255754475704
ORD,BIL,ORD → BIL,29,18.689655172413794,17.24137931034483,0.3103448275862069,0.0,1060.6896551724137,148.58620689655172
ORD,BIS,ORD → BIS,33,20.272727272727273,19.12121212121212,0.21212121212121213,0.0,716.0,113.06060606060606
ORD,BKG,ORD → BKG,8,6.625,5.0,0.25,0.0,471.0,71.25
ORD,BMI,ORD → BMI,283,7.586572438162544,7.590106007067138,0.13427561837455831,0.04946996466431095,116.0,24.063604240282686
ORD,BNA,ORD → BNA,2070,15.89806763285024,16.471980676328503,0.22077294685990337,0.02608695652173913,409.0,60.39855072463768
ORD,BOI,ORD → BOI,457,9.49015317286652,10.669584245076587,0.17067833698030635,0.01312910284463895,1437.0,199.9781181619256
ORD,BOS,ORD → BOS,2685,17.689385474860334,18.266294227188084,0.20297951582867785,0.030912476722532587,867.0,105.04469273743017
ORD,BRO,ORD → BRO,2,0.0,0.0,0.0,0.0,1233.0,171.0
ORD,BTV,ORD → BTV,389,14.491002570694087,14.344473007712082,0.1953727506426735,0.033419023136246784,763.0,94.17737789203085
ORD,BUF,ORD → BUF,736,15.36413043478261,16.23641304347826,0.21603260869565216,0.035326086956521736,473.26630434782606,63.202445652173914
ORD,BWI,ORD → BWI,1303,11.812739831158865,12.18188795088258,0.1987720644666155,0.02686108979278588,621.2547966231773,82.05065234075211
ORD,BZN,ORD → BZN,360,13.233333333333333,13.116666666666667,0.175,0.011111111111111112,1185.7388888888888,167.42777777777778
ORD,CAE,ORD → CAE,28,13.25,16.25,0.2857142857142857,0.03571428571428571,666.0,90.92857142857143
ORD,CAK,ORD → CAK,202,17.41089108910891,19.47029702970297,0.2079207920792079,0.039603960396039604,343.0,53.698019801980195
ORD,CGI,ORD → CGI,158,16.658227848101266,17.018987341772153,0.13924050632911392,0.056962025316455694,339.04430379746833,52.32911392405063
ORD,CHA,ORD → CHA,163,13.39877300613497,14.60122699386503,0.22085889570552147,0.049079754601226995,500.4723926380368,68.44171779141104
ORD,CHO,ORD → CHO,104,10.942307692307692,12.326923076923077,0.18269230769230768,0.038461538461538464,566.0,79.13461538461539
ORD,CHS,ORD → CHS,572,10.113636363636363,10.795454545454545,0.17657342657342656,0.03671328671328671,760.0,98.14685314685315
ORD,CID,ORD → CID,863,13.544611819235225,14.665121668597914,0.21320973348783315,0.05098493626882966,196.0,35.315179606025495
ORD,CKB,ORD → CKB,139,17.712230215827336,17.35251798561151,0.20863309352517986,0.050359712230215826,444.0,60.63309352517986
ORD,CLE,ORD → CLE,1563,11.731285988483686,11.980806142034549,0.19257837492002558,0.030710172744721688,315.22456813819576,46.651311580294305
ORD,CLT,ORD → CLT,1874,14.330843116328708,13.784418356456777,0.17235859124866595,0.02454642475987193,599.0,83.25880469583778
ORD,CMH,ORD → CMH,1484,10.914420485175203,12.678571428571429,0.20148247978436656,0.020889487870619946,296.0,47.46630727762803
ORD,CMI,ORD → CMI,449,11.278396436525613,12.282850779510023,0.1714922048997773,0.07349665924276169,135.0,25.79510022271715
ORD,CMX,ORD → CMX,323,21.46749226006192,21.306501547987615,0.17956656346749225,0.05572755417956656,360.0,54.752321981424146
ORD,COD,ORD → COD,1,0.0,0.0,0.0,0.0,1077.0,154.0
ORD,COS,ORD → COS,377,16.53050397877984,16.94164456233422,0.246684350132626,0.023872679045092837,911.0,129.29442970822282
ORD,COU,ORD → COU,312,13.64423076923077,14.51923076923077,0.22115384615384615,0.0641025641025641,315.0,51.18910256410256
ORD,CRW,ORD → CRW,139,22.165467625899282,24.654676258992804,0.2733812949640288,0.007194244604316547,416.0,65.46043165467626
ORD,CVG,ORD → CVG,1475,15.366779661016949,17.2,0.20745762711864407,0.03728813559322034,264.0,43.317966101694914
ORD,CWA,ORD → CWA,344,12.279069767441861,13.851744186046512,0.1511627906976744,0.046511627906976744,213.0,38.20639534883721
ORD,DAL,ORD → DAL,358,20.298882681564248,18.71508379888268,0.31843575418994413,0.03910614525139665,798.0,110.02234636871508
ORD,DAY,ORD → DAY,431,9.522041763341067,11.134570765661254,0.1925754060324826,0.048723897911832945,240.0,40.67981438515081
ORD,DBQ,ORD → DBQ,263,9.372623574144487,11.505703422053232,0.19771863117870722,0.03802281368821293,147.0,29.893536121673005
ORD,DCA,ORD → DCA,2735,12.820840950639854,13.284095063985374,0.17915904936014626,0.040585009140767826,612.0,79.94259597806216
ORD,DEC,ORD → DEC,212,7.471698113207547,7.221698113207547,0.1179245283018868,0.04716981132075472,156.0,29.580188679245282
ORD,DEN,ORD → DEN,2724,14.206314243759177,14.626284875183554,0.21659324522760645,0.026798825256975037,888.0,124.8593979441997
ORD,DFW,ORD → DFW,2726,15.96441672780631,16.152971386647103,0.2123991195891416,0.02641232575201761,801.2234042553191,113.3349229640499
ORD,DLH,ORD → DLH,300,15.14,14.286666666666667,0.19666666666666666,0.05333333333333334,397.0,61.473333333333336
ORD,DRO,ORD → DRO,6,31.666666666666668,32.333333333333336,0.5,0.0,1107.0,156.16666666666666
ORD,DSM,ORD → DSM,1084,12.263837638376383,13.615313653136532,0.2177121771217712,0.04059040590405904,299.0,49.40959409594096
ORD,DTW,ORD → DTW,2385,13.423060796645702,13.904821802935011,0.1740041928721174,0.028930817610062894,235.0,46.50566037735849
ORD,EAR,ORD → EAR,106,8.273584905660377,8.018867924528301,0.1320754716981132,0.018867924528301886,583.0,90.34905660377359
ORD,EAU,ORD → EAU,308,18.38961038961039,17.56168831168831,0.18831168831168832,0.04220779220779221,269.0,46.62662337662338
ORD,ECP,ORD → ECP,28,26.892857142857142,28.214285714285715,0.25,0.07142857142857142,809.1428571428571,101.67857142857143
ORD,EGE,ORD → EGE,125,13.56,12.12,0.216,0.088,1007.0,133.976
ORD,ELP,ORD → ELP,351,10.096866096866098,10.94017094017094,0.19373219373219372,0.011396011396011397,1236.0,169.62108262108262
ORD,ERI,ORD → ERI,61,11.180327868852459,13.704918032786885,0.16393442622950818,0.0,398.0,58.295081967213115
ORD,EUG,ORD → EUG,49,13.510204081632653,14.775510204081632,0.30612244897959184,0.02040816326530612,1780.0,242.85714285714286
ORD,EVV,ORD → EVV,135,10.333333333333334,13.42962962962963,0.23703703703703705,0.07407407407407407,272.0,42.45185185185185
ORD,EWR,ORD → EWR,2090,19.09282296650718,20.918181818181818,0.2645933014354067,0.04114832535885168,719.0,90.38086124401914
ORD,EYW,ORD → EYW,212,10.81132075471698,16.96698113207547,0.27358490566037735,0.02358490566037736,1251.0,156.94811320754718
ORD,FAI,ORD → FAI,60,23.683333333333334,20.45,0.2833333333333333,0.0,2785.0,355.28333333333336
ORD,FAR,ORD → FAR,640,11.28125,13.0734375,0.225,0.046875,557.0,85.1578125
ORD,FAT,ORD → FAT,82,21.29268292682927,21.073170731707318,0.21951219512195122,0.04878048780487805,1730.0,221.1829268292683
ORD,FCA,ORD → FCA,151,8.291390728476822,10.708609271523178,0.19205298013245034,0.013245033112582781,1352.0,192.96688741721854
ORD,FLL,ORD → FLL,1330,12.190977443609022,12.457894736842105,0.17669172932330826,0.018796992481203006,1182.0,150.56917293233082
ORD,FNT,ORD → FNT,487,10.219712525667351,11.655030800821356,0.1704312114989733,0.045174537987679675,223.0,36.45790554414784
ORD,FOD,ORD → FOD,94,27.180851063829788,26.04255319148936,0.14893617021276595,0.09574468085106383,325.0,50.638297872340424
ORD,FSD,ORD → FSD,563,14.319715808170516,15.680284191829484,0.23090586145648312,0.035523978685612786,462.7619893428064,71.81349911190053
ORD,FWA,ORD → FWA,733,16.791268758526602,17.645293315143245,0.2291950886766712,0.03819918144611187,157.0,29.93451568894952
ORD,GEG,ORD → GEG,105,15.323809523809524,11.657142857142857,0.19047619047619047,0.05714285714285714,1498.0,191.6952380952381
ORD,GJT,ORD → GJT,2,0.0,0.0,0.0,0.0,1100.0,160.0
ORD,GRB,ORD → GRB,726,13.81129476584022,15.1267217630854,0.1859504132231405,0.048209366391184574,173.77823691460054,32.21212121212121
ORD,GRR,ORD → GRR,1164,13.509450171821307,14.331615120274915,0.18814432989690721,0.03436426116838488,137.0,27.564432989690722
ORD,GSO,ORD → GSO,310,9.661290322580646,10.509677419354839,0.17096774193548386,0.02903225806451613,589.0,81.85806451612903
ORD,GSP,ORD → GSP,463,10.600431965442764,11.032397408207343,0.19870410367170627,0.028077753779697623,577.0,78.9157667386609
ORD,GTF,ORD → GTF,7,2.4285714285714284,1.7142857142857142,0.0,0.0,1210.7142857142858,170.0
ORD,HDN,ORD → HDN,64,6.859375,6.96875,0.140625,0.0625,1009.0,141.28125
ORD,HHH,ORD → HHH,25,11.04,14.2,0.2,0.0,781.0,107.0
ORD,HNL,ORD → HNL,214,27.621495327102803,22.429906542056074,0.17289719626168223,0.004672897196261682,4243.0,506.5514018691589
ORD,HPN,ORD → HPN,440,13.888636363636364,16.077272727272728,0.21818181818181817,0.029545454545454545,738.0,95.75227272727273
ORD,HRL,ORD → HRL,11,17.454545454545453,14.090909090909092,0.36363636363636365,0.0,1219.0,175.1818181818182
ORD,HSV,ORD → HSV,243,12.320987654320987,15.074074074074074,0.2139917695473251,0.03292181069958848,510.0,71.69135802469135
ORD,HYS,ORD → HYS,37,5.783783783783784,5.0,0.08108108108108109,0.0,637.0,97.78378378378379
ORD,IAD,ORD → IAD,746,11.758713136729222,11.994638069705093,0.16219839142091153,0.020107238605898123,588.0,77.49731903485255
ORD,IAH,ORD → IAH,2029,14.055199605717101,14.131591917200591,0.19024149827501233,0.02464268112370626,925.0,130.18186298669295
ORD,ICT,ORD → ICT,716,11.597765363128492,13.168994413407821,0.19553072625698323,0.027932960893854747,588.0,88.83938547486034
ORD,ILM,ORD → ILM,44,7.4772727272727275,8.613636363636363,0.11363636363636363,0.022727272727272728,760.0,99.13636363636364
ORD,IND,ORD → IND,1547,14.430510665804784,15.40142210730446,0.18552036199095023,0.03619909502262444,177.0,32.49256625727214
ORD,JAC,ORD → JAC,299,19.066889632107024,18.909698996655518,0.23411371237458195,0.016722408026755852,1162.0,160.20735785953178
ORD,JAN,ORD → JAN,32,14.375,17.65625,0.25,0.0625,677.0,94.75
ORD,JAX,ORD → JAX,753,12.766268260292165,14.397078353253653,0.20717131474103587,0.021248339973439574,864.0,112.28419654714476
ORD,JFK,ORD → JFK,1025,18.074146341463415,18.910243902439024,0.22341463414634147,0.0448780487804878,740.0,97.54634146341463
ORD,JLN,ORD → JLN,104,16.73076923076923,17.442307692307693,0.17307692307692307,0.057692307692307696,484.0,73.08653846153847
ORD,JST,ORD → JST,80,8.1125,10.2375,0.2,0.05,487.0,64.9875
ORD,KOA,ORD → KOA,28,9.0,6.964285714285714,0.10714285714285714,0.0,4213.0,496.10714285714283
ORD,LAN,ORD → LAN,369,9.1869918699187,10.373983739837398,0.15989159891598917,0.04878048780487805,179.0,31.67750677506775
ORD,LAS,ORD → LAS,2160,17.691666666666666,16.84259259259259,0.23287037037037037,0.020370370370370372,1514.0,200.14814814814815
ORD,LAX,ORD → LAX,2972,16.476783310901748,15.16756393001346,0.2072678331090175,0.020524899057873486,1744.0,225.68438761776582
ORD,LEX,ORD → LEX,488,9.846311475409836,11.125,0.16598360655737704,0.0389344262295082,323.0,49.89549180327869
ORD,LGA,ORD → LGA,4605,18.472747014115093,19.801520086862105,0.23431053203040172,0.04386536373507058,733.0,93.67035830618893
ORD,LIT,ORD → LIT,579,14.373056994818652,16.91364421416235,0.2504317789291883,0.017271157167530225,552.0,81.79792746113989
ORD,LNK,ORD → LNK,201,14.64676616915423,15.776119402985074,0.22388059701492538,0.04477611940298507,466.0,70.69154228855722
ORD,LSE,ORD → LSE,354,10.799435028248588,12.38135593220339,0.2033898305084746,0.031073446327683617,215.0,42.37570621468927
ORD,LWB,ORD → LWB,160,11.5,11.73125,0.2,0.05,489.0,71.1125
ORD,MBS,ORD → MBS,198,7.3686868686868685,7.98989898989899,0.13131313131313133,0.025252525252525252,222.0,39.015151515151516
ORD,MCI,ORD → MCI,1332,13.725225225225225,14.457207207207206,0.21546546546546547,0.03453453453453453,403.0,62.67567567567568
ORD,MCO,ORD → MCO,2091,17.887613582018172,18.136298421807748,0.22812051649928264,0.026781444285031087,1005.0,126.59062649450024
ORD,MCW,ORD → MCW,96,18.760416666666668,15.635416666666666,0.17708333333333334,0.041666666666666664,288.7604166666667,50.59375
ORD,MDT,ORD → MDT,532,10.539473684210526,11.795112781954888,0.20488721804511278,0.03007518796992481,594.0,76.3515037593985
ORD,MEI,ORD → MEI,54,37.166666666666664,40.75925925925926,0.42592592592592593,0.05555555555555555,667.0,92.42592592592592
ORD,MEM,ORD → MEM,784,12.631377551020408,14.744897959183673,0.21428571428571427,0.039540816326530615,491.0,76.46938775510205
ORD,MHK,ORD → MHK,291,10.336769759450172,12.013745704467354,0.18900343642611683,0.024054982817869417,501.0,77.78350515463917
ORD,MHT,ORD → MHT,167,16.239520958083833,16.94610778443114,0.17964071856287425,0.011976047904191617,843.0,103.30538922155688
ORD,MIA,ORD → MIA,1738,17.186421173762945,17.68584579976985,0.21461449942462602,0.023014959723820484,1197.0,150.89067894131185
ORD,MKE,ORD → MKE,708,11.175141242937853,11.968926553672317,0.1765536723163842,0.0635593220338983,67.0,18.370056497175142
ORD,MKG,ORD → MKG,242,14.491735537190083,14.045454545454545,0.17768595041322313,0.05785123966942149,118.96280991735537,26.65289256198347
ORD,MLI,ORD → MLI,526,8.874524714828897,10.4106463878327,0.1482889733840304,0.06273764258555133,139.0,28.15209125475285
ORD,MQT,ORD → MQT,199,24.78894472361809,26.396984924623116,0.19597989949748743,0.03015075376884422,303.0,47.96482412060301
ORD,MSN,ORD → MSN,974,10.880903490759753,11.696098562628336,0.17145790554414783,0.043121149897330596,108.7659137577002,26.542094455852155
ORD,MSO,ORD → MSO,83,10.156626506024097,10.216867469879517,0.18072289156626506,0.0,1332.0,184.289156626506
ORD,MSP,ORD → MSP,2572,14.396189735614309,14.550155520995334,0.18351477449455678,0.025660964230171075,334.0,58.81454121306376
ORD,MSY,ORD → MSY,796,11.821608040201005,12.134422110552764,0.20979899497487436,0.017587939698492462,836.2298994974874,112.08793969849246
ORD,MTJ,ORD → MTJ,94,7.127659574468085,8.202127659574469,0.1702127659574468,0.02127659574468085,1081.0,155.61702127659575
ORD,MVY,ORD → MVY,1,0.0,0.0,0.0,0.0,894.0,129.0
ORD,MYR,ORD → MYR,216,11.148148148148149,12.13888888888889,0.2037037037037037,0.004629629629629629,753.0,97.33796296296296
ORD,OAK,ORD → OAK,45,22.555555555555557,20.555555555555557,0.28888888888888886,0.0,1836.0,242.8
ORD,OGG,ORD → OGG,111,16.2972972972973,17.126126126126128,0.32432432432432434,0.018018018018018018,4184.0,495.27927927927925
ORD,OGS,ORD → OGS,43,17.46511627906977,17.88372093023256,0.13953488372093023,0.09302325581395349,654.0,82.48837209302326
ORD,OKC,ORD → OKC,719,16.25730180806676,17.152990264255912,0.22948539638386647,0.027816411682892908,693.0,102.64673157162726
ORD,OMA,ORD → OMA,1148,12.984320557491289,13.681184668989546,0.20644599303135888,0.02613240418118467,416.0,64.9904181184669
ORD,ONT,ORD → ONT,20,22.3,21.15,0.25,0.0,1700.0,225.3
ORD,ORF,ORD → ORF,652,11.901840490797547,13.409509202453988,0.18711656441717792,0.03067484662576687,717.0,96.3282208588957
ORD,PAH,ORD → PAH,246,12.272357723577235,12.548780487804878,0.17886178861788618,0.04065040650406504,342.0,51.707317073170735
ORD,PBI,ORD → PBI,369,12.585365853658537,14.07859078590786,0.20596205962059622,0.04065040650406504,1143.208672086721,147.0840108401084
ORD,PDX,ORD → PDX,878,14.342824601366743,14.322323462414579,0.1970387243735763,0.02164009111617312,1739.0,231.2277904328018
ORD,PHL,ORD → PHL,1891,16.947117927022738,16.402961396086727,0.16975145425700688,0.03278688524590164,678.0,86.33685880486514
ORD,PHX,ORD → PHX,2286,15.165791776027996,14.805336832895888,0.20341207349081364,0.016622922134733157,1440.0,193.80664916885388
ORD,PIA,ORD → PIA,433,8.450346420323326,10.316397228637413,0.19168591224018475,0.06697459584295612,130.0,27.66743648960739
ORD,PIT,ORD → PIT,1326,12.738310708898943,13.935897435897436,0.193815987933635,0.02865761689291101,413.0,57.6236802413273
ORD,PNS,ORD → PNS,161,11.93167701863354,13.813664596273291,0.18012422360248448,0.018633540372670808,794.0,108.92546583850931
ORD,PSP,ORD → PSP,240,8.929166666666667,10.241666666666667,0.225,0.029166666666666667,1651.7,225.37083333333334
ORD,PVD,ORD → PVD,535,13.6803738317757,15.102803738317757,0.205607476635514,0.028037383177570093,849.0,106.01121495327102
ORD,PWM,ORD → PWM,382,11.31413612565445,12.193717277486911,0.16230366492146597,0.02617801047120419,900.0,107.87434554973822
ORD,RAP,ORD → RAP,251,12.111553784860558,13.358565737051793,0.199203187250996,0.01195219123505976,779.8645418326694,112.78884462151395
ORD,RDM,ORD → RDM,16,22.5,15.25,0.1875,0.0,1677.0,232.1875
ORD,RDU,ORD → RDU,1168,14.000856164383562,14.11472602739726,0.19006849315068494,0.032534246575342464,646.0,85.65325342465754
ORD,RHI,ORD → RHI,7,21.714285714285715,17.714285714285715,0.2857142857142857,0.0,264.0,45.0
ORD,RIC,ORD → RIC,622,15.778135048231512,16.64951768488746,0.22990353697749197,0.02572347266881029,642.0,87.77652733118971
ORD,RNO,ORD → RNO,162,24.38888888888889,23.179012345679013,0.2716049382716049,0.037037037037037035,1671.0,219.59259259259258
ORD,ROA,ORD → ROA,125,22.024,23.368,0.224,0.064,530.352,74.152
ORD,ROC,ORD → ROC,779,11.997432605905006,13.157894736842104,0.1925545571245186,0.03209242618741977,528.0,69.06803594351733
ORD,RST,ORD → RST,479,6.949895615866389,8.84133611691023,0.16075156576200417,0.04592901878914405,268.0,46.062630480167016
ORD,RSW,ORD → RSW,1190,12.115966386554621,12.728571428571428,0.1907563025210084,0.026050420168067228,1120.0,141.0252100840336
ORD,SAN,ORD → SAN,1213,14.118713932399011,14.017312448474856,0.19950535861500412,0.014014839241549877,1723.0,226.92085737840065
ORD,SAT,ORD → SAT,640,15.1015625,15.1171875,0.2203125,0.034375,1041.0,141.0953125
ORD,SAV,ORD → SAV,439,8.772209567198178,11.259681093394077,0.16856492027334852,0.03644646924829157,773.0,100.49202733485194
ORD,SBA,ORD → SBA,13,30.46153846153846,24.692307692307693,0.3076923076923077,0.0,1803.0,242.69230769230768
ORD,SBN,ORD → SBN,556,16.42086330935252,16.570143884892087,0.210431654676259,0.048561151079136694,84.0,20.609712230215827
ORD,SCE,ORD → SCE,201,13.616915422885572,16.487562189054728,0.24378109452736318,0.03980099502487562,528.0,71.06467661691542
ORD,SDF,ORD → SDF,746,11.337801608579088,12.978552278820375,0.1742627345844504,0.04691689008042895,286.0,47.02815013404826
ORD,SEA,ORD → SEA,2260,14.37566371681416,14.34424778761062,0.19247787610619468,0.018584070796460177,1721.0,233.73362831858407
ORD,SFO,ORD → SFO,2180,14.992660550458716,15.145871559633028,0.22018348623853212,0.017889908256880735,1846.0,241.26330275229358
ORD,SGF,ORD → SGF,609,9.763546798029557,11.216748768472906,0.1839080459770115,0.029556650246305417,438.0,68.8735632183908
ORD,SHD,ORD → SHD,100,27.47,28.14,0.2,0.02,541.0,79.48
ORD,SJC,ORD → SJC,180,11.53888888888889,11.338888888888889,0.2,0.016666666666666666,1829.0,243.69444444444446
ORD,SJU,ORD → SJU,350,13.025714285714285,11.708571428571428,0.17714285714285713,0.008571428571428572,2072.0,244.88571428571427
ORD,SLC,ORD → SLC,1346,13.023774145616642,12.764487369985142,0.17979197622585438,0.017087667161961365,1250.0,176.9115898959881
ORD,SLN,ORD → SLN,117,15.735042735042734,15.658119658119658,0.17094017094017094,0.02564102564102564,559.0,86.74358974358974
ORD,SMF,ORD → SMF,460,17.77173913043478,16.032608695652176,0.20217391304347826,0.013043478260869565,1781.0,236.3913043478261
ORD,SNA,ORD → SNA,933,10.632368703108252,11.234726688102894,0.17470525187566988,0.021436227224008574,1726.0,227.5048231511254
ORD,SPI,ORD → SPI,165,29.1030303030303,29.236363636363638,0.24242424242424243,0.05454545454545454,174.0,32.193939393939395
ORD,SRQ,ORD → SRQ,347,11.596541786743515,14.0,0.21902017291066284,0.01729106628242075,1050.0,135.78097982708934
ORD,STL,ORD → STL,1033,11.048402710551791,12.764762826718297,0.18586640851887706,0.03581800580832527,258.0,45.6515004840271
ORD,STT,ORD → STT,42,5.619047619047619,4.357142857142857,0.09523809523809523,0.023809523809523808,2115.190476190476,246.11904761904762
ORD,SUN,ORD → SUN,21,3.0952380952380953,6.428571428571429,0.09523809523809523,0.09523809523809523,1341.0,191.52380952380952
ORD,SUX,ORD → SUX,249,18.55823293172691,19.927710843373493,0.24096385542168675,0.040160642570281124,436.0,68.92369477911646
ORD,SYR,ORD → SYR,814,12.095823095823096,13.420147420147421,0.1928746928746929,0.04914004914004914,607.0,75.21498771498771
ORD,TBN,ORD → TBN,40,7.05,5.6,0.075,0.05,369.0,59.15
ORD,TOL,ORD → TOL,206,8.859223300970873,10.62621359223301,0.18932038834951456,0.04854368932038835,213.0,34.74757281553398
ORD,TPA,ORD → TPA,1343,13.413998510796723,14.441548771407296,0.233060312732688,0.03201787043931496,1011.2405063291139,127.58004467609828
ORD,TTN,ORD → TTN,30,13.266666666666667,11.1,0.13333333333333333,0.0,692.0,92.86666666666666
ORD,TUL,ORD → TUL,583,11.106346483704975,13.355060034305318,0.20926243567753003,0.030874785591766724,585.0,88.04974271012007
ORD,TUS,ORD → TUS,380,10.376315789473685,11.610526315789473,0.22631578947368422,0.015789473684210527,1437.0,197.4578947368421
ORD,TVC,ORD → TVC,830,13.597590361445784,14.426506024096385,0.1819277108433735,0.02891566265060241,224.0,39.07469879518072
ORD,TYS,ORD → TYS,580,11.882758620689655,12.389655172413793,0.1793103448275862,0.029310344827586206,475.0,66.54137931034482
ORD,UIN,ORD → UIN,59,36.40677966101695,36.49152542372882,0.2542372881355932,0.06779661016949153,222.0,42.644067796610166
ORD,VPS,ORD → VPS,56,2.6785714285714284,5.642857142857143,0.08928571428571429,0.05357142857142857,796.0,103.39285714285714
ORD,XNA,ORD → XNA,766,8.552219321148826,10.434725848563968,0.19843342036553524,0.037859007832898174,522.0,78.32375979112271
ORF,ATL,ORF → ATL,1134,6.117283950617284,5.459435626102293,0.0873015873015873,0.021164021164021163,516.0,81.57760141093475
ORF,BNA,ORF → BNA,124,16.403225806451612,13.508064516129032,0.24193548387096775,0.04838709677419355,585.0,88.34677419354838
ORF,BOS,ORF → BOS,77,18.675324675324674,18.285714285714285,0.2597402597402597,0.05194805194805195,468.0,67.48051948051948
ORF,BWI,ORF → BWI,667,10.27736131934033,8.917541229385307,0.1409295352323838,0.022488755622188907,159.0,36.20539730134932
ORF,CLE,ORF → CLE,6,26.833333333333332,28.333333333333332,0.16666666666666666,0.0,435.0,71.16666666666667
ORF,CLT,ORF → CLT,1153,13.970511708586297,13.79705117085863,0.17259323503902863,0.019080659150043366,290.0,55.99479618386817
ORF,CVG,ORF → CVG,13,32.69230769230769,31.692307692307693,0.46153846153846156,0.0,485.0,71.07692307692308
ORF,DAL,ORF → DAL,12,5.25,4.833333333333333,0.08333333333333333,0.08333333333333333,1203.0,152.25
ORF,DCA,ORF → DCA,498,12.855421686746988,14.373493975903614,0.18875502008032127,0.024096385542168676,142.0,34.933734939759034
ORF,DEN,ORF → DEN,252,12.607142857142858,11.845238095238095,0.18253968253968253,0.047619047619047616,1553.0,207.76984126984127
ORF,DFW,ORF → DFW,398,17.012562814070353,17.64321608040201,0.15577889447236182,0.020100502512562814,1212.0,171.3643216080402
ORF,DTW,ORF → DTW,441,19.80952380952381,19.435374149659864,0.13151927437641722,0.009070294784580499,529.0,87.05442176870748
ORF,EWR,ORF → EWR,406,18.379310344827587,21.103448275862068,0.26354679802955666,0.0665024630541872,284.0,55.330049261083744
ORF,FLL,ORF → FLL,64,36.1875,37.0625,0.40625,0.046875,781.0,104.796875
ORF,IAD,ORF → IAD,393,11.61323155216285,13.569974554707379,0.19083969465648856,0.03307888040712468,157.0,35.659033078880405
ORF,IAH,ORF → IAH,174,14.362068965517242,15.080459770114942,0.1839080459770115,0.017241379310344827,1201.0,171.632183908046
ORF,JAX,ORF → JAX,24,22.25,23.958333333333332,0.25,0.25,542.0,60.625
ORF,JFK,ORF → JFK,661,10.146747352496218,10.838124054462934,0.1588502269288956,0.04236006051437216,290.0,48.918305597579426
ORF,LAS,ORF → LAS,16,36.4375,33.75,0.25,0.0,2154.0,294.375
ORF,LCK,ORF → LCK,5,30.2,32.6,0.4,0.4,417.0,38.6
ORF,LGA,ORF → LGA,796,15.907035175879397,18.337939698492463,0.2135678391959799,0.04773869346733668,296.0,55.234924623115575
ORF,MCO,ORF → MCO,244,13.745901639344263,13.397540983606557,0.19672131147540983,0.036885245901639344,655.0,93.22540983606558
ORF,MDW,ORF → MDW,218,10.302752293577981,8.871559633027523,0.17889908256880735,0.022935779816513763,704.0,103.19266055045871
ORF,MIA,ORF → MIA,360,10.694444444444445,11.944444444444445,0.14722222222222223,0.022222222222222223,802.0,117.3861111111111
ORF,MSP,ORF → MSP,22,9.590909090909092,11.090909090909092,0.09090909090909091,0.0,1045.0,157.1818181818182
ORF,ORD,ORF → ORD,695,21.820143884892087,22.46618705035971,0.19568345323741007,0.034532374100719423,717.0,107.5453237410072
ORF,PGD,ORF → PGD,7,20.285714285714285,18.428571428571427,0.2857142857142857,0.14285714285714285,767.0,94.85714285714286
ORF,PHL,ORF → PHL,531,15.088512241054614,15.23728813559322,0.1751412429378531,0.04331450094161959,212.0,41.69491525423729
ORF,PHX,ORF → PHX,1,0.0,0.0,0.0,0.0,2029.0,303.0
ORF,PIE,ORF → PIE,45,19.022222222222222,19.0,0.26666666666666666,0.0,726.0,105.06666666666666
ORF,PIT,ORF → PIT,1,0.0,0.0,0.0,1.0,330.0,0.0
ORF,RDU,ORF → RDU,1,0.0,0.0,0.0,0.0,160.0,35.0
ORF,SAN,ORF → SAN,12,14.5,5.166666666666667,0.16666666666666666,0.0,2330.0,297.4166666666667
ORF,SFB,ORF → SFB,39,12.58974358974359,14.333333333333334,0.20512820512820512,0.02564102564102564,631.0,90.35897435897436
ORF,TPA,ORF → TPA,3,0.0,0.0,0.0,0.0,717.0,107.33333333333333
ORH,CLE,ORH → CLE,1,37.0,50.0,1.0,0.0,518.0,93.0
ORH,DTW,ORH → DTW,42,9.5,9.261904761904763,0.16666666666666666,0.11904761904761904,588.0,82.28571428571429
ORH,FLL,ORH → FLL,114,22.94736842105263,23.80701754385965,0.30701754385964913,0.008771929824561403,1211.0,166.59649122807016
ORH,JFK,ORH → JFK,246,14.796747967479675,15.959349593495935,0.17886178861788618,0.08130081300813008,150.0,33.7479674796748
ORH,LGA,ORH → LGA,61,28.278688524590162,36.40983606557377,0.3442622950819672,0.01639344262295082,146.0,36.98360655737705
ORH,MCO,ORH → MCO,70,32.75714285714286,33.48571428571429,0.24285714285714285,0.05714285714285714,1091.0,142.44285714285715
OTH,DEN,OTH → DEN,18,35.5,40.888888888888886,0.2777777777777778,0.0,1040.0,143.61111111111111
OTH,SFO,OTH → SFO,133,14.082706766917294,13.345864661654135,0.15789473684210525,0.06015037593984962,412.0,63.83458646616541
OTZ,ANC,OTZ → ANC,266,4.394736842105263,4.676691729323308,0.07142857142857142,0.05263157894736842,548.0,71.03007518796993
OTZ,OME,OTZ → OME,40,1.35,1.75,0.025,0.025,183.0,32.95
OWB,SFB,OWB → SFB,46,11.847826086956522,12.782608695652174,0.2391304347826087,0.08695652173913043,706.0,85.15217391304348
PAE,ANC,PAE → ANC,6,12.0,6.166666666666667,0.16666666666666666,0.0,1425.0,204.66666666666666
PAE,BOI,PAE → BOI,53,16.77358490566038,17.528301886792452,0.22641509433962265,0.018867924528301886,419.0,61.9811320754717
PAE,DEN,PAE → DEN,122,2.860655737704918,4.032786885245901,0.05737704918032787,0.02459016393442623,1036.0,129.81967213114754
PAE,GEG,PAE → GEG,77,10.012987012987013,10.779220779220779,0.09090909090909091,0.012987012987012988,222.0,39.33766233766234
PAE,LAS,PAE → LAS,119,8.344537815126051,9.193277310924369,0.13445378151260504,0.008403361344537815,894.0,124.63025210084034
PAE,LAX,PAE → LAX,9,6.0,7.555555555555555,0.2222222222222222,0.0,984.0,132.77777777777777
PAE,PDX,PAE → PDX,14,0.35714285714285715,0.21428571428571427,0.0,0.14285714285714285,161.0,29.5
PAE,PHX,PAE → PHX,125,5.352,7.848,0.176,0.032,1133.0,145.04
PAE,PSP,PAE → PSP,33,7.9393939393939394,8.090909090909092,0.15151515151515152,0.030303030303030304,1017.0,135.84848484848484
PAE,SAN,PAE → SAN,56,5.571428571428571,6.482142857142857,0.125,0.03571428571428571,1080.0,140.35714285714286
PAE,SFO,PAE → SFO,213,13.591549295774648,15.784037558685446,0.19718309859154928,0.03286384976525822,710.0,103.15023474178403
PAE,SNA,PAE → SNA,68,11.25,12.308823529411764,0.19117647058823528,0.0,1008.0,145.0
PAE,TUS,PAE → TUS,11,29.181818181818183,27.363636363636363,0.09090909090909091,0.0,1241.0,163.45454545454547
PAH,CGI,PAH → CGI,89,29.59550561797753,27.60674157303371,0.19101123595505617,0.0449438202247191,45.0,14.235955056179776
PAH,DEC,PAH → DEC,5,0.0,0.0,0.0,0.0,191.0,37.8
PAH,ORD,PAH → ORD,274,11.94890510948905,12.248175182481752,0.145985401459854,0.051094890510948905,342.0,65.69343065693431
PBG,FLL,PBG → FLL,73,25.493150684931507,29.80821917808219,0.3287671232876712,0.1095890410958904,1334.0,158.56164383561645
PBG,IAD,PBG → IAD,220,19.322727272727274,19.418181818181818,0.15,0.04090909090909091,444.0,75.3409090909091
PBG,IAG,PBG → IAG,2,0.0,0.0,0.0,0.0,294.0,51.5
PBG,MYR,PBG → MYR,5,24.6,29.6,0.4,0.0,811.0,114.4
PBG,OGS,PBG → OGS,2,0.0,0.0,0.0,0.0,98.0,26.0
PBG,PGD,PBG → PGD,12,37.166666666666664,44.666666666666664,0.3333333333333333,0.08333333333333333,1311.0,169.91666666666666
PBG,PIE,PBG → PIE,61,11.540983606557377,14.229508196721312,0.22950819672131148,0.08196721311475409,1262.0,163.5737704918033
PBG,SFB,PBG → SFB,80,25.5875,25.475,0.1875,0.0375,1175.0,156.05
PBI,ACY,PBI → ACY,90,17.677777777777777,18.566666666666666,0.2222222222222222,0.06666666666666667,936.0,113.8
PBI,ATL,PBI → ATL,1684,11.276722090261282,11.356294536817103,0.12945368171021376,0.020783847980997625,545.0,79.20902612826603
PBI,AUS,PBI → AUS,4,4.5,7.5,0.25,0.25,1096.0,119.0
PBI,AVL,PBI → AVL,29,11.275862068965518,14.413793103448276,0.20689655172413793,0.06896551724137931,620.0,81.0
PBI,BDL,PBI → BDL,182,14.917582417582418,16.428571428571427,0.18681318681318682,0.02197802197802198,1133.0,143.14835164835165
PBI,BNA,PBI → BNA,7,0.0,0.0,0.0,0.0,757.0,112.28571428571429
PBI,BOS,PBI → BOS,734,21.595367847411445,20.982288828337875,0.2683923705722071,0.03678474114441417,1197.0,151.03814713896458
PBI,BWI,PBI → BWI,537,9.605214152700187,8.985102420856611,0.15828677839851024,0.027932960893854747,883.0,116.08193668528864
PBI,CLE,PBI → CLE,16,1.125,2.4375,0.0625,0.0,1020.0,138.0
PBI,CLT,PBI → CLT,826,12.76997578692494,12.736077481840194,0.14648910411622276,0.03753026634382567,590.0,87.67070217917676
PBI,CMH,PBI → CMH,5,53.2,51.2,0.6,0.0,932.0,128.2
PBI,CVG,PBI → CVG,36,14.583333333333334,18.61111111111111,0.3611111111111111,0.0,892.0,123.55555555555556
PBI,DAL,PBI → DAL,2,23.5,15.5,0.5,0.0,1091.0,155.5
PBI,DCA,PBI → DCA,565,19.38053097345133,19.624778761061947,0.21061946902654868,0.01415929203539823,857.0,117.52743362831859
PBI,DEN,PBI → DEN,6,29.5,30.166666666666668,0.3333333333333333,0.0,1679.0,242.16666666666666
PBI,DFW,PBI → DFW,410,15.041463414634146,15.441463414634146,0.2048780487804878,0.04390243902439024,1102.0,155.00243902439024
PBI,DTW,PBI → DTW,161,13.652173913043478,13.093167701863354,0.17391304347826086,0.018633540372670808,1086.0,144.06211180124222
PBI,EWR,PBI → EWR,1358,19.66715758468336,20.350515463917525,0.23711340206185566,0.03460972017673049,1023.0,136.58541973490426
PBI,HPN,PBI → HPN,585,17.29059829059829,17.027350427350427,0.23247863247863249,0.041025641025641026,1056.0,139.56410256410257
PBI,IAD,PBI → IAD,114,15.517543859649123,16.17543859649123,0.12280701754385964,0.02631578947368421,859.0,117.41228070175438
PBI,IAH,PBI → IAH,120,11.691666666666666,12.2,0.18333333333333332,0.041666666666666664,956.0,139.65833333333333
PBI,IND,PBI → IND,32,19.40625,19.28125,0.34375,0.0,967.0,132.4375
PBI,ISP,PBI → ISP,314,15.828025477707007,15.773885350318471,0.23248407643312102,0.06050955414012739,1052.0,130.44585987261146
PBI,JFK,PBI → JFK,762,21.77952755905512,21.573490813648295,0.26115485564304464,0.03805774278215223,1028.0,131.3228346456693
PBI,LAX,PBI → LAX,33,30.666666666666668,36.27272727272727,0.3939393939393939,0.0,2330.0,306.57575757575756
PBI,LGA,PBI → LGA,973,22.57348406988695,22.776978417266186,0.25077081192189105,0.024665981500513873,1035.0,135.57553956834533
PBI,MDW,PBI → MDW,8,1.25,2.5,0.125,0.25,1128.0,122.5
PBI,MEM,PBI → MEM,1,0.0,0.0,0.0,1.0,822.0,0.0
PBI,MSP,PBI → MSP,32,18.65625,18.09375,0.28125,0.0,1451.0,204.59375
PBI,ORD,PBI → ORD,353,16.362606232294617,17.076487252124647,0.19263456090651557,0.04815864022662889,1143.1898016997168,157.32011331444758
PBI,PHL,PBI → PHL,648,14.830246913580247,14.512345679012345,0.17901234567901234,0.021604938271604937,951.0,129.87654320987653
PBI,PIT,PBI → PIT,50,29.12,30.42,0.3,0.02,952.0,124.32
PBI,PVD,PBI → PVD,122,12.39344262295082,13.368852459016393,0.18032786885245902,0.040983606557377046,1148.0,140.95081967213116
PBI,RDU,PBI → RDU,12,0.0,0.0,0.0,0.08333333333333333,638.0,88.66666666666667
PBI,STL,PBI → STL,5,8.0,8.6,0.2,0.0,1023.0,144.0
PBI,TTN,PBI → TTN,109,19.458715596330276,20.44954128440367,0.29357798165137616,0.07339449541284404,985.0,123.01834862385321
PBI,TYS,PBI → TYS,21,15.19047619047619,16.095238095238095,0.2857142857142857,0.0,670.0,90.9047619047619
PBI,USA,PBI → USA,8,13.875,18.375,0.25,0.125,601.0,80.25
PDX,ABQ,PDX → ABQ,102,9.22549019607843,10.049019607843137,0.14705882352941177,0.0196078431372549,1111.0,138.91176470588235
PDX,ANC,PDX → ANC,301,7.083056478405315,8.29235880398671,0.1461794019933555,0.006644518272425249,1542.0,202.38205980066445
PDX,ATL,PDX → ATL,584,6.0993150684931505,5.964041095890411,0.08904109589041095,0.010273972602739725,2172.0,244.32705479452054
PDX,ATW,PDX → ATW,3,8.0,5.333333333333333,0.3333333333333333,0.0,1662.0,197.33333333333334
PDX,AUS,PDX → AUS,162,8.938271604938272,11.950617283950617,0.12962962962962962,0.030864197530864196,1715.0,200.55555555555554
PDX,BIL,PDX → BIL,30,2.2,5.0,0.13333333333333333,0.0,679.0,108.26666666666667
PDX,BOI,PDX → BOI,419,7.0,7.701670644391408,0.11694510739856802,0.00954653937947494,344.0,56.08353221957041
PDX,BOS,PDX → BOS,207,15.280193236714975,15.898550724637682,0.2318840579710145,0.004830917874396135,2537.0,288.463768115942
PDX,BUR,PDX → BUR,354,8.048022598870057,8.127118644067796,0.13559322033898305,0.025423728813559324,817.0,108.85310734463278
PDX,BWI,PDX → BWI,4,11.5,13.5,0.25,0.0,2358.0,278.5
PDX,BZN,PDX → BZN,37,3.2972972972972974,3.4594594594594597,0.05405405405405406,0.0,554.0,86.97297297297297
PDX,CLT,PDX → CLT,150,4.546666666666667,3.526666666666667,0.07333333333333333,0.02666666666666667,2282.0,254.42666666666668
PDX,DAL,PDX → DAL,118,7.6440677966101696,6.008474576271187,0.11016949152542373,0.01694915254237288,1626.0,196.77118644067798
PDX,DCA,PDX → DCA,133,8.203007518796992,10.857142857142858,0.20300751879699247,0.015037593984962405,2350.0,264.8045112781955
PDX,DEN,PDX → DEN,1630,10.087730061349694,9.92883435582822,0.1570552147239264,0.02822085889570552,991.0,120.62024539877301
PDX,DFW,PDX → DFW,850,18.023529411764706,18.47529411764706,0.19058823529411764,0.036470588235294116,1616.0,186.58
PDX,DSM,PDX → DSM,10,18.9,17.0,0.3,0.0,1471.0,174.8
PDX,DTW,PDX → DTW,140,12.95,12.385714285714286,0.12857142857142856,0.0,1953.0,221.84285714285716
PDX,EWR,PDX → EWR,342,23.944444444444443,26.45906432748538,0.23976608187134502,0.011695906432748537,2434.0,277.0438596491228
PDX,FAT,PDX → FAT,235,4.485106382978723,5.365957446808511,0.0851063829787234,0.01702127659574468,626.0,90.72765957446809
PDX,FCA,PDX → FCA,10,2.2,4.8,0.1,0.0,437.0,78.5
PDX,FLL,PDX → FLL,22,49.45454545454545,53.5,0.4090909090909091,0.0,2694.0,305.95454545454544
PDX,GEG,PDX → GEG,336,6.449404761904762,7.053571428571429,0.12797619047619047,0.008928571428571428,279.0,49.416666666666664
PDX,GRR,PDX → GRR,12,11.333333333333334,7.583333333333333,0.3333333333333333,0.0,1833.0,209.75
PDX,HNL,PDX → HNL,311,10.228295819935692,13.617363344051446,0.2282958199356913,0.00964630225080386,2603.0,329.4855305466238
PDX,HOU,PDX → HOU,9,6.0,9.11111111111111,0.3333333333333333,0.0,1843.0,225.77777777777777
PDX,IAD,PDX → IAD,105,13.514285714285714,12.142857142857142,0.09523809523809523,0.0,2327.0,265.0190476190476
PDX,IAH,PDX → IAH,332,7.864457831325301,8.072289156626505,0.09939759036144578,0.018072289156626505,1825.0,215.13253012048193
PDX,IDA,PDX → IDA,29,14.448275862068966,16.24137931034483,0.3793103448275862,0.034482758620689655,539.0,70.82758620689656
PDX,JFK,PDX → JFK,393,15.061068702290076,16.178117048346056,0.22646310432569974,0.017811704834605598,2454.0,278.49872773536896
PDX,KOA,PDX → KOA,92,4.434782608695652,4.815217391304348,0.11956521739130435,0.0,2607.0,333.57608695652175
PDX,LAS,PDX → LAS,1607,9.77909147479776,9.599253266957064,0.16179215930304916,0.03235843186060983,763.0,101.70006222775358
PDX,LAX,PDX → LAX,1975,9.45367088607595,9.874430379746835,0.12556962025316457,0.016708860759493672,834.0,113.9367088607595
PDX,LGB,PDX → LGB,40,6.475,7.775,0.125,0.025,846.0,113.675
PDX,LIH,PDX → LIH,62,6.903225806451613,5.612903225806452,0.16129032258064516,0.04838709677419355,2631.0,322.3225806451613
PDX,MCI,PDX → MCI,88,7.079545454545454,6.840909090909091,0.17045454545454544,0.0,1482.0,178.7840909090909
PDX,MCO,PDX → MCO,169,3.905325443786982,7.9171597633136095,0.15384615384615385,0.0,2534.0,297.14792899408286
PDX,MDW,PDX → MDW,205,6.478048780487805,4.487804878048781,0.0975609756097561,0.05853658536585366,1751.0,197.94634146341463
PDX,MFR,PDX → MFR,110,4.918181818181818,5.536363636363636,0.09090909090909091,0.00909090909090909,222.0,44.35454545454545
PDX,MRY,PDX → MRY,2,9.0,10.5,0.5,0.0,622.0,89.0
PDX,MSO,PDX → MSO,22,13.272727272727273,12.681818181818182,0.2727272727272727,0.0,418.0,71.54545454545455
PDX,MSP,PDX → MSP,657,5.952815829528158,6.111111111111111,0.0821917808219178,0.0091324200913242,1426.0,168.11567732115677
PDX,MSY,PDX → MSY,1,0.0,20.0,1.0,0.0,2050.0,249.0
PDX,OAK,PDX → OAK,967,9.152016546018615,7.687693898655636,0.11995863495346432,0.023784901758014478,543.0,79.32574974146846
PDX,OGG,PDX → OGG,345,9.127536231884058,9.350724637681159,0.13623188405797101,0.005797101449275362,2562.0,327.463768115942
PDX,OMA,PDX → OMA,10,5.7,9.8,0.1,0.0,1369.0,173.5
PDX,ONT,PDX → ONT,212,8.56132075471698,8.60377358490566,0.12735849056603774,0.02830188679245283,838.0,111.8254716981132
PDX,ORD,PDX → ORD,850,10.581176470588236,10.341176470588236,0.12470588235294118,0.018823529411764704,1739.0,201.30470588235295
PDX,PAE,PDX → PAE,21,3.761904761904762,4.714285714285714,0.09523809523809523,0.0,161.0,38.333333333333336
PDX,PHL,PDX → PHL,27,17.814814814814813,15.962962962962964,0.2222222222222222,0.0,2406.0,273.0
PDX,PHX,PDX → PHX,1287,11.057498057498057,10.845376845376846,0.15151515151515152,0.013986013986013986,1009.0,129.5066045066045
PDX,PSP,PDX → PSP,217,8.741935483870968,9.511520737327189,0.12442396313364056,0.03225806451612903,873.0,117.31797235023042
PDX,PVU,PDX → PVU,6,50.833333333333336,49.833333333333336,0.3333333333333333,0.0,664.0,86.0
PDX,RDM,PDX → RDM,27,22.0,23.22222222222222,0.14814814814814814,0.0,116.0,28.88888888888889
PDX,RNO,PDX → RNO,236,6.864406779661017,8.0,0.13983050847457626,0.00423728813559322,444.0,71.4364406779661
PDX,SAN,PDX → SAN,763,6.694626474442988,8.27653997378768,0.14678899082568808,0.01834862385321101,933.0,122.95937090432503
PDX,SBA,PDX → SBA,100,6.74,8.11,0.18,0.01,784.0,109.67
PDX,SBP,PDX → SBP,46,6.130434782608695,6.739130434782608,0.06521739130434782,0.021739130434782608,722.0,104.41304347826087
PDX,SEA,PDX → SEA,2636,5.590288315629742,6.621775417298938,0.11874051593323216,0.01858877086494689,129.0,31.446509863429437
PDX,SFO,PDX → SFO,1659,10.46172393007836,11.051235684147077,0.16877637130801687,0.016877637130801686,550.0,82.81856540084388
PDX,SJC,PDX → SJC,1190,7.585714285714285,7.184873949579832,0.12016806722689076,0.02689075630252101,569.0,83.11344537815125
PDX,SLC,PDX → SLC,1168,5.925513698630137,6.602739726027397,0.09674657534246575,0.018835616438356163,630.0,84.22859589041096
PDX,SMF,PDX → SMF,828,9.272946859903382,8.309178743961352,0.1461352657004831,0.021739130434782608,479.0,68.61111111111111
PDX,SMX,PDX → SMX,6,0.6666666666666666,4.833333333333333,0.16666666666666666,0.0,746.0,103.0
PDX,SNA,PDX → SNA,470,6.370212765957447,6.8382978723404255,0.125531914893617,0.03404255319148936,859.0,118.47446808510638
PDX,STL,PDX → STL,95,8.294736842105262,6.821052631578947,0.07368421052631578,0.010526315789473684,1708.0,198.1263157894737
PDX,STS,PDX → STS,103,4.446601941747573,4.796116504854369,0.06796116504854369,0.019417475728155338,489.0,75.67961165048544
PDX,TPA,PDX → TPA,1,0.0,6.0,0.0,0.0,2497.0,292.0
PDX,TUS,PDX → TUS,110,8.281818181818181,8.772727272727273,0.13636363636363635,0.00909090909090909,1119.0,143.8272727272727
PGD,ABE,PGD → ABE,77,11.818181818181818,12.74025974025974,0.19480519480519481,0.025974025974025976,1018.0,134.53246753246754
PGD,ALB,PGD → ALB,52,12.26923076923077,13.807692307692308,0.15384615384615385,0.019230769230769232,1185.0,149.32692307692307
PGD,ATW,PGD → ATW,55,15.254545454545454,18.836363636363636,0.2727272727272727,0.05454545454545454,1250.0,156.56363636363636
PGD,AUS,PGD → AUS,6,17.333333333333332,20.833333333333332,0.3333333333333333,0.0,979.0,141.5
PGD,AVL,PGD → AVL,109,31.55045871559633,34.80733944954128,0.29357798165137616,0.01834862385321101,588.0,80.30275229357798
PGD,BLV,PGD → BLV,78,15.884615384615385,16.628205128205128,0.20512820512820512,0.038461538461538464,921.0,120.84615384615384
PGD,BNA,PGD → BNA,69,25.63768115942029,27.18840579710145,0.30434782608695654,0.043478260869565216,692.0,94.68115942028986
PGD,BWI,PGD → BWI,20,15.25,15.7,0.35,0.05,899.0,112.85
PGD,CAK,PGD → CAK,11,20.727272727272727,20.818181818181817,0.18181818181818182,0.09090909090909091,965.0,119.0
PGD,CHS,PGD → CHS,16,3.875,4.75,0.1875,0.0625,428.0,58.3125
PGD,CID,PGD → CID,67,6.223880597014926,7.82089552238806,0.14925373134328357,0.029850746268656716,1170.0,155.0597014925373
PGD,CLE,PGD → CLE,22,2.409090909090909,2.8636363636363638,0.09090909090909091,0.045454545454545456,999.0,122.36363636363636
PGD,CVG,PGD → CVG,206,20.553398058252426,21.83009708737864,0.2766990291262136,0.0825242718446602,850.0,106.42233009708738
PGD,DAY,PGD → DAY,46,11.043478260869565,11.695652173913043,0.21739130434782608,0.0,904.0,123.23913043478261
PGD,DSM,PGD → DSM,68,15.25,15.25,0.23529411764705882,0.014705882352941176,1206.0,159.55882352941177
PGD,ELM,PGD → ELM,18,18.38888888888889,19.11111111111111,0.2777777777777778,0.05555555555555555,1090.0,131.94444444444446
PGD,FNT,PGD → FNT,106,32.14150943396226,33.679245283018865,0.36792452830188677,0.009433962264150943,1111.0,149.20754716981133
PGD,FSD,PGD → FSD,23,16.304347826086957,17.217391304347824,0.21739130434782608,0.043478260869565216,1415.0,187.82608695652175
PGD,FWA,PGD → FWA,112,10.089285714285714,13.142857142857142,0.22321428571428573,0.07142857142857142,986.0,122.03571428571429
PGD,GRR,PGD → GRR,122,19.368852459016395,18.114754098360656,0.23770491803278687,0.040983606557377046,1118.0,140.672131147541
PGD,HOU,PGD → HOU,12,39.25,41.5,0.5,0.0,831.0,122.33333333333333
PGD,HTS,PGD → HTS,14,11.428571428571429,11.142857142857142,0.14285714285714285,0.0,790.0,101.85714285714286
PGD,IAG,PGD → IAG,71,5.985915492957746,6.901408450704225,0.14084507042253522,0.04225352112676056,1129.0,139.19718309859155
PGD,IND,PGD → IND,131,21.702290076335878,22.0381679389313,0.24427480916030533,0.030534351145038167,916.0,120.7175572519084
PGD,LCK,PGD → LCK,85,11.188235294117646,12.141176470588235,0.17647058823529413,0.03529411764705882,890.0,115.6
PGD,LEX,PGD → LEX,75,27.546666666666667,29.186666666666667,0.21333333333333335,0.08,781.0,99.4
PGD,MCI,PGD → MCI,35,5.314285714285714,7.942857142857143,0.2,0.0,1125.142857142857,158.5142857142857
PGD,MDT,PGD → MDT,60,8.233333333333333,9.0,0.2,0.0,963.0,127.51666666666667
PGD,MDW,PGD → MDW,23,13.347826086956522,13.695652173913043,0.21739130434782608,0.043478260869565216,1076.0,142.08695652173913
PGD,MEM,PGD → MEM,11,4.7272727272727275,7.090909090909091,0.18181818181818182,0.09090909090909091,733.0,98.81818181818181
PGD,MKE,PGD → MKE,5,0.0,0.0,0.0,0.0,1154.0,156.4
PGD,MLI,PGD → MLI,31,10.32258064516129,11.290322580645162,0.2903225806451613,0.0,1113.0,152.1290322580645
PGD,MSP,PGD → MSP,18,12.61111111111111,15.88888888888889,0.4444444444444444,0.0,1386.0,191.61111111111111
PGD,OMA,PGD → OMA,17,1.4705882352941178,2.8823529411764706,0.058823529411764705,0.058823529411764705,1269.0,170.7058823529412
PGD,ORF,PGD → ORF,6,4.0,3.1666666666666665,0.16666666666666666,0.16666666666666666,767.0,82.0
PGD,PBG,PGD → PBG,8,26.625,30.0,0.125,0.125,1311.0,144.0
PGD,PIA,PGD → PIA,70,15.271428571428572,16.2,0.2,0.04285714285714286,1045.0,134.74285714285713
PGD,PIT,PGD → PIT,81,14.641975308641975,14.617283950617283,0.2222222222222222,0.07407407407407407,941.0,112.8641975308642
PGD,PSM,PGD → PSM,69,7.898550724637682,9.304347826086957,0.13043478260869565,0.043478260869565216,1279.0,151.14492753623188
PGD,PVD,PGD → PVD,59,13.796610169491526,16.983050847457626,0.2711864406779661,0.0,1184.0,150.6949152542373
PGD,RAP,PGD → RAP,2,70.0,54.5,1.0,0.0,1665.0,210.5
PGD,RDU,PGD → RDU,33,10.030303030303031,11.242424242424242,0.15151515151515152,0.030303030303030304,645.0,89.81818181818181
PGD,RFD,PGD → RFD,82,11.987804878048781,13.146341463414634,0.18292682926829268,0.024390243902439025,1127.0,148.3658536585366
PGD,RIC,PGD → RIC,14,10.428571428571429,10.214285714285714,0.21428571428571427,0.14285714285714285,779.0,91.85714285714286
PGD,ROC,PGD → ROC,26,12.73076923076923,11.923076923076923,0.11538461538461539,0.11538461538461539,1143.0,128.26923076923077
PGD,SBN,PGD → SBN,86,11.895348837209303,11.406976744186046,0.1744186046511628,0.023255813953488372,1049.0,136.0
PGD,SDF,PGD → SDF,53,10.943396226415095,11.924528301886792,0.20754716981132076,0.0,806.0,112.43396226415095
PGD,SGF,PGD → SGF,22,19.045454545454547,22.818181818181817,0.36363636363636365,0.0,975.0,139.27272727272728
PGD,SPI,PGD → SPI,55,14.563636363636364,16.78181818181818,0.21818181818181817,0.07272727272727272,994.0,128.4
PGD,STC,PGD → STC,16,1.1875,1.5625,0.0,0.125,1447.0,170.4375
PGD,SWF,PGD → SWF,39,10.282051282051283,10.179487179487179,0.1794871794871795,0.07692307692307693,1101.0,137.51282051282053
PGD,SYR,PGD → SYR,23,13.91304347826087,14.478260869565217,0.13043478260869565,0.043478260869565216,1164.0,143.65217391304347
PGD,TOL,PGD → TOL,60,9.7,10.166666666666666,0.15,0.03333333333333333,1016.0,129.9
PGD,TVC,PGD → TVC,20,15.0,13.9,0.25,0.05,1245.0,154.8
PGD,TYS,PGD → TYS,72,31.069444444444443,32.263888888888886,0.3194444444444444,0.0,624.0,85.19444444444444
PGD,USA,PGD → USA,60,13.216666666666667,13.833333333333334,0.3,0.06666666666666667,588.0,81.33333333333333
PGD,XNA,PGD → XNA,8,18.875,24.0,0.375,0.125,970.0,123.75
PGV,CLT,PGV → CLT,29,31.275862068965516,30.103448275862068,0.27586206896551724,0.034482758620689655,203.0,46.6551724137931
PHF,ATL,PHF → ATL,132,10.818181818181818,11.469696969696969,0.08333333333333333,0.007575757575757576,508.0,86.18181818181819
PHF,CLT,PHF → CLT,347,13.253602305475503,12.420749279538905,0.1440922190201729,0.0345821325648415,282.0,55.06340057636888
PHF,PHL,PHF → PHL,27,11.037037037037036,11.814814814814815,0.14814814814814814,0.0,201.0,44.03703703703704
PHL,ACK,PHL → ACK,23,5.043478260869565,6.173913043478261,0.13043478260869565,0.043478260869565216,289.0,48.26086956521739
PHL,AGS,PHL → AGS,4,8.25,31.25,0.5,0.0,583.0,95.75
PHL,ALB,PHL → ALB,67,20.08955223880597,19.80597014925373,0.208955223880597,0.05970149253731343,212.0,41.52238805970149
PHL,ART,PHL → ART,25,18.8,20.04,0.2,0.24,287.0,43.84
PHL,ATL,PHL → ATL,2566,8.938815276695246,8.93842556508184,0.1313328137178488,0.017926734216679657,666.0,98.93959469992205
PHL,AUS,PHL → AUS,314,15.496815286624203,17.630573248407643,0.2484076433121019,0.012738853503184714,1430.0,198.60828025477707
PHL,AVL,PHL → AVL,53,12.81132075471698,16.245283018867923,0.22641509433962265,0.09433962264150944,504.0,74.64150943396227
PHL,BDL,PHL → BDL,419,11.109785202863963,10.935560859188545,0.10739856801909307,0.01909307875894988,196.0,39.43914081145585
PHL,BGR,PHL → BGR,198,16.095959595959595,16.7979797979798,0.18686868686868688,0.03535353535353535,473.0,67.37878787878788
PHL,BHM,PHL → BHM,239,10.97907949790795,12.794979079497908,0.20920502092050208,0.012552301255230125,772.0,113.07531380753139
PHL,BNA,PHL → BNA,1064,9.617481203007518,10.033834586466165,0.15225563909774437,0.02819548872180451,675.0,100.68984962406014
PHL,BOS,PHL → BOS,2233,12.25078369905956,12.612628750559786,0.1594267801164353,0.03403493058665472,280.0,49.59337214509628
PHL,BQN,PHL → BQN,5,13.0,16.0,0.6,0.0,1550.0,197.8
PHL,BTV,PHL → BTV,283,14.60070671378092,15.159010600706713,0.20141342756183744,0.038869257950530034,335.0,55.78091872791519
PHL,BUF,PHL → BUF,288,8.29861111111111,8.61111111111111,0.13194444444444445,0.03819444444444445,279.0,49.263888888888886
PHL,BWI,PHL → BWI,28,1.0714285714285714,0.9285714285714286,0.03571428571428571,0.03571428571428571,90.0,24.071428571428573
PHL,BZN,PHL → BZN,16,12.6875,18.5,0.3125,0.0625,1853.0,233.875
PHL,CAE,PHL → CAE,3,0.0,0.0,0.0,0.0,523.0,82.33333333333333
PHL,CAK,PHL → CAK,144,18.70138888888889,19.5625,0.2708333333333333,0.034722222222222224,335.0,58.6875
PHL,CHA,PHL → CHA,21,71.52380952380952,68.42857142857143,0.19047619047619047,0.047619047619047616,641.0,91.14285714285714
PHL,CHO,PHL → CHO,2,6.0,3.5,0.0,0.0,210.0,41.0
PHL,CHS,PHL → CHS,463,12.295896328293736,12.673866090712743,0.17926565874730022,0.03455723542116631,550.0,80.54859611231102
PHL,CLE,PHL → CLE,335,9.346268656716418,10.728358208955225,0.17313432835820897,0.029850746268656716,363.0,60.95223880597015
PHL,CLT,PHL → CLT,1496,13.741310160427808,14.098930481283423,0.1677807486631016,0.027406417112299464,449.0,73.4538770053476
PHL,CMH,PHL → CMH,607,7.439868204283361,8.637561779242175,0.14662273476112025,0.036243822075782535,406.0,65.22734761120263
PHL,CRW,PHL → CRW,53,18.943396226415093,21.867924528301888,0.24528301886792453,0.018867924528301886,356.1132075471698,59.64150943396226
PHL,CVG,PHL → CVG,625,14.72,16.232,0.1952,0.024,507.0,82.7536
PHL,DAB,PHL → DAB,44,15.977272727272727,22.431818181818183,0.18181818181818182,0.0,808.0,117.22727272727273
PHL,DAL,PHL → DAL,53,7.7924528301886795,6.981132075471698,0.1509433962264151,0.03773584905660377,1295.0,177.26415094339623
PHL,DAY,PHL → DAY,302,21.08609271523179,22.192052980132452,0.22847682119205298,0.026490066225165563,477.0,73.76158940397352
PHL,DCA,PHL → DCA,488,9.58811475409836,10.293032786885245,0.1598360655737705,0.022540983606557378,119.0,31.702868852459016
PHL,DEN,PHL → DEN,1148,15.221254355400697,15.054006968641115,0.19425087108013936,0.01916376306620209,1558.0,214.94425087108013
PHL,DFW,PHL → DFW,1472,13.752038043478262,14.83288043478261,0.20584239130434784,0.033967391304347824,1303.0,178.0264945652174
PHL,DSM,PHL → DSM,87,7.735632183908046,11.781609195402298,0.20689655172413793,0.022988505747126436,972.0,146.08045977011494
PHL,DTW,PHL → DTW,1201,13.745212323064113,14.260616153205662,0.1440466278101582,0.01582014987510408,453.0,74.92422980849292
PHL,ECP,PHL → ECP,10,2.1,6.1,0.2,0.0,886.0,124.6
PHL,EGE,PHL → EGE,2,0.0,0.5,0.0,0.0,1678.0,244.0
PHL,EWR,PHL → EWR,63,4.603174603174603,6.682539682539683,0.14285714285714285,0.07936507936507936,80.0,25.317460317460316
PHL,EYW,PHL → EYW,142,5.619718309859155,9.838028169014084,0.19718309859154928,0.04929577464788732,1121.0,150.4718309859155
PHL,FLL,PHL → FLL,1258,13.226550079491256,14.443561208267091,0.1987281399046105,0.023052464228934817,992.0,135.76391096979333
PHL,FWA,PHL → FWA,3,29.0,38.666666666666664,0.6666666666666666,0.0,530.0,77.33333333333333
PHL,GRR,PHL → GRR,127,17.30708661417323,18.834645669291337,0.13385826771653545,0.023622047244094488,573.0,86.97637795275591
PHL,GSO,PHL → GSO,152,12.519736842105264,14.828947368421053,0.19078947368421054,0.019736842105263157,365.0,62.81578947368421
PHL,GSP,PHL → GSP,254,17.783464566929133,17.968503937007874,0.17716535433070865,0.015748031496062992,515.0,81.56692913385827
PHL,HHH,PHL → HHH,18,4.666666666666667,9.055555555555555,0.16666666666666666,0.0,609.0,92.0
PHL,HOU,PHL → HOU,20,21.65,14.7,0.25,0.05,1336.0,178.65
PHL,HVN,PHL → HVN,168,14.351190476190476,14.267857142857142,0.1488095238095238,0.041666666666666664,157.0,37.416666666666664
PHL,IAD,PHL → IAD,83,9.373493975903614,10.072289156626505,0.08433734939759036,0.024096385542168676,135.0,35.66265060240964
PHL,IAH,PHL → IAH,858,14.371794871794872,15.524475524475525,0.1993006993006993,0.017482517482517484,1325.0,186.64918414918415
PHL,ILM,PHL → ILM,34,2.264705882352941,4.029411764705882,0.14705882352941177,0.08823529411764706,413.0,58.76470588235294
PHL,IND,PHL → IND,597,9.149078726968174,10.380234505862646,0.1490787269681742,0.020100502512562814,588.0,89.84087102177554
PHL,JAX,PHL → JAX,508,11.714566929133857,12.92716535433071,0.19488188976377951,0.021653543307086614,742.0,105.66535433070867
PHL,JFK,PHL → JFK,40,4.35,4.175,0.1,0.025,94.0,29.675
PHL,LAS,PHL → LAS,705,15.977304964539007,16.59290780141844,0.2695035460992908,0.02553191489361702,2176.0,283.78014184397165
PHL,LAX,PHL → LAX,1054,12.83776091081594,13.767552182163188,0.1954459203036053,0.017077798861480076,2402.0,310.9051233396584
PHL,LEX,PHL → LEX,1,0.0,6.0,0.0,0.0,520.0,83.0
PHL,LGA,PHL → LGA,149,11.308724832214764,11.630872483221477,0.2214765100671141,0.087248322147651,96.0,24.530201342281877
PHL,MCI,PHL → MCI,338,15.357988165680473,16.25147928994083,0.20414201183431951,0.020710059171597635,1038.0,147.51183431952663
PHL,MCO,PHL → MCO,2492,17.123595505617978,17.38804173354735,0.21990369181380418,0.025682182985553772,861.0,119.09791332263242
PHL,MDT,PHL → MDT,6,28.166666666666668,27.5,0.3333333333333333,0.0,84.0,21.833333333333332
PHL,MDW,PHL → MDW,612,12.15359477124183,11.282679738562091,0.1650326797385621,0.05228758169934641,668.0,98.51307189542484
PHL,MEM,PHL → MEM,234,9.286324786324787,10.294871794871796,0.13675213675213677,0.042735042735042736,875.0,125.7905982905983
PHL,MHT,PHL → MHT,168,14.773809523809524,15.446428571428571,0.1488095238095238,0.0,289.0,53.25
PHL,MIA,PHL → MIA,1166,14.75385934819897,16.338765008576328,0.21269296740994853,0.016295025728987993,1013.0,137.9845626072041
PHL,MKE,PHL → MKE,146,9.349315068493151,10.465753424657533,0.1232876712328767,0.0136986301369863,690.0,105.92465753424658
PHL,MLB,PHL → MLB,25,15.16,17.72,0.24,0.0,868.0,130.24
PHL,MSN,PHL → MSN,168,13.892857142857142,15.05952380952381,0.2261904761904762,0.017857142857142856,764.0,113.83928571428571
PHL,MSP,PHL → MSP,851,11.647473560517039,11.37015276145711,0.11868390129259694,0.01762632197414806,980.0,143.5957696827262
PHL,MSY,PHL → MSY,425,12.385882352941177,13.388235294117647,0.16470588235294117,0.02588235294117647,1089.0,151.71058823529413
PHL,MVY,PHL → MVY,1,0.0,0.0,0.0,0.0,265.0,50.0
PHL,MYR,PHL → MYR,383,10.276762402088773,11.652741514360313,0.16971279373368145,0.0391644908616188,473.0,70.0130548302872
PHL,OAK,PHL → OAK,24,12.583333333333334,11.541666666666666,0.20833333333333334,0.041666666666666664,2511.0,314.0833333333333
PHL,OKC,PHL → OKC,70,6.4,9.142857142857142,0.14285714285714285,0.02857142857142857,1261.0,182.14285714285714
PHL,OMA,PHL → OMA,62,2.435483870967742,3.9516129032258065,0.06451612903225806,0.0967741935483871,1088.0,145.3548387096774
PHL,ORD,PHL → ORD,1824,11.523574561403509,12.560855263157896,0.14035087719298245,0.03179824561403509,678.0,103.84978070175438
PHL,ORF,PHL → ORF,560,17.5125,18.942857142857143,0.24107142857142858,0.039285714285714285,212.0,39.025
PHL,PBI,PHL → PBI,592,13.513513513513514,15.341216216216216,0.21621621621621623,0.02364864864864865,951.0,131.20101351351352
PHL,PDX,PHL → PDX,26,14.23076923076923,16.23076923076923,0.2692307692307692,0.0,2406.0,318.7692307692308
PHL,PHF,PHL → PHF,59,19.23728813559322,19.35593220338983,0.23728813559322035,0.03389830508474576,201.0,38.67796610169491
PHL,PHX,PHL → PHX,1000,11.372,11.661,0.159,0.024,2075.0,274.62
PHL,PIT,PHL → PIT,615,11.198373983739838,12.450406504065041,0.17886178861788618,0.030894308943089432,268.0,46.97723577235772
PHL,PNS,PHL → PNS,156,9.333333333333334,12.083333333333334,0.1987179487179487,0.01282051282051282,935.0,132.6602564102564
PHL,PSP,PHL → PSP,1,0.0,0.0,0.0,0.0,2304.0,343.0
PHL,PVD,PHL → PVD,485,9.690721649484535,10.08041237113402,0.12989690721649486,0.02268041237113402,237.0,43.85154639175258
PHL,PWM,PHL → PWM,415,10.081927710843374,10.453012048192772,0.1710843373493976,0.04819277108433735,364.0,55.88915662650602
PHL,RDU,PHL → RDU,925,13.804324324324325,14.407567567567568,0.18594594594594593,0.023783783783783784,337.0,57.53405405405405
PHL,RIC,PHL → RIC,18,7.666666666666667,9.333333333333334,0.16666666666666666,0.0,198.0,42.5
PHL,ROC,PHL → ROC,103,8.941747572815533,9.563106796116505,0.1553398058252427,0.06796116504854369,257.0,46.116504854368934
PHL,RSW,PHL → RSW,756,16.525132275132275,16.63095238095238,0.18915343915343916,0.026455026455026454,993.0,141.260582010582
PHL,SAN,PHL → SAN,325,13.526153846153846,13.56,0.19076923076923077,0.018461538461538463,2370.0,305.2646153846154
PHL,SAT,PHL → SAT,28,6.857142857142857,8.285714285714286,0.17857142857142858,0.0,1496.0,213.75
PHL,SAV,PHL → SAV,387,8.291989664082687,9.356589147286822,0.12919896640826872,0.028423772609819122,629.0,93.08268733850129
PHL,SCE,PHL → SCE,1,0.0,12.0,0.0,0.0,153.0,34.0
PHL,SDF,PHL → SDF,243,8.25925925925926,9.835390946502057,0.12757201646090535,0.01646090534979424,576.0,92.54732510288066
PHL,SEA,PHL → SEA,439,13.779043280182233,14.350797266514807,0.17084282460136674,0.01366742596810934,2378.0,319.23462414578586
PHL,SFO,PHL → SFO,550,16.21272727272727,17.44727272727273,0.24,0.02727272727272727,2521.0,328.20363636363635
PHL,SJU,PHL → SJU,713,20.230014025245442,19.977559607293127,0.24403927068723702,0.02244039270687237,1576.0,201.62131837307152
PHL,SLC,PHL → SLC,210,6.485714285714286,6.080952380952381,0.10476190476190476,0.014285714285714285,1927.0,263.0809523809524
PHL,SRQ,PHL → SRQ,140,10.821428571428571,11.971428571428572,0.15714285714285714,0.014285714285714285,957.0,140.8357142857143
PHL,STL,PHL → STL,717,8.557880055788006,8.598326359832637,0.14086471408647142,0.030683403068340307,814.0,117.99302649930264
PHL,STT,PHL → STT,90,8.233333333333333,8.577777777777778,0.17777777777777778,0.011111111111111112,1605.0,199.04444444444445
PHL,SYR,PHL → SYR,154,12.285714285714286,12.487012987012987,0.23376623376623376,0.045454545454545456,228.0,43.73376623376623
PHL,TPA,PHL → TPA,1169,14.783575705731394,15.248075278015397,0.19503849443969204,0.023096663815226688,920.0,130.40633019674937
PHL,TVC,PHL → TVC,22,1.2727272727272727,6.5,0.13636363636363635,0.0,627.0,97.77272727272727
PHL,TYS,PHL → TYS,155,21.174193548387098,23.361290322580643,0.2709677419354839,0.0064516129032258064,554.0,86.96129032258065
PHL,VPS,PHL → VPS,15,14.066666666666666,17.266666666666666,0.3333333333333333,0.0,908.0,131.93333333333334
PHL,XNA,PHL → XNA,17,13.176470588235293,16.058823529411764,0.23529411764705882,0.0,1066.0,167.47058823529412
PHX,ABQ,PHX → ABQ,1277,11.125293657008614,9.951448707909162,0.16366483946750196,0.017227877838684416,328.0,46.460454189506656
PHX,ACV,PHX → ACV,57,18.07017543859649,19.526315789473685,0.2631578947368421,0.03508771929824561,845.0,117.2280701754386
PHX,AMA,PHX → AMA,12,22.583333333333332,21.583333333333332,0.16666666666666666,0.08333333333333333,602.0,71.41666666666667
PHX,ANC,PHX → ANC,112,10.482142857142858,10.473214285714286,0.21428571428571427,0.0,2552.0,327.75
PHX,ASE,PHX → ASE,69,14.53623188405797,18.420289855072465,0.2608695652173913,0.043478260869565216,491.0,75.59420289855072
PHX,ATL,PHX → ATL,1561,11.43818065342729,10.163997437540038,0.1441383728379244,0.01729660474055093,1587.0,181.85778347213324
PHX,AUS,PHX → AUS,1203,12.060681629260182,11.632585203657523,0.1828761429758936,0.01828761429758936,872.0,106.15461346633417
PHX,AVL,PHX → AVL,1,34.0,32.0,1.0,0.0,1683.0,189.0
PHX,BFL,PHX → BFL,466,14.433476394849786,14.090128755364807,0.1888412017167382,0.008583690987124463,425.0,64.33690987124463
PHX,BIL,PHX → BIL,42,4.285714285714286,4.523809523809524,0.07142857142857142,0.0,873.0,118.14285714285714
PHX,BIS,PHX → BIS,33,11.484848484848484,10.363636363636363,0.09090909090909091,0.0,1094.0,138.66666666666666
PHX,BNA,PHX → BNA,701,12.898716119828816,11.08987161198288,0.20399429386590584,0.025677603423680456,1449.0,164.37803138373752
PHX,BOI,PHX → BOI,581,15.10671256454389,14.390705679862306,0.20309810671256454,0.012048192771084338,735.0,103.32530120481928
PHX,BOS,PHX → BOS,668,17.95508982035928,15.73502994011976,0.1721556886227545,0.01347305389221557,2300.0,256.9206586826347
PHX,BUF,PHX → BUF,60,11.933333333333334,9.516666666666667,0.06666666666666667,0.1,1912.0,193.21666666666667
PHX,BUR,PHX → BUR,1473,11.644942294636795,10.055668703326544,0.18126272912423624,0.03665987780040733,369.0,63.716904276985744
PHX,BWI,PHX → BWI,466,13.791845493562231,10.959227467811159,0.18669527896995708,0.02145922746781116,1999.0,223.69098712446353
PHX,BZN,PHX → BZN,14,17.714285714285715,15.571428571428571,0.21428571428571427,0.0,853.0,112.14285714285714
PHX,CID,PHX → CID,131,10.541984732824428,11.213740458015268,0.1984732824427481,0.007633587786259542,1252.0,149.9770992366412
PHX,CLE,PHX → CLE,267,14.198501872659175,12.363295880149813,0.20224719101123595,0.033707865168539325,1737.0,195.0823970037453
PHX,CLT,PHX → CLT,1203,9.293433083956774,8.660016625103907,0.10224438902743142,0.011637572734829594,1773.0,203.404821280133
PHX,CMH,PHX → CMH,417,11.640287769784173,10.232613908872901,0.14628297362110312,0.019184652278177457,1670.0,190.5875299760192
PHX,COS,PHX → COS,346,14.572254335260116,12.15606936416185,0.20520231213872833,0.014450867052023121,551.0,76.03468208092485
PHX,CVG,PHX → CVG,148,7.601351351351352,6.114864864864865,0.11486486486486487,0.02027027027027027,1569.0,177.5
PHX,DAL,PHX → DAL,1160,12.886206896551725,10.95,0.22413793103448276,0.034482758620689655,879.0,110.86637931034483
PHX,DCA,PHX → DCA,403,4.697270471464019,4.962779156327543,0.09429280397022333,0.02977667493796526,1979.0,219.7245657568238
PHX,DEN,PHX → DEN,3662,12.23020207536865,11.714363735663571,0.18869470234844346,0.026488257782632443,602.0,78.81567449481157
PHX,DFW,PHX → DFW,1973,11.909782057780031,11.538266599087684,0.15712113532691332,0.02280790674100355,868.0,108.67308667004562
PHX,DRO,PHX → DRO,341,11.818181818181818,10.885630498533724,0.13196480938416422,0.01466275659824047,351.36950146627566,51.0058651026393
PHX,DSM,PHX → DSM,319,14.31974921630094,14.974921630094045,0.1724137931034483,0.0219435736677116,1149.1974921630094,136.10971786833855
PHX,DTW,PHX → DTW,965,7.8,6.941968911917098,0.11502590673575129,0.011398963730569948,1671.0,192.24870466321244
PHX,EGE,PHX → EGE,22,17.136363636363637,24.5,0.4090909090909091,0.045454545454545456,513.0,82.27272727272727
PHX,ELP,PHX → ELP,1127,14.180124223602485,12.582076308784384,0.19787045252883761,0.011535048802129548,347.0,49.879325643300795
PHX,EUG,PHX → EUG,232,10.60344827586207,10.844827586206897,0.16379310344827586,0.008620689655172414,952.0,133.85344827586206
PHX,EWR,PHX → EWR,933,18.55091103965702,19.169346195069668,0.2529474812433012,0.021436227224008574,2133.0,241.0300107181136
PHX,FAR,PHX → FAR,72,20.069444444444443,20.166666666666668,0.125,0.06944444444444445,1225.0,141.02777777777777
PHX,FAT,PHX → FAT,636,12.595911949685535,12.715408805031446,0.16981132075471697,0.0110062893081761,493.0,76.66037735849056
PHX,FLG,PHX → FLG,563,10.460035523978686,10.72646536412078,0.11900532859680284,0.04440497335701599,119.0,25.896980461811722
PHX,FLL,PHX → FLL,210,23.87142857142857,19.83809523809524,0.24761904761904763,0.023809523809523808,1972.0,220.68571428571428
PHX,FSD,PHX → FSD,213,13.131455399061032,13.774647887323944,0.20187793427230047,0.028169014084507043,1081.0,127.61032863849765
PHX,GEG,PHX → GEG,435,12.340229885057472,12.294252873563218,0.1839080459770115,0.009195402298850575,1020.0,135.78620689655173
PHX,GJT,PHX → GJT,362,8.574585635359115,8.964088397790055,0.13535911602209943,0.011049723756906077,438.0,62.30939226519337
PHX,GRR,PHX → GRR,71,6.71830985915493,6.943661971830986,0.09859154929577464,0.0,1574.0,180.11267605633802
PHX,HNL,PHX → HNL,481,16.02910602910603,17.12889812889813,0.17463617463617465,0.004158004158004158,2917.0,371.2162162162162
PHX,HOU,PHX → HOU,755,12.27682119205298,10.47682119205298,0.1986754966887417,0.031788079470198675,1020.0,121.17218543046357
PHX,IAD,PHX → IAD,187,4.042780748663102,4.909090909090909,0.0962566844919786,0.0106951871657754,1956.0,219.55614973262033
PHX,IAH,PHX → IAH,1104,11.72373188405797,12.120471014492754,0.15217391304347827,0.022644927536231884,1009.0,124.1875
PHX,ICT,PHX → ICT,95,9.136842105263158,6.178947368421053,0.1368421052631579,0.05263157894736842,870.0,100.09473684210526
PHX,IDA,PHX → IDA,78,8.461538461538462,7.538461538461538,0.11538461538461539,0.01282051282051282,695.0,95.7051282051282
PHX,IND,PHX → IND,641,14.106084243369734,13.397815912636505,0.20748829953198128,0.0124804992199688,1488.0,172.45553822152885
PHX,JAC,PHX → JAC,35,1.3428571428571427,2.6,0.02857142857142857,0.0,705.0,98.71428571428571
PHX,JFK,PHX → JFK,1039,16.392685274302213,16.10779595765159,0.20692974013474494,0.028873917228103944,2153.0,245.1732435033686
PHX,KOA,PHX → KOA,180,10.261111111111111,9.988888888888889,0.16111111111111112,0.005555555555555556,2860.0,360.28333333333336
PHX,LAS,PHX → LAS,2560,14.716015625,14.130078125,0.21328125,0.029296875,255.0,42.886328125
PHX,LAX,PHX → LAX,3043,9.011501807426882,8.095957936247125,0.13539270456786065,0.017088399605652317,370.0,57.906013802168914
PHX,LBB,PHX → LBB,159,21.11320754716981,21.144654088050313,0.20754716981132076,0.018867924528301886,588.0,77.33333333333333
PHX,LGA,PHX → LGA,6,7.666666666666667,8.0,0.3333333333333333,0.16666666666666666,2149.0,203.16666666666666
PHX,LGB,PHX → LGB,717,14.499302649930264,12.850767085076708,0.16875871687587168,0.019525801952580194,355.0,56.490934449093444
PHX,LIH,PHX → LIH,155,9.793548387096774,9.35483870967742,0.15483870967741936,0.03870967741935484,2979.0,365.5741935483871
PHX,LIT,PHX → LIT,48,10.166666666666666,9.5625,0.22916666666666666,0.0,1136.0,136.0
PHX,MAF,PHX → MAF,163,27.45398773006135,27.73006134969325,0.22085889570552147,0.0,581.0,77.06134969325153
PHX,MCI,PHX → MCI,858,11.227272727272727,10.013986013986013,0.1864801864801865,0.029137529137529136,1044.0,123.45571095571096
PHX,MCO,PHX → MCO,643,18.08709175738725,16.73561430793157,0.2332814930015552,0.02021772939346812,1849.0,213.0824261275272
PHX,MDW,PHX → MDW,1196,14.648829431438127,12.605351170568563,0.229933110367893,0.039297658862876256,1444.0,165.688127090301
PHX,MEM,PHX → MEM,248,14.443548387096774,14.30241935483871,0.25806451612903225,0.04032258064516129,1264.0,146.55645161290323
PHX,MFR,PHX → MFR,272,9.514705882352942,9.400735294117647,0.15808823529411764,0.003676470588235294,854.0,120.98529411764706
PHX,MIA,PHX → MIA,539,9.749536178107606,9.413729128014843,0.15398886827458255,0.016697588126159554,1972.0,223.27458256029684
PHX,MKE,PHX → MKE,659,15.37329286798179,13.704097116843702,0.19575113808801214,0.019726858877086494,1460.0,169.94081942336874
PHX,MRY,PHX → MRY,467,15.970021413276232,16.78800856531049,0.22055674518201285,0.029978586723768737,598.0,87.76231263383298
PHX,MSN,PHX → MSN,138,13.108695652173912,11.5,0.18115942028985507,0.007246376811594203,1396.0,164.6231884057971
PHX,MSP,PHX → MSP,1540,11.712987012987012,10.392207792207792,0.1474025974025974,0.01753246753246753,1276.0,152.80454545454546
PHX,MSY,PHX → MSY,258,9.426356589147288,8.05813953488372,0.15503875968992248,0.050387596899224806,1300.0,144.96899224806202
PHX,MTJ,PHX → MTJ,57,15.368421052631579,18.894736842105264,0.17543859649122806,0.0,419.0,63.43859649122807
PHX,OAK,PHX → OAK,1121,11.206066012488849,9.329170383586083,0.1873327386262266,0.026761819803746655,646.0,92.59054415700268
PHX,OGG,PHX → OGG,285,10.08421052631579,11.080701754385965,0.2,0.0,2845.0,360.1684210526316
PHX,OKC,PHX → OKC,668,13.182634730538922,12.187125748502995,0.18263473053892215,0.023952095808383235,833.0,101.50898203592814
PHX,OMA,PHX → OMA,619,10.579967689822293,9.150242326332794,0.172859450726979,0.0210016155088853,1037.0,124.67205169628433
PHX,ONT,PHX → ONT,1375,12.431272727272727,11.270545454545454,0.168,0.025454545454545455,325.0,49.97818181818182
PHX,ORD,PHX → ORD,2292,14.372164048865619,13.417539267015707,0.16753926701570682,0.020942408376963352,1440.0,169.03141361256544
PHX,ORF,PHX → ORF,3,1.3333333333333333,0.0,0.0,0.0,2029.0,224.0
PHX,PAE,PHX → PAE,150,9.786666666666667,11.573333333333334,0.22,0.02666666666666667,1133.0,160.02666666666667
PHX,PDX,PHX → PDX,1331,10.813673929376408,9.684447783621337,0.16679188580015025,0.013523666416228399,1009.0,140.8602554470323
PHX,PHL,PHX → PHL,974,10.956878850102669,9.73305954825462,0.1437371663244353,0.026694045174537988,2075.0,231.62217659137576
PHX,PIT,PHX → PIT,243,8.074074074074074,5.909465020576132,0.13168724279835392,0.024691358024691357,1814.0,200.24279835390948
PHX,PSP,PHX → PSP,853,10.192262602579133,10.31770222743259,0.16412661195779601,0.026963657678780773,261.0,43.31887456037515
PHX,PVU,PHX → PVU,19,16.210526315789473,17.157894736842106,0.3157894736842105,0.0,468.0,70.21052631578948
PHX,RAP,PHX → RAP,42,10.380952380952381,12.666666666666666,0.21428571428571427,0.0,876.0,113.47619047619048
PHX,RDM,PHX → RDM,264,16.261363636363637,16.03409090909091,0.14393939393939395,0.003787878787878788,893.0,125.01515151515152
PHX,RDU,PHX → RDU,191,14.387434554973822,12.706806282722512,0.2198952879581152,0.02617801047120419,1891.0,214.0104712041885
PHX,RNO,PHX → RNO,979,14.496424923391215,13.440245148110316,0.1787538304392237,0.027579162410623085,601.0,85.21450459652706
PHX,ROW,PHX → ROW,129,16.434108527131784,16.612403100775193,0.13178294573643412,0.007751937984496124,433.0,64.20930232558139
PHX,RSW,PHX → RSW,4,5.25,0.0,0.0,0.0,1868.0,208.75
PHX,SAF,PHX → SAF,195,14.415384615384616,16.005128205128205,0.1794871794871795,0.010256410256410256,370.0,54.47692307692308
PHX,SAN,PHX → SAN,2088,10.222222222222221,9.01963601532567,0.17193486590038315,0.022988505747126436,304.0,49.33955938697318
PHX,SAT,PHX → SAT,977,12.965199590583419,11.915046059365404,0.19344933469805528,0.02661207778915046,843.0,101.19959058341863
PHX,SBA,PHX → SBA,535,11.358878504672898,11.357009345794392,0.16261682242990655,0.03551401869158879,455.0,67.64485981308411
PHX,SBP,PHX → SBP,539,10.029684601113173,10.788497217068645,0.14471243042671614,0.014842300556586271,509.0,75.80333951762523
PHX,SCK,PHX → SCK,27,27.555555555555557,26.185185185185187,0.5925925925925926,0.037037037037037035,603.0,85.62962962962963
PHX,SDF,PHX → SDF,68,6.676470588235294,4.029411764705882,0.08823529411764706,0.04411764705882353,1506.0,163.85294117647058
PHX,SEA,PHX → SEA,2879,9.797499131642931,9.680791941646405,0.1549149010072942,0.019451198332754428,1107.0,154.11913858978812
PHX,SFO,PHX → SFO,1857,16.299946149703825,15.01884760366182,0.19655358104469575,0.025309639203015617,651.0,95.68659127625202
PHX,SGU,PHX → SGU,340,10.988235294117647,12.520588235294118,0.14705882352941177,0.008823529411764706,262.0,50.48529411764706
PHX,SJC,PHX → SJC,1319,8.434420015163003,7.573161485974223,0.14859742228961334,0.019711902956785442,621.0,91.05610310841547
PHX,SLC,PHX → SLC,2219,10.702118071203245,9.99594411897251,0.17665615141955837,0.013970256872465074,507.0,71.51059035601622
PHX,SMF,PHX → SMF,1528,10.645287958115183,9.311518324607329,0.1695026178010471,0.015706806282722512,647.0,95.81675392670157
PHX,SNA,PHX → SNA,1798,10.32424916573971,9.0678531701891,0.16407119021134595,0.01946607341490545,338.0,54.46662958843159
PHX,STL,PHX → STL,860,11.076744186046511,9.232558139534884,0.1697674418604651,0.026744186046511628,1262.0,145.1593023255814
PHX,STS,PHX → STS,207,9.879227053140097,10.434782608695652,0.14492753623188406,0.014492753623188406,699.0,105.67149758454106
PHX,TPA,PHX → TPA,440,12.393181818181818,11.154545454545454,0.19772727272727272,0.013636363636363636,1788.0,206.25
PHX,TUL,PHX → TUL,293,13.982935153583618,12.22184300341297,0.22184300341296928,0.013651877133105802,935.0,113.1296928327645
PHX,TUS,PHX → TUS,997,15.445336008024071,15.501504513540622,0.17051153460381144,0.020060180541624874,110.0,24.68405215646941
PHX,TYS,PHX → TYS,16,6.0625,3.125,0.0625,0.0,1599.0,186.0
PHX,XNA,PHX → XNA,35,31.542857142857144,31.485714285714284,0.3142857142857143,0.0,1023.0,130.4
PHX,YUM,PHX → YUM,582,9.094501718213058,9.115120274914089,0.12199312714776632,0.010309278350515464,160.0,31.424398625429554
PIA,ATL,PIA → ATL,152,30.75,31.019736842105264,0.21710526315789475,0.013157894736842105,565.0,83.5592105263158
PIA,AZA,PIA → AZA,82,6.134146341463414,6.475609756097561,0.12195121951219512,0.012195121951219513,1312.0,175.9878048780488
PIA,BNA,PIA → BNA,45,16.68888888888889,21.08888888888889,0.28888888888888886,0.0,353.0,52.77777777777778
PIA,CLT,PIA → CLT,315,13.473015873015873,13.676190476190476,0.11428571428571428,0.012698412698412698,607.0,85.20952380952382
PIA,DEN,PIA → DEN,19,15.894736842105264,17.57894736842105,0.2631578947368421,0.05263157894736842,793.0,109.57894736842105
PIA,DFW,PIA → DFW,292,18.315068493150687,19.65753424657534,0.20205479452054795,0.02054794520547945,672.0,100.40068493150685
PIA,FLL,PIA → FLL,7,12.428571428571429,20.285714285714285,0.42857142857142855,0.14285714285714285,1145.0,131.0
PIA,LAS,PIA → LAS,56,34.107142857142854,34.55357142857143,0.23214285714285715,0.03571428571428571,1413.0,181.71428571428572
PIA,MSP,PIA → MSP,44,29.65909090909091,30.15909090909091,0.13636363636363635,0.0,342.0,64.63636363636364
PIA,ORD,PIA → ORD,441,8.64172335600907,8.75283446712018,0.12018140589569161,0.03854875283446712,130.0,31.331065759637188
PIA,PGD,PIA → PGD,87,19.022988505747126,20.839080459770116,0.2988505747126437,0.06896551724137931,1045.0,122.9080459770115
PIA,PIE,PIA → PIE,75,29.44,32.61333333333334,0.22666666666666666,0.04,965.0,115.69333333333333
PIA,SFB,PIA → SFB,44,20.227272727272727,19.068181818181817,0.2727272727272727,0.0,949.0,121.77272727272727
PIA,SRQ,PIA → SRQ,24,88.70833333333333,94.04166666666667,0.4583333333333333,0.0,1001.0,130.16666666666666
PIA,VPS,PIA → VPS,15,12.533333333333333,14.133333333333333,0.26666666666666666,0.06666666666666667,724.0,86.86666666666666
PIB,DFW,PIB → DFW,63,40.95238095238095,39.25396825396825,0.2857142857142857,0.06349206349206349,462.0,73.53968253968254
PIB,IAH,PIB → IAH,162,24.72222222222222,25.098765432098766,0.15432098765432098,0.043209876543209874,372.0,62.46913580246913
PIB,MEI,PIB → MEI,91,38.824175824175825,38.21978021978022,0.2087912087912088,0.02197802197802198,69.0,18.593406593406595
PIE,ABE,PIE → ABE,94,15.46808510638298,16.617021276595743,0.26595744680851063,0.0425531914893617,970.0,123.7127659574468
PIE,ALB,PIE → ALB,64,3.640625,6.421875,0.078125,0.0625,1138.0,134.3125
PIE,ATW,PIE → ATW,68,12.529411764705882,14.691176470588236,0.20588235294117646,0.04411764705882353,1173.0,147.19117647058823
PIE,AVL,PIE → AVL,206,16.961165048543688,19.524271844660195,0.27184466019417475,0.07281553398058252,519.0,66.5873786407767
PIE,BGR,PIE → BGR,79,10.481012658227849,11.367088607594937,0.1518987341772152,0.0379746835443038,1394.0,162.8987341772152
PIE,BLV,PIE → BLV,71,9.619718309859154,11.887323943661972,0.18309859154929578,0.0,841.0,114.46478873239437
PIE,BMI,PIE → BMI,68,8.455882352941176,9.279411764705882,0.19117647058823528,0.029411764705882353,936.0,124.77941176470588
PIE,BNA,PIE → BNA,61,13.131147540983607,15.065573770491802,0.18032786885245902,0.09836065573770492,612.0,81.19672131147541
PIE,CAK,PIE → CAK,16,9.3125,8.375,0.1875,0.0,899.0,119.4375
PIE,CHA,PIE → CHA,40,11.55,14.1,0.275,0.1,513.0,64.7
PIE,CID,PIE → CID,58,8.068965517241379,7.810344827586207,0.10344827586206896,0.0,1090.0,145.05172413793105
PIE,CKB,PIE → CKB,13,14.307692307692308,12.615384615384615,0.23076923076923078,0.0,798.0,104.23076923076923
PIE,CLE,PIE → CLE,17,4.588235294117647,7.529411764705882,0.058823529411764705,0.058823529411764705,932.0,114.0
PIE,CVG,PIE → CVG,201,12.114427860696518,14.393034825870647,0.263681592039801,0.03980099502487562,776.0,103.40298507462687
PIE,DAY,PIE → DAY,43,16.488372093023255,16.74418604651163,0.27906976744186046,0.046511627906976744,831.0,107.25581395348837
PIE,DSM,PIE → DSM,51,17.686274509803923,17.607843137254903,0.1568627450980392,0.0392156862745098,1126.0,141.3921568627451
PIE,ELM,PIE → ELM,53,1.528301886792453,3.9245283018867925,0.09433962264150944,0.05660377358490566,1035.0,126.88679245283019
PIE,EYW,PIE → EYW,16,1.6875,2.375,0.0,0.0,238.0,39.4375
PIE,FAR,PIE → FAR,14,9.071428571428571,5.928571428571429,0.21428571428571427,0.0,1519.0,203.85714285714286
PIE,FNT,PIE → FNT,110,11.790909090909091,15.4,0.2545454545454545,0.0,1040.0,139.9090909090909
PIE,FSD,PIE → FSD,30,15.0,16.933333333333334,0.16666666666666666,0.1,1334.0,160.03333333333333
PIE,FWA,PIE → FWA,78,12.205128205128204,13.807692307692308,0.19230769230769232,0.038461538461538464,912.0,115.38461538461539
PIE,GRR,PIE → GRR,150,16.046666666666667,17.113333333333333,0.25333333333333335,0.03333333333333333,1044.0,131.42666666666668
PIE,GSO,PIE → GSO,40,10.225,11.825,0.2,0.05,587.0,78.325
PIE,GSP,PIE → GSP,65,17.784615384615385,19.661538461538463,0.24615384615384617,0.0,482.0,67.9076923076923
PIE,HGR,PIE → HGR,25,4.6,6.0,0.16,0.0,861.0,115.76
PIE,HTS,PIE → HTS,90,9.233333333333333,11.21111111111111,0.17777777777777778,0.05555555555555555,721.0,90.22222222222223
PIE,IAG,PIE → IAG,52,12.173076923076923,13.211538461538462,0.19230769230769232,0.038461538461538464,1069.0,131.05769230769232
PIE,ICT,PIE → ICT,13,5.076923076923077,8.538461538461538,0.15384615384615385,0.0,1087.0,151.84615384615384
PIE,IND,PIE → IND,141,20.602836879432623,21.411347517730498,0.2624113475177305,0.04964539007092199,840.0,108.70212765957447
PIE,LCK,PIE → LCK,70,18.257142857142856,19.514285714285716,0.3,0.02857142857142857,821.0,107.34285714285714
PIE,LEX,PIE → LEX,77,6.987012987012987,8.0,0.11688311688311688,0.03896103896103896,707.0,92.40259740259741
PIE,LIT,PIE → LIT,17,14.058823529411764,20.470588235294116,0.35294117647058826,0.0,734.0,105.47058823529412
PIE,MCI,PIE → MCI,28,31.035714285714285,32.785714285714285,0.17857142857142858,0.03571428571428571,1045.0,139.03571428571428
PIE,MDT,PIE → MDT,74,7.054054054054054,7.391891891891892,0.0945945945945946,0.05405405405405406,912.0,112.27027027027027
PIE,MEM,PIE → MEM,48,15.020833333333334,16.0,0.1875,0.08333333333333333,653.0,89.14583333333333
PIE,MKE,PIE → MKE,4,0.0,0.0,0.0,0.0,1077.0,141.25
PIE,MLI,PIE → MLI,36,6.944444444444445,6.527777777777778,0.08333333333333333,0.1111111111111111,1033.0,120.05555555555556
PIE,OGS,PIE → OGS,3,2.3333333333333335,2.3333333333333335,0.0,0.0,1224.0,153.66666666666666
PIE,OMA,PIE → OMA,25,6.12,7.24,0.12,0.0,1188.0,162.56
PIE,ORF,PIE → ORF,42,14.238095238095237,17.88095238095238,0.2619047619047619,0.0,726.0,97.35714285714286
PIE,PBG,PIE → PBG,49,5.163265306122449,5.26530612244898,0.08163265306122448,0.061224489795918366,1262.0,145.9387755102041
PIE,PIA,PIE → PIA,69,6.7101449275362315,7.9855072463768115,0.21739130434782608,0.0,965.0,129.0
PIE,PIT,PIE → PIT,67,13.686567164179104,15.417910447761194,0.208955223880597,0.05970149253731343,878.0,109.04477611940298
PIE,PSM,PIE → PSM,13,4.384615384615385,5.0,0.15384615384615385,0.0,1239.0,158.0
PIE,PVU,PIE → PVU,13,124.23076923076923,122.92307692307692,0.23076923076923078,0.07692307692307693,1857.0,232.92307692307693
PIE,RDU,PIE → RDU,6,10.5,8.666666666666666,0.3333333333333333,0.16666666666666666,595.0,65.66666666666667
PIE,RFD,PIE → RFD,58,16.32758620689655,17.82758620689655,0.20689655172413793,0.017241379310344827,1049.0,138.5
PIE,RIC,PIE → RIC,44,8.5,10.0,0.13636363636363635,0.045454545454545456,731.0,92.25
PIE,ROA,PIE → ROA,44,4.5227272727272725,6.4772727272727275,0.09090909090909091,0.045454545454545456,668.0,88.68181818181819
PIE,SBN,PIE → SBN,59,13.474576271186441,14.220338983050848,0.1694915254237288,0.01694915254237288,973.0,125.86440677966101
PIE,SCE,PIE → SCE,19,2.8421052631578947,2.3157894736842106,0.05263157894736842,0.10526315789473684,933.0,109.3157894736842
PIE,SDF,PIE → SDF,53,10.88679245283019,11.584905660377359,0.16981132075471697,0.018867924528301886,729.0,99.24528301886792
PIE,SGF,PIE → SGF,75,5.226666666666667,5.826666666666667,0.10666666666666667,0.05333333333333334,895.0,117.34666666666666
PIE,SWF,PIE → SWF,57,8.192982456140351,8.842105263157896,0.15789473684210525,0.07017543859649122,1055.0,133.87719298245614
PIE,SYR,PIE → SYR,74,7.405405405405405,9.297297297297296,0.14864864864864866,0.05405405405405406,1111.0,134.44594594594594
PIE,TOL,PIE → TOL,50,12.9,15.44,0.22,0.02,945.0,119.02
PIE,TRI,PIE → TRI,20,24.7,23.7,0.25,0.0,590.0,80.65
PIE,TUL,PIE → TUL,20,13.55,16.15,0.25,0.05,961.0,124.75
PIE,TVC,PIE → TVC,41,7.195121951219512,8.463414634146341,0.0975609756097561,0.07317073170731707,1172.0,140.3658536585366
PIE,TYS,PIE → TYS,168,25.125,26.523809523809526,0.34523809523809523,0.041666666666666664,550.0,73.57738095238095
PIE,USA,PIE → USA,126,12.087301587301587,12.484126984126984,0.20634920634920634,0.0873015873015873,528.0,69.51587301587301
PIE,XNA,PIE → XNA,22,8.363636363636363,8.818181818181818,0.22727272727272727,0.045454545454545456,892.0,122.45454545454545
PIH,SLC,PIH → SLC,359,12.782729805013927,12.883008356545961,0.08635097493036212,0.0,150.0,33.459610027855156
PIR,ATY,PIR → ATY,17,16.705882352941178,15.941176470588236,0.17647058823529413,0.0,159.0,30.88235294117647
PIR,BFF,PIR → BFF,6,0.0,0.0,0.0,0.0,241.0,42.5
PIR,DEN,PIR → DEN,157,10.535031847133759,11.910828025477707,0.10828025477707007,0.03821656050955414,385.0,61.40127388535032
PIT,ATL,PIT → ATL,1180,7.6745762711864405,7.266949152542373,0.11101694915254237,0.019491525423728815,526.0,76.95423728813559
PIT,AUS,PIT → AUS,36,11.722222222222221,14.25,0.2222222222222222,0.08333333333333333,1210.0,152.75
PIT,AZA,PIT → AZA,2,4.5,3.5,0.0,0.0,1799.0,258.0
PIT,BNA,PIT → BNA,377,7.196286472148541,6.721485411140583,0.14323607427055704,0.01856763925729443,462.0,72.3209549071618
PIT,BOS,PIT → BOS,928,12.68426724137931,13.604525862068966,0.1627155172413793,0.02478448275862069,496.0,70.20581896551724
PIT,BWI,PIT → BWI,480,6.73125,6.40625,0.10833333333333334,0.022916666666666665,210.0,40.89375
PIT,CHS,PIT → CHS,43,11.953488372093023,12.348837209302326,0.18604651162790697,0.09302325581395349,524.0,69.55813953488372
PIT,CLT,PIT → CLT,1161,11.348837209302326,11.704565030146426,0.13608957795004306,0.020671834625323,366.0,63.074074074074076
PIT,DAL,PIT → DAL,122,8.745901639344263,8.98360655737705,0.18032786885245902,0.05737704918032787,1060.0,144.52459016393442
PIT,DCA,PIT → DCA,565,6.773451327433628,6.8053097345132745,0.10619469026548672,0.03185840707964602,204.0,42.309734513274336
PIT,DEN,PIT → DEN,663,9.238310708898943,8.809954751131222,0.16289592760180996,0.027149321266968326,1290.0,177.67269984917044
PIT,DFW,PIT → DFW,673,11.36106983655275,11.444279346210996,0.1649331352154532,0.0237741456166419,1067.0,151.60624071322437
PIT,DTW,PIT → DTW,620,8.396774193548387,8.456451612903226,0.10161290322580645,0.017741935483870968,201.0,40.1241935483871
PIT,EWR,PIT → EWR,924,12.403679653679653,13.492424242424242,0.18722943722943722,0.05303030303030303,319.0,54.91017316017316
PIT,EYW,PIT → EYW,21,4.0,4.476190476190476,0.14285714285714285,0.0,1102.0,140.33333333333334
PIT,FLL,PIT → FLL,424,12.21933962264151,12.518867924528301,0.17688679245283018,0.030660377358490566,994.0,130.59198113207546
PIT,HOU,PIT → HOU,63,4.714285714285714,4.301587301587301,0.1111111111111111,0.015873015873015872,1131.0,163.1904761904762
PIT,IAD,PIT → IAD,508,10.31496062992126,11.838582677165354,0.1220472440944882,0.031496062992125984,182.0,37.59448818897638
PIT,IAH,PIT → IAH,560,10.944642857142858,13.189285714285715,0.1625,0.026785714285714284,1117.0,160.35
PIT,JAX,PIT → JAX,42,10.30952380952381,11.0,0.11904761904761904,0.047619047619047616,694.0,90.88095238095238
PIT,JFK,PIT → JFK,612,7.934640522875817,9.602941176470589,0.12908496732026145,0.027777777777777776,340.0,63.7859477124183
PIT,LAS,PIT → LAS,323,10.547987616099071,10.798761609907121,0.17027863777089783,0.02786377708978328,1910.0,250.6625386996904
PIT,LAX,PIT → LAX,167,12.431137724550899,13.059880239520957,0.17964071856287425,0.011976047904191617,2136.0,283.3832335329341
PIT,LBE,PIT → LBE,2,0.0,0.0,0.0,0.0,46.0,14.0
PIT,LGA,PIT → LGA,1425,12.720701754385965,14.115087719298245,0.16842105263157894,0.05403508771929825,335.0,54.265263157894736
PIT,MCO,PIT → MCO,883,13.691959229898075,14.237825594563986,0.1812004530011325,0.02491506228765572,834.0,109.69309173272933
PIT,MDW,PIT → MDW,606,8.783828382838283,9.288778877887788,0.1485148514851485,0.0297029702970297,402.0,63.755775577557756
PIT,MEM,PIT → MEM,1,0.0,0.0,0.0,1.0,652.0,0.0
PIT,MIA,PIT → MIA,363,6.289256198347108,7.319559228650138,0.1322314049586777,0.02203856749311295,1013.0,137.5013774104683
PIT,MLB,PIT → MLB,17,9.117647058823529,15.470588235294118,0.35294117647058826,0.0,854.0,118.47058823529412
PIT,MSP,PIT → MSP,533,9.352720450281426,9.046904315196999,0.11632270168855535,0.013133208255159476,726.0,109.36585365853658
PIT,MSY,PIT → MSY,10,14.7,12.0,0.2,0.0,918.0,134.8
PIT,MYR,PIT → MYR,148,10.702702702702704,10.972972972972974,0.16216216216216217,0.013513513513513514,475.0,65.67567567567568
PIT,ORD,PIT → ORD,1316,14.888297872340425,15.31838905775076,0.15501519756838905,0.029635258358662615,413.0,68.5372340425532
PIT,ORF,PIT → ORF,3,0.0,0.0,0.0,0.0,330.0,56.666666666666664
PIT,PBI,PIT → PBI,40,9.8,13.9,0.3,0.025,952.0,127.65
PIT,PGD,PIT → PGD,81,11.88888888888889,13.012345679012345,0.20987654320987653,0.037037037037037035,941.0,121.41975308641975
PIT,PHL,PIT → PHL,597,8.51926298157454,9.386934673366834,0.1490787269681742,0.02847571189279732,268.0,46.58123953098828
PIT,PHX,PIT → PHX,231,10.61038961038961,10.64069264069264,0.18614718614718614,0.017316017316017316,1814.0,247.6103896103896
PIT,PIE,PIT → PIE,83,8.710843373493976,10.421686746987952,0.1686746987951807,0.060240963855421686,878.0,114.2289156626506
PIT,RDU,PIT → RDU,213,9.901408450704226,9.525821596244132,0.09859154929577464,0.004694835680751174,328.0,54.305164319248824
PIT,RSW,PIT → RSW,277,10.382671480144404,11.07942238267148,0.15162454873646208,0.05054151624548736,966.0,126.40072202166066
PIT,SAV,PIT → SAV,57,25.666666666666668,25.70175438596491,0.2982456140350877,0.03508771929824561,579.0,77.66666666666667
PIT,SEA,PIT → SEA,190,7.652631578947369,7.973684210526316,0.1631578947368421,0.02631578947368421,2125.0,282.2263157894737
PIT,SFB,PIT → SFB,66,14.545454545454545,14.727272727272727,0.19696969696969696,0.0,809.0,108.39393939393939
PIT,SFO,PIT → SFO,130,8.330769230769231,7.061538461538461,0.17692307692307693,0.023076923076923078,2254.0,294.04615384615386
PIT,SLC,PIT → SLC,48,1.9166666666666667,2.4583333333333335,0.0625,0.0,1660.0,234.39583333333334
PIT,SRQ,PIT → SRQ,106,9.90566037735849,12.150943396226415,0.16981132075471697,0.04716981132075472,912.0,119.5
PIT,STL,PIT → STL,144,11.472222222222221,10.020833333333334,0.16666666666666666,0.020833333333333332,554.0,82.43055555555556
PIT,TPA,PIT → TPA,399,10.270676691729323,10.050125313283209,0.17794486215538846,0.03508771929824561,873.0,115.52380952380952
PIT,TYS,PIT → TYS,3,9.0,5.333333333333333,0.3333333333333333,0.0,382.0,49.333333333333336
PIT,VPS,PIT → VPS,21,32.714285714285715,42.0,0.47619047619047616,0.047619047619047616,775.0,99.47619047619048
PLN,APN,PLN → APN,44,75.68181818181819,73.54545454545455,0.1590909090909091,0.045454545454545456,69.0,20.204545454545453
PLN,DTW,PLN → DTW,343,14.86588921282799,14.13411078717201,0.1282798833819242,0.01749271137026239,243.0,42.1865889212828
PLN,ESC,PLN → ESC,1,11.0,3.0,0.0,0.0,112.0,24.0
PNS,ATL,PNS → ATL,1169,8.377245508982035,8.005132591958938,0.09153122326775022,0.020530367835757058,271.0,44.0590248075278
PNS,AUS,PNS → AUS,8,13.25,10.25,0.25,0.0,626.0,85.875
PNS,BNA,PNS → BNA,324,9.58641975308642,7.564814814814815,0.1388888888888889,0.018518518518518517,391.0,60.60493827160494
PNS,BOS,PNS → BOS,7,13.428571428571429,3.4285714285714284,0.14285714285714285,0.0,1215.0,155.85714285714286
PNS,BWI,PNS → BWI,9,18.22222222222222,20.444444444444443,0.2222222222222222,0.1111111111111111,846.0,97.0
PNS,CLT,PNS → CLT,799,15.286608260325407,14.012515644555695,0.13141426783479349,0.017521902377972465,488.0,70.34042553191489
PNS,CMH,PNS → CMH,3,13.333333333333334,11.333333333333334,0.3333333333333333,0.0,700.0,99.33333333333333
PNS,DAL,PNS → DAL,174,10.580459770114942,11.919540229885058,0.16091954022988506,0.022988505747126436,592.0,88.64367816091954
PNS,DCA,PNS → DCA,312,18.221153846153847,18.69871794871795,0.20192307692307693,0.03205128205128205,816.0,107.13782051282051
PNS,DEN,PNS → DEN,116,9.85344827586207,9.887931034482758,0.14655172413793102,0.02586206896551724,1179.0,161.7844827586207
PNS,DFW,PNS → DFW,758,24.010554089709764,24.5778364116095,0.23087071240105542,0.048812664907651716,604.0,91.63192612137203
PNS,DTW,PNS → DTW,1,0.0,0.0,0.0,0.0,837.0,112.0
PNS,EWR,PNS → EWR,9,33.44444444444444,49.333333333333336,0.4444444444444444,0.0,1015.0,134.66666666666666
PNS,FLL,PNS → FLL,31,17.29032258064516,15.870967741935484,0.1935483870967742,0.06451612903225806,525.0,71.0
PNS,HOU,PNS → HOU,201,8.606965174129353,7.502487562189055,0.14427860696517414,0.014925373134328358,488.0,78.33333333333333
PNS,IAH,PNS → IAH,444,12.51126126126126,12.657657657657658,0.13063063063063063,0.02927927927927928,489.0,81.490990990991
PNS,IND,PNS → IND,7,1.1428571428571428,0.0,0.0,0.0,639.0,90.85714285714286
PNS,LGA,PNS → LGA,42,12.666666666666666,13.833333333333334,0.19047619047619047,0.0,1030.0,137.0952380952381
PNS,MCI,PNS → MCI,30,11.966666666666667,10.8,0.16666666666666666,0.1,743.0,91.7
PNS,MCO,PNS → MCO,64,44.4375,49.15625,0.484375,0.03125,381.0,61.984375
PNS,MDW,PNS → MDW,31,16.161290322580644,16.580645161290324,0.1935483870967742,0.0,781.0,111.7741935483871
PNS,MIA,PNS → MIA,412,9.444174757281553,9.548543689320388,0.13106796116504854,0.007281553398058253,530.0,80.71844660194175
PNS,ORD,PNS → ORD,159,12.0125786163522,13.60377358490566,0.18867924528301888,0.031446540880503145,794.0,120.61006289308176
PNS,PHL,PNS → PHL,143,20.46853146853147,18.76923076923077,0.2097902097902098,0.02097902097902098,935.0,122.04895104895105
PNS,SDF,PNS → SDF,7,7.714285714285714,6.428571428571429,0.14285714285714285,0.14285714285714285,537.0,67.42857142857143
PNS,STL,PNS → STL,68,11.941176470588236,9.514705882352942,0.16176470588235295,0.0,598.0,84.54411764705883
PPG,HNL,PPG → HNL,31,64.2258064516129,64.09677419354838,0.41935483870967744,0.0,2599.0,299.258064516129
PRC,DEN,PRC → DEN,203,18.91625615763547,19.694581280788178,0.17733990147783252,0.019704433497536946,557.0,77.97536945812809
PRC,LAX,PRC → LAX,165,19.836363636363636,18.963636363636365,0.21212121212121213,0.012121212121212121,346.0,57.27878787878788
PSC,AZA,PSC → AZA,71,16.704225352112676,18.197183098591548,0.29577464788732394,0.028169014084507043,977.0,123.49295774647888
PSC,DEN,PSC → DEN,303,15.914191419141915,17.405940594059405,0.1353135313531353,0.039603960396039604,852.0,110.83498349834983
PSC,LAS,PSC → LAS,58,53.275862068965516,55.96551724137931,0.41379310344827586,0.05172413793103448,732.0,102.79310344827586
PSC,LAX,PSC → LAX,37,14.513513513513514,14.08108108108108,0.21621621621621623,0.0,851.0,124.89189189189189
PSC,MSP,PSC → MSP,162,9.191358024691358,11.358024691358025,0.13580246913580246,0.006172839506172839,1254.0,155.0493827160494
PSC,SAN,PSC → SAN,8,176.5,179.625,0.625,0.125,939.0,113.25
PSC,SEA,PSC → SEA,902,6.261640798226164,6.878048780487805,0.10532150776053215,0.017738359201773836,172.0,39.40687361419069
PSC,SFO,PSC → SFO,158,14.639240506329115,16.936708860759495,0.26582278481012656,0.0189873417721519,620.0,95.51898734177215
PSC,SLC,PSC → SLC,467,6.147751605995717,6.683083511777302,0.07708779443254818,0.014989293361884369,521.0,73.7473233404711
PSE,JFK,PSE → JFK,93,31.172043010752688,32.12903225806452,0.17204301075268819,0.010752688172043012,1617.0,216.01075268817203
PSE,MCO,PSE → MCO,194,16.9020618556701,18.015463917525775,0.28865979381443296,0.030927835051546393,1179.0,154.42268041237114
PSG,JNU,PSG → JNU,170,11.905882352941177,12.852941176470589,0.18235294117647058,0.029411764705882353,123.0,27.2
PSG,WRG,PSG → WRG,153,8.235294117647058,9.4640522875817,0.17647058823529413,0.013071895424836602,31.0,10.568627450980392
PSM,BNA,PSM → BNA,6,29.333333333333332,30.0,0.16666666666666666,0.0,970.0,134.0
PSM,MCO,PSM → MCO,12,33.083333333333336,22.916666666666668,0.25,0.0,1167.0,165.66666666666666
PSM,MYR,PSM → MYR,7,27.0,31.571428571428573,0.42857142857142855,0.0,783.0,110.71428571428571
PSM,PGD,PSM → PGD,64,54.578125,59.234375,0.375,0.015625,1279.0,183.34375
PSM,PIE,PSM → PIE,11,19.90909090909091,18.636363636363637,0.36363636363636365,0.0,1239.0,173.0909090909091
PSM,SAV,PSM → SAV,2,104.0,100.0,1.0,0.0,944.0,134.0
PSM,SFB,PSM → SFB,64,19.796875,22.859375,0.296875,0.015625,1144.0,164.609375
PSP,ATL,PSP → ATL,37,14.945945945945946,12.027027027027026,0.24324324324324326,0.05405405405405406,1840.0,193.02702702702703
PSP,AUS,PSP → AUS,41,7.2439024390243905,7.512195121951219,0.0975609756097561,0.024390243902439025,1132.0,133.3170731707317
PSP,BLI,PSP → BLI,47,11.74468085106383,11.297872340425531,0.10638297872340426,0.06382978723404255,1078.0,139.10638297872342
PSP,BNA,PSP → BNA,6,33.666666666666664,26.833333333333332,0.3333333333333333,0.16666666666666666,1693.0,155.5
PSP,BOI,PSP → BOI,40,8.625,9.65,0.2,0.05,672.0,102.825
PSP,BOS,PSP → BOS,6,14.833333333333334,11.666666666666666,0.16666666666666666,0.0,2517.0,269.1666666666667
PSP,DAL,PSP → DAL,19,17.526315789473685,19.210526315789473,0.21052631578947367,0.0,1137.0,138.3684210526316
PSP,DEN,PSP → DEN,700,12.888571428571428,12.15857142857143,0.1457142857142857,0.02,776.0,99.89857142857143
PSP,DFW,PSP → DFW,410,10.336585365853658,10.697560975609756,0.14634146341463414,0.03414634146341464,1126.0,134.38292682926829
PSP,DSM,PSP → DSM,5,7.4,1.0,0.0,0.0,1355.0,160.8
PSP,EUG,PSP → EUG,10,17.2,17.5,0.2,0.1,796.0,101.8
PSP,EWR,PSP → EWR,12,14.5,14.083333333333334,0.16666666666666666,0.0,2358.0,265.0833333333333
PSP,IAH,PSP → IAH,157,14.031847133757962,14.13375796178344,0.15286624203821655,0.012738853503184714,1269.0,153.94267515923568
PSP,IND,PSP → IND,6,18.333333333333332,13.0,0.16666666666666666,0.16666666666666666,1716.0,162.0
PSP,JFK,PSP → JFK,66,33.24242424242424,29.939393939393938,0.3939393939393939,0.030303030303030304,2378.0,258.95454545454544
PSP,LAS,PSP → LAS,120,12.466666666666667,13.583333333333334,0.30833333333333335,0.041666666666666664,173.0,36.05
PSP,LAX,PSP → LAX,127,7.181102362204724,5.7637795275590555,0.06299212598425197,0.0,110.0,25.858267716535433
PSP,LGB,PSP → LGB,2,13.0,10.0,0.5,0.0,95.0,24.5
PSP,MDW,PSP → MDW,1,29.0,33.0,1.0,0.0,1657.0,208.0
PSP,MSP,PSP → MSP,82,8.207317073170731,6.804878048780488,0.10975609756097561,0.0,1454.0,171.97560975609755
PSP,OAK,PSP → OAK,216,9.87962962962963,7.564814814814815,0.13425925925925927,0.018518518518518517,418.0,63.495370370370374
PSP,ORD,PSP → ORD,208,15.6875,13.788461538461538,0.14423076923076922,0.04807692307692308,1651.7115384615386,185.08173076923077
PSP,PAE,PSP → PAE,48,22.5,23.645833333333332,0.2916666666666667,0.041666666666666664,1017.0,149.20833333333334
PSP,PDX,PSP → PDX,211,7.289099526066351,9.421800947867299,0.17061611374407584,0.014218009478672985,873.0,127.72511848341232
PSP,PHL,PSP → PHL,3,11.333333333333334,10.666666666666666,0.3333333333333333,0.3333333333333333,2304.0,181.33333333333334
PSP,PHX,PSP → PHX,911,11.234906695938529,11.92755214050494,0.13062568605927552,0.01756311745334797,261.0,44.183315038419316
PSP,PVU,PSP → PVU,2,0.0,0.0,0.0,0.5,514.0,36.0
PSP,RNO,PSP → RNO,2,0.0,0.0,0.0,0.0,431.0,69.5
PSP,SEA,PSP → SEA,702,5.7749287749287745,6.472934472934473,0.12108262108262108,0.024216524216524215,987.0,140.9957264957265
PSP,SFO,PSP → SFO,1141,15.24014022787029,15.52410166520596,0.1831726555652936,0.017528483786152498,421.0,69.62138475021911
PSP,SJC,PSP → SJC,78,9.85897435897436,8.487179487179487,0.10256410256410256,0.01282051282051282,390.0,63.02564102564103
PSP,SLC,PSP → SLC,524,8.26908396946565,7.91412213740458,0.06870229007633588,0.0057251908396946565,541.0,77.80152671755725
PSP,SMF,PSP → SMF,98,8.540816326530612,6.122448979591836,0.08163265306122448,0.02040816326530612,439.0,68.45918367346938
PUB,DEN,PUB → DEN,224,11.861607142857142,12.53125,0.16517857142857142,0.03571428571428571,109.0,29.776785714285715
PUB,LBL,PUB → LBL,36,5.944444444444445,8.083333333333334,0.19444444444444445,0.05555555555555555,212.0,33.80555555555556
PUW,BOI,PUW → BOI,36,5.638888888888889,5.055555555555555,0.08333333333333333,0.027777777777777776,224.0,43.97222222222222
PUW,SEA,PUW → SEA,207,5.8647342995169085,6.096618357487923,0.10628019323671498,0.024154589371980676,250.0,56.64251207729468
PVD,ATL,PVD → ATL,371,11.566037735849056,11.040431266846362,0.14016172506738545,0.013477088948787063,903.0,131.36388140161725
PVD,BNA,PVD → BNA,15,10.8,12.933333333333334,0.4,0.0,906.0,132.4
PVD,BWI,PVD → BWI,760,10.973684210526315,10.215789473684211,0.14210526315789473,0.02631578947368421,327.0,58.39342105263158
PVD,CLT,PVD → CLT,701,14.001426533523539,14.236804564907276,0.1369472182596291,0.02710413694721826,683.0,105.51212553495007
PVD,CVG,PVD → CVG,8,0.25,0.0,0.0,0.0,722.0,98.375
PVD,DCA,PVD → DCA,969,12.465428276573787,13.229102167182663,0.1651186790505676,0.04643962848297214,356.0,67.84932920536636
PVD,DEN,PVD → DEN,10,13.7,9.6,0.3,0.0,1737.0,235.8
PVD,DTW,PVD → DTW,345,9.939130434782609,10.402898550724638,0.11304347826086956,0.008695652173913044,615.0,96.7536231884058
PVD,EWR,PVD → EWR,211,15.037914691943127,16.44075829383886,0.1990521327014218,0.0947867298578199,160.0,41.867298578199055
PVD,FLL,PVD → FLL,227,23.762114537444933,23.823788546255507,0.2422907488986784,0.039647577092511016,1188.0,162.96035242290748
PVD,IAD,PVD → IAD,100,12.95,14.19,0.18,0.02,371.0,67.65
PVD,LGA,PVD → LGA,188,7.207446808510638,10.47872340425532,0.1702127659574468,0.015957446808510637,143.0,39.01063829787234
PVD,MCO,PVD → MCO,716,16.955307262569832,17.067039106145252,0.2164804469273743,0.027932960893854747,1072.0,148.58240223463687
PVD,MDW,PVD → MDW,299,12.311036789297658,11.157190635451505,0.1806020066889632,0.020066889632107024,842.0,125.2675585284281
PVD,MIA,PVD → MIA,19,16.68421052631579,18.157894736842106,0.3157894736842105,0.0,1209.0,176.89473684210526
PVD,MSP,PVD → MSP,10,0.7,4.3,0.2,0.0,1117.0,160.7
PVD,MYR,PVD → MYR,3,28.0,42.666666666666664,0.6666666666666666,0.0,690.0,104.33333333333333
PVD,ORD,PVD → ORD,551,14.007259528130671,15.464609800362977,0.1724137931034483,0.047186932849364795,849.0,127.497277676951
PVD,PBI,PVD → PBI,112,14.991071428571429,19.410714285714285,0.29464285714285715,0.03571428571428571,1148.0,157.25892857142858
PVD,PGD,PVD → PGD,62,21.387096774193548,23.258064516129032,0.46774193548387094,0.03225806451612903,1184.0,160.93548387096774
PVD,PHL,PVD → PHL,466,8.583690987124463,8.714592274678111,0.0944206008583691,0.027896995708154508,237.0,54.727467811158796
PVD,RDU,PVD → RDU,7,44.142857142857146,45.285714285714285,0.42857142857142855,0.0,566.0,90.0
PVD,RSW,PVD → RSW,80,24.025,22.725,0.3,0.025,1200.0,172.8125
PVD,SAV,PVD → SAV,10,3.7,3.5,0.1,0.0,854.0,118.0
PVD,STL,PVD → STL,2,0.0,0.0,0.0,0.5,1020.0,72.5
PVD,TPA,PVD → TPA,260,12.7,12.442307692307692,0.18846153846153846,0.03076923076923077,1136.0,160.4653846153846
PVU,AUS,PVU → AUS,25,6.44,9.68,0.24,0.04,1051.0,125.92
PVU,AZA,PVU → AZA,269,14.360594795539033,16.780669144981413,0.25650557620817843,0.048327137546468404,477.0,68.26765799256506
PVU,BNA,PVU → BNA,6,26.333333333333332,35.166666666666664,0.3333333333333333,0.0,1388.0,163.83333333333334
PVU,DEN,PVU → DEN,10,6.7,20.1,0.4,0.1,375.0,58.1
PVU,HOU,PVU → HOU,31,7.516129032258065,17.06451612903226,0.3870967741935484,0.0,1181.0,151.70967741935485
PVU,LAS,PVU → LAS,15,70.4,76.0,0.5333333333333333,0.0,341.0,53.53333333333333
PVU,LAX,PVU → LAX,41,19.170731707317074,20.878048780487806,0.1951219512195122,0.024390243902439025,569.0,83.21951219512195
PVU,MDW,PVU → MDW,2,0.0,6.5,0.0,0.0,1254.0,165.5
PVU,PDX,PVU → PDX,10,8.4,11.1,0.3,0.0,664.0,95.3
PVU,PHX,PVU → PHX,20,8.65,11.9,0.25,0.0,468.0,68.65
PVU,PIE,PVU → PIE,17,130.94117647058823,129.47058823529412,0.23529411764705882,0.11764705882352941,1857.0,189.8235294117647
PVU,PSP,PVU → PSP,7,1.4285714285714286,0.0,0.0,0.0,514.0,78.42857142857143
PVU,SAN,PVU → SAN,13,40.38461538461539,30.0,0.23076923076923078,0.07692307692307693,599.0,77.23076923076923
PVU,SFB,PVU → SFB,10,5.3,22.4,0.8,0.1,1898.0,211.5
PVU,SNA,PVU → SNA,42,19.571428571428573,24.095238095238095,0.38095238095238093,0.0,565.0,84.04761904761905
PVU,TUS,PVU → TUS,22,10.272727272727273,10.954545454545455,0.18181818181818182,0.09090909090909091,560.0,72.0909090909091
PWM,ATL,PWM → ATL,243,21.744855967078188,19.218106995884774,0.18518518518518517,0.024691358024691357,1027.0,140.59670781893004
PWM,BNA,PWM → BNA,1,0.0,0.0,0.0,0.0,1010.0,139.0
PWM,BWI,PWM → BWI,582,10.11168384879725,9.06872852233677,0.16151202749140894,0.0429553264604811,452.0,71.53092783505154
PWM,CLT,PWM → CLT,361,13.382271468144044,13.28808864265928,0.1329639889196676,0.019390581717451522,813.0,120.67036011080333
PWM,DCA,PWM → DCA,465,15.535483870967742,16.03440860215054,0.17634408602150536,0.043010752688172046,482.0,82.2258064516129
PWM,DEN,PWM → DEN,33,15.181818181818182,11.484848484848484,0.06060606060606061,0.0,1782.0,241.0
PWM,DFW,PWM → DFW,34,34.23529411764706,31.441176470588236,0.3235294117647059,0.029411764705882353,1622.0,214.73529411764707
PWM,DTW,PWM → DTW,319,14.702194357366771,14.003134796238244,0.109717868338558,0.003134796238244514,668.0,100.71473354231975
PWM,EWR,PWM → EWR,382,14.55497382198953,16.342931937172775,0.22774869109947643,0.08900523560209424,284.0,57.62565445026178
PWM,FLL,PWM → FLL,1,0.0,0.0,0.0,1.0,1332.0,0.0
PWM,IAD,PWM → IAD,203,16.43349753694581,17.098522167487683,0.12807881773399016,0.019704433497536946,493.0,81.29064039408867
PWM,JFK,PWM → JFK,456,11.469298245614034,11.993421052631579,0.15789473684210525,0.04824561403508772,273.0,50.44517543859649
PWM,LGA,PWM → LGA,586,14.639931740614335,15.025597269624573,0.18600682593856654,0.051194539249146756,269.0,55.79863481228669
PWM,MCO,PWM → MCO,66,20.666666666666668,24.09090909090909,0.2878787878787879,0.045454545454545456,1214.0,168.12121212121212
PWM,MDW,PWM → MDW,56,25.892857142857142,22.839285714285715,0.26785714285714285,0.0,895.0,129.14285714285714
PWM,MIA,PWM → MIA,9,8.777777777777779,11.333333333333334,0.2222222222222222,0.0,1353.0,186.55555555555554
PWM,MSP,PWM → MSP,21,30.523809523809526,27.952380952380953,0.38095238095238093,0.0,1136.0,161.66666666666666
PWM,MYR,PWM → MYR,2,0.0,0.0,0.0,0.5,830.0,59.5
PWM,ORD,PWM → ORD,448,9.649553571428571,10.953125,0.16517857142857142,0.020089285714285716,900.0,132.99107142857142
PWM,PHL,PWM → PHL,378,11.211640211640212,11.997354497354497,0.15608465608465608,0.0291005291005291,364.0,70.27248677248677
PWM,RDU,PWM → RDU,18,12.11111111111111,12.277777777777779,0.1111111111111111,0.0,700.0,103.55555555555556
PWM,RSW,PWM → RSW,28,10.178571428571429,7.607142857142857,0.17857142857142858,0.07142857142857142,1343.0,182.03571428571428
PWM,TPA,PWM → TPA,18,6.0,7.722222222222222,0.1111111111111111,0.0,1277.0,184.72222222222223
RAP,ATL,RAP → ATL,8,6.0,3.25,0.125,0.0,1230.0,151.25
RAP,AZA,RAP → AZA,65,22.43076923076923,21.73846153846154,0.3076923076923077,0.03076923076923077,873.0,114.92307692307692
RAP,CLT,RAP → CLT,85,12.6,12.058823529411764,0.17647058823529413,0.0,1322.0,164.7058823529412
RAP,DEN,RAP → DEN,588,13.462585034013605,16.860544217687075,0.22448979591836735,0.04081632653061224,300.0,50.84183673469388
RAP,DFW,RAP → DFW,388,15.99742268041237,16.332474226804123,0.18556701030927836,0.028350515463917526,835.0,109.62628865979381
RAP,EWR,RAP → EWR,19,4.473684210526316,7.947368421052632,0.15789473684210525,0.15789473684210525,1489.0,160.26315789473685
RAP,GRR,RAP → GRR,1,0.0,0.0,0.0,0.0,884.0,113.0
RAP,IAH,RAP → IAH,3,13.0,9.333333333333334,0.3333333333333333,0.0,1058.0,139.0
RAP,LAS,RAP → LAS,53,20.39622641509434,22.735849056603772,0.2641509433962264,0.03773584905660377,843.0,112.30188679245283
RAP,LAX,RAP → LAX,4,36.5,26.25,0.5,0.0,1078.0,151.75
RAP,LGA,RAP → LGA,2,0.0,2.0,0.0,0.0,1502.0,188.5
RAP,MSP,RAP → MSP,622,9.209003215434084,8.32636655948553,0.09163987138263666,0.022508038585209004,489.0,67.68167202572347
RAP,ORD,RAP → ORD,277,16.768953068592058,16.555956678700362,0.20938628158844766,0.01444043321299639,779.8664259927798,102.08664259927798
RAP,PGD,RAP → PGD,1,16.0,8.0,0.0,0.0,1665.0,202.0
RAP,PHX,RAP → PHX,48,19.770833333333332,16.875,0.14583333333333334,0.020833333333333332,876.0,118.60416666666667
RAP,PIA,RAP → PIA,1,0.0,0.0,0.0,0.0,722.0,95.0
RAP,PIR,RAP → PIR,1,46.0,47.0,1.0,0.0,140.0,93.0
RAP,SFO,RAP → SFO,1,0.0,9.0,0.0,0.0,1102.0,172.0
RAP,SLC,RAP → SLC,109,12.412844036697248,11.055045871559633,0.13761467889908258,0.0,508.0,84.60550458715596
RDD,LAX,RDD → LAX,136,12.757352941176471,13.257352941176471,0.08088235294117647,0.014705882352941176,501.0,75.95588235294117
RDD,SEA,RDD → SEA,78,4.064102564102564,3.9358974358974357,0.05128205128205128,0.0,479.0,86.64102564102564
RDD,SFO,RDD → SFO,413,17.314769975786923,17.506053268765132,0.17675544794188863,0.012106537530266344,199.0,42.714285714285715
RDM,AZA,RDM → AZA,19,11.789473684210526,14.631578947368421,0.2631578947368421,0.10526315789473684,911.0,108.84210526315789
RDM,DEN,RDM → DEN,300,16.356666666666666,17.673333333333332,0.22666666666666666,0.016666666666666666,898.0,116.27333333333333
RDM,LAS,RDM → LAS,20,16.15,16.65,0.25,0.1,647.0,82.5
RDM,LAX,RDM → LAX,323,9.142414860681114,10.93188854489164,0.14551083591331268,0.018575851393188854,726.0,102.48297213622291
RDM,ORD,RDM → ORD,16,8.8125,7.5,0.125,0.0,1677.0,197.125
RDM,PDX,RDM → PDX,26,2.0,3.230769230769231,0.07692307692307693,0.0,116.0,29.692307692307693
RDM,PHX,RDM → PHX,268,8.261194029850746,9.078358208955224,0.13432835820895522,0.011194029850746268,893.0,117.44029850746269
RDM,SAN,RDM → SAN,76,5.197368421052632,6.631578947368421,0.10526315789473684,0.013157894736842105,823.0,113.03947368421052
RDM,SEA,RDM → SEA,861,7.696864111498257,7.617886178861789,0.11498257839721254,0.013937282229965157,228.0,48.451800232288036
RDM,SFO,RDM → SFO,631,20.020602218700475,20.24405705229794,0.18858954041204437,0.022187004754358162,462.0,73.42947702060222
RDM,SLC,RDM → SLC,329,10.398176291793312,10.474164133738602,0.08814589665653495,0.0182370820668693,525.0,74.45896656534954
RDU,ALB,RDU → ALB,14,2.2142857142857144,1.9285714285714286,0.0,0.07142857142857142,544.0,73.42857142857143
RDU,ATL,RDU → ATL,2047,9.036638983878847,8.73571079628725,0.13043478260869565,0.014167073766487542,356.0,58.262823644357596
RDU,AUS,RDU → AUS,324,5.9753086419753085,6.820987654320987,0.15123456790123457,0.012345679012345678,1162.0,163.4814814814815
RDU,BDL,RDU → BDL,67,9.582089552238806,8.477611940298507,0.14925373134328357,0.029850746268656716,532.0,73.2089552238806
RDU,BNA,RDU → BNA,666,8.717717717717719,7.813813813813814,0.12012012012012012,0.013513513513513514,442.0,72.6891891891892
RDU,BOS,RDU → BOS,1374,17.93231441048035,18.28675400291121,0.21688500727802038,0.025473071324599708,612.0,85.23216885007278
RDU,BUF,RDU → BUF,16,0.125,0.0,0.0,0.0,487.0,74.5625
RDU,BWI,RDU → BWI,866,7.837182448036952,6.728637413394919,0.1374133949191686,0.03348729792147806,255.0,42.762124711316396
RDU,CHS,RDU → CHS,7,0.0,0.0,0.0,0.0,217.0,38.285714285714285
RDU,CLE,RDU → CLE,40,10.65,10.375,0.15,0.0,416.0,67.825
RDU,CLT,RDU → CLT,1291,13.52285050348567,13.412083656080558,0.13013168086754454,0.024786986831913247,130.0,34.90085205267235
RDU,CMH,RDU → CMH,43,16.86046511627907,15.86046511627907,0.2558139534883721,0.06976744186046512,362.0,56.093023255813954
RDU,CVG,RDU → CVG,99,14.83838383838384,15.83838383838384,0.15151515151515152,0.020202020202020204,390.0,68.26262626262626
RDU,DAL,RDU → DAL,143,11.083916083916083,9.363636363636363,0.16083916083916083,0.03496503496503497,1052.0,146.6083916083916
RDU,DCA,RDU → DCA,941,10.147715196599362,11.362380446333688,0.1487778958554729,0.03506907545164718,227.0,42.17003188097768
RDU,DEN,RDU → DEN,762,11.122047244094489,11.23228346456693,0.17191601049868765,0.01837270341207349,1436.0,200.26902887139107
RDU,DFW,RDU → DFW,784,16.739795918367346,16.6734693877551,0.17219387755102042,0.05229591836734694,1061.0,148.16454081632654
RDU,DTW,RDU → DTW,662,9.361027190332326,8.652567975830816,0.09969788519637462,0.00906344410876133,501.0,77.93051359516616
RDU,EWR,RDU → EWR,1086,17.075506445672193,19.540515653775323,0.23296500920810312,0.04696132596685083,416.0,63.22744014732965
RDU,FLL,RDU → FLL,650,12.62,12.046153846153846,0.1676923076923077,0.02923076923076923,680.0,96.10153846153847
RDU,HOU,RDU → HOU,69,11.318840579710145,11.27536231884058,0.17391304347826086,0.028985507246376812,1050.0,152.42028985507247
RDU,IAD,RDU → IAD,511,9.078277886497064,10.232876712328768,0.14481409001956946,0.0273972602739726,224.0,40.166340508806265
RDU,IAH,RDU → IAH,489,13.194274028629858,14.298568507157464,0.1554192229038855,0.018404907975460124,1042.0,148.81186094069528
RDU,IND,RDU → IND,67,10.388059701492537,10.64179104477612,0.13432835820895522,0.014925373134328358,489.0,79.82089552238806
RDU,ISP,RDU → ISP,10,65.2,59.5,0.5,0.0,459.0,71.4
RDU,JAX,RDU → JAX,41,22.414634146341463,20.658536585365855,0.21951219512195122,0.024390243902439025,407.0,64.09756097560975
RDU,JFK,RDU → JFK,1536,15.311197916666666,15.826822916666666,0.193359375,0.031901041666666664,427.0,65.47591145833333
RDU,LAS,RDU → LAS,285,13.445614035087718,13.715789473684211,0.20350877192982456,0.007017543859649123,2026.0,269.38947368421054
RDU,LAX,RDU → LAX,298,11.684563758389261,11.345637583892618,0.15771812080536912,0.02348993288590604,2239.0,288.996644295302
RDU,LGA,RDU → LGA,1643,18.20024345709069,19.194157029823494,0.19659160073037127,0.04625684723067559,431.0,62.515520389531346
RDU,MCI,RDU → MCI,42,9.642857142857142,8.785714285714286,0.11904761904761904,0.047619047619047616,904.0,129.6904761904762
RDU,MCO,RDU → MCO,1021,14.279138099902056,14.29382957884427,0.1792360430950049,0.022526934378060724,534.0,77.66307541625856
RDU,MDW,RDU → MDW,454,9.940528634361234,9.0,0.13215859030837004,0.028634361233480177,632.0,93.91629955947137
RDU,MIA,RDU → MIA,762,15.748031496062993,16.212598425196852,0.1837270341207349,0.01837270341207349,700.0,100.76902887139107
RDU,MKE,RDU → MKE,5,0.4,0.0,0.0,0.0,689.0,105.0
RDU,MSN,RDU → MSN,1,76.0,64.0,1.0,0.0,753.0,117.0
RDU,MSP,RDU → MSP,524,12.145038167938932,11.041984732824428,0.14122137404580154,0.015267175572519083,980.0,139.75381679389312
RDU,MSY,RDU → MSY,72,25.083333333333332,22.52777777777778,0.3333333333333333,0.08333333333333333,779.0,101.83333333333333
RDU,ORD,RDU → ORD,1145,15.28646288209607,17.217467248908296,0.21572052401746725,0.021834061135371178,646.0,104.21310043668122
RDU,PBI,RDU → PBI,8,2.875,0.625,0.0,0.0,638.0,93.125
RDU,PGD,RDU → PGD,30,22.433333333333334,23.633333333333333,0.3,0.03333333333333333,645.0,91.6
RDU,PHL,RDU → PHL,905,16.869613259668508,16.58674033149171,0.16132596685082873,0.039779005524861875,337.0,55.53149171270718
RDU,PHX,RDU → PHX,203,11.660098522167488,10.665024630541872,0.21182266009852216,0.024630541871921183,1891.0,255.67980295566502
RDU,PIE,RDU → PIE,8,0.0,0.0,0.0,0.125,595.0,76.75
RDU,PIT,RDU → PIT,215,10.009302325581395,9.883720930232558,0.08372093023255814,0.009302325581395349,328.0,55.8
RDU,PVD,RDU → PVD,10,31.9,30.0,0.2,0.0,566.0,81.8
RDU,PWM,RDU → PWM,16,21.0,19.875,0.1875,0.1875,700.0,76.6875
RDU,RSW,RDU → RSW,19,13.736842105263158,12.894736842105264,0.21052631578947367,0.0,667.0,103.78947368421052
RDU,SAN,RDU → SAN,10,13.9,12.7,0.1,0.0,2193.0,289.2
RDU,SBN,RDU → SBN,1,0.0,0.0,0.0,0.0,571.0,88.0
RDU,SEA,RDU → SEA,313,8.853035143769969,8.65814696485623,0.15335463258785942,0.025559105431309903,2354.0,313.73162939297123
RDU,SFB,RDU → SFB,14,31.214285714285715,29.142857142857142,0.2857142857142857,0.21428571428571427,510.0,60.92857142857143
RDU,SFO,RDU → SFO,231,13.012987012987013,12.696969696969697,0.20346320346320346,0.017316017316017316,2400.0,316.73160173160176
RDU,SJU,RDU → SJU,146,20.84931506849315,20.883561643835616,0.2671232876712329,0.0273972602739726,1433.0,181.46575342465752
RDU,SLC,RDU → SLC,155,9.051612903225806,6.819354838709677,0.10967741935483871,0.012903225806451613,1823.0,245.21290322580646
RDU,STL,RDU → STL,206,12.422330097087379,10.262135922330097,0.14563106796116504,0.024271844660194174,667.0,102.33980582524272
RDU,SWF,RDU → SWF,1,15.0,5.0,0.0,0.0,463.0,84.0
RDU,SYR,RDU → SYR,15,20.666666666666668,19.666666666666668,0.2,0.0,519.0,74.73333333333333
RDU,TPA,RDU → TPA,593,11.02866779089376,10.797639123102867,0.15177065767284992,0.02866779089376054,587.0,86.20741989881957
RDU,TTN,RDU → TTN,50,17.98,16.92,0.18,0.04,373.0,57.38
RDU,VPS,RDU → VPS,1,0.0,30.0,1.0,0.0,582.0,85.0
RFD,AZA,RFD → AZA,58,31.913793103448278,30.413793103448278,0.3620689655172414,0.017241379310344827,1373.0,184.98275862068965
RFD,LAS,RFD → LAS,48,20.166666666666668,20.458333333333332,0.2916666666666667,0.041666666666666664,1455.0,187.97916666666666
RFD,PGD,RFD → PGD,93,17.56989247311828,20.795698924731184,0.3118279569892473,0.03225806451612903,1127.0,140.41935483870967
RFD,PIE,RFD → PIE,73,15.246575342465754,20.82191780821918,0.2191780821917808,0.0410958904109589,1049.0,127.32876712328768
RFD,SFB,RFD → SFB,60,28.366666666666667,27.166666666666668,0.31666666666666665,0.016666666666666666,1025.0,128.25
RFD,SRQ,RFD → SRQ,30,18.1,17.5,0.2,0.0,1085.0,134.56666666666666
RFD,VPS,RFD → VPS,5,9.6,11.6,0.4,0.0,820.0,103.0
RHI,IMT,RHI → IMT,2,0.0,0.0,0.0,0.0,67.0,18.5
RHI,MSP,RHI → MSP,351,13.917378917378917,12.239316239316238,0.1111111111111111,0.02564102564102564,190.0,38.07977207977208
RHI,ORD,RHI → ORD,7,8.428571428571429,5.714285714285714,0.2857142857142857,0.0,264.0,53.57142857142857
RIC,ATL,RIC → ATL,1537,9.154847104749512,8.743656473649967,0.10735198438516591,0.018867924528301886,481.0,74.74560832791151
RIC,BNA,RIC → BNA,46,9.956521739130435,11.391304347826088,0.1956521739130435,0.08695652173913043,527.0,78.34782608695652
RIC,BOS,RIC → BOS,762,15.81496062992126,15.603674540682414,0.18241469816272965,0.01837270341207349,474.0,68.78740157480316
RIC,CLT,RIC → CLT,1146,11.519197207678882,11.264397905759163,0.1300174520069808,0.03315881326352531,257.0,49.768760907504365
RIC,CRW,RIC → CRW,1,0.0,0.0,0.0,0.0,241.0,41.0
RIC,DEN,RIC → DEN,308,14.253246753246753,13.454545454545455,0.19155844155844157,0.022727272727272728,1482.0,209.70454545454547
RIC,DFW,RIC → DFW,374,16.855614973262032,17.655080213903744,0.18449197860962566,0.0374331550802139,1158.0,163.0374331550802
RIC,DTW,RIC → DTW,406,10.253694581280788,10.556650246305418,0.13793103448275862,0.007389162561576354,456.0,78.91871921182266
RIC,EWR,RIC → EWR,151,16.980132450331126,19.788079470198674,0.25165562913907286,0.026490066225165563,277.0,49.7682119205298
RIC,FLL,RIC → FLL,320,11.54375,12.471875,0.175,0.03125,805.0,111.49375
RIC,IAD,RIC → IAD,127,21.79527559055118,21.551181102362204,0.15748031496062992,0.03937007874015748,100.0,25.275590551181104
RIC,IAH,RIC → IAH,177,13.412429378531073,14.898305084745763,0.1977401129943503,0.011299435028248588,1157.0,164.8135593220339
RIC,JFK,RIC → JFK,467,14.552462526766595,15.205567451820128,0.145610278372591,0.023554603854389723,288.0,51.05139186295503
RIC,LAS,RIC → LAS,21,7.809523809523809,7.238095238095238,0.23809523809523808,0.09523809523809523,2086.0,246.61904761904762
RIC,LAX,RIC → LAX,16,25.0,24.125,0.3125,0.0625,2305.0,278.5625
RIC,LGA,RIC → LGA,964,13.781120331950207,15.37448132780083,0.1887966804979253,0.03941908713692946,292.0,47.89107883817427
RIC,MCO,RIC → MCO,343,17.708454810495628,18.17201166180758,0.2565597667638484,0.03498542274052478,667.0,95.4460641399417
RIC,MDW,RIC → MDW,139,20.359712230215827,17.31654676258993,0.2158273381294964,0.007194244604316547,629.0,96.80575539568345
RIC,MIA,RIC → MIA,230,7.778260869565218,9.030434782608696,0.14347826086956522,0.02608695652173913,825.0,117.56086956521739
RIC,MSP,RIC → MSP,121,21.49586776859504,20.074380165289256,0.12396694214876033,0.008264462809917356,970.0,149.06611570247935
RIC,ORD,RIC → ORD,653,19.666156202143952,21.13935681470138,0.20980091883614088,0.016845329249617153,642.0,102.3614088820827
RIC,PGD,RIC → PGD,14,14.071428571428571,13.857142857142858,0.2857142857142857,0.14285714285714285,779.0,98.35714285714286
RIC,PHL,RIC → PHL,21,3.0,8.476190476190476,0.14285714285714285,0.047619047619047616,198.0,41.42857142857143
RIC,PIE,RIC → PIE,44,13.477272727272727,16.0,0.2727272727272727,0.045454545454545456,731.0,102.31818181818181
RIC,SFB,RIC → SFB,31,29.774193548387096,32.16129032258065,0.45161290322580644,0.0967741935483871,643.0,87.64516129032258
RIC,SRQ,RIC → SRQ,30,9.2,16.833333333333332,0.2,0.16666666666666666,760.0,90.93333333333334
RIC,TPA,RIC → TPA,17,1.8823529411764706,2.4705882352941178,0.058823529411764705,0.058823529411764705,723.0,102.05882352941177
RIW,DEN,RIW → DEN,175,23.96,26.13714285714286,0.1657142857142857,0.04,296.0,47.72571428571428
RIW,RKS,RIW → RKS,5,53.6,52.2,0.2,0.0,106.0,24.8
RIW,SHR,RIW → SHR,6,5.333333333333333,6.5,0.16666666666666666,0.0,139.0,35.166666666666664
RKS,DEN,RKS → DEN,252,9.301587301587302,10.642857142857142,0.09523809523809523,0.031746031746031744,260.0,42.47222222222222
RKS,RIW,RKS → RIW,8,0.0,0.0,0.0,0.0,106.0,23.0
RNO,ATL,RNO → ATL,31,45.12903225806452,45.903225806451616,0.3548387096774194,0.0,1993.0,223.93548387096774
RNO,AUS,RNO → AUS,74,9.905405405405405,9.297297297297296,0.0945945945945946,0.013513513513513514,1405.0,169.5810810810811
RNO,BUR,RNO → BUR,63,14.142857142857142,11.746031746031745,0.14285714285714285,0.0,374.0,56.53968253968254
RNO,CLT,RNO → CLT,14,19.714285714285715,15.571428571428571,0.42857142857142855,0.0,2141.0,256.7857142857143
RNO,DAL,RNO → DAL,35,20.685714285714287,21.37142857142857,0.4,0.0,1356.0,165.88571428571427
RNO,DEN,RNO → DEN,964,10.08195020746888,10.931535269709544,0.16493775933609958,0.01970954356846473,804.0,103.69398340248962
RNO,DFW,RNO → DFW,502,14.223107569721115,14.922310756972111,0.1892430278884462,0.029880478087649404,1345.0,157.78486055776892
RNO,EWR,RNO → EWR,1,12.0,0.0,0.0,0.0,2390.0,268.0
RNO,HOU,RNO → HOU,15,9.4,4.533333333333333,0.13333333333333333,0.06666666666666667,1546.0,179.53333333333333
RNO,IAH,RNO → IAH,102,20.519607843137255,21.598039215686274,0.18627450980392157,0.029411764705882353,1530.0,181.2549019607843
RNO,JAC,RNO → JAC,1,0.0,0.0,0.0,1.0,547.0,0.0
RNO,JFK,RNO → JFK,101,56.0990099009901,52.62376237623762,0.38613861386138615,0.039603960396039604,2411.0,262.66336633663366
RNO,LAS,RNO → LAS,1603,10.207735495945103,10.283842794759826,0.16469120399251402,0.037429819089207735,345.0,52.604491578290705
RNO,LAX,RNO → LAX,1304,11.644171779141104,12.01840490797546,0.15720858895705522,0.020705521472392636,391.0,63.25920245398773
RNO,LGB,RNO → LGB,196,9.994897959183673,9.01530612244898,0.14795918367346939,0.030612244897959183,402.0,63.11224489795919
RNO,MDW,RNO → MDW,38,3.710526315789474,4.394736842105263,0.05263157894736842,0.02631578947368421,1680.0,196.8421052631579
RNO,MSP,RNO → MSP,8,30.375,24.75,0.125,0.0,1405.0,165.625
RNO,OAK,RNO → OAK,238,8.117647058823529,7.743697478991597,0.09663865546218488,0.02100840336134454,181.0,37.13025210084034
RNO,ORD,RNO → ORD,156,20.076923076923077,20.583333333333332,0.16666666666666666,0.03205128205128205,1671.0,192.19871794871796
RNO,PDX,RNO → PDX,211,7.800947867298579,7.881516587677726,0.10426540284360189,0.009478672985781991,444.0,76.45971563981043
RNO,PHX,RNO → PHX,949,9.04004214963119,8.888303477344573,0.1095890410958904,0.02845100105374078,601.0,80.64278187565859
RNO,SAN,RNO → SAN,316,13.829113924050633,13.936708860759493,0.16772151898734178,0.0189873417721519,488.0,70.28164556962025
RNO,SEA,RNO → SEA,413,7.157384987893463,8.239709443099274,0.162227602905569,0.01937046004842615,564.0,91.50363196125907
RNO,SFO,RNO → SFO,637,13.133437990580848,14.080062794348509,0.1554160125588697,0.0282574568288854,192.0,47.084772370486654
RNO,SJC,RNO → SJC,245,10.795918367346939,11.073469387755102,0.15918367346938775,0.024489795918367346,188.0,42.906122448979595
RNO,SLC,RNO → SLC,664,11.713855421686747,12.549698795180722,0.14457831325301204,0.012048192771084338,422.0,62.44578313253012
RNO,SNA,RNO → SNA,21,18.0,17.238095238095237,0.2857142857142857,0.047619047619047616,415.0,65.85714285714286
ROA,ATL,ROA → ATL,598,13.908026755852843,13.856187290969899,0.11036789297658862,0.016722408026755852,357.0,58.96153846153846
ROA,BNA,ROA → BNA,2,2.0,0.0,0.0,0.0,381.0,67.0
ROA,CLT,ROA → CLT,50,10.72,10.64,0.18,0.04,155.0,41.24
ROA,IAD,ROA → IAD,8,13.625,18.25,0.125,0.0,177.0,37.5
ROA,LGA,ROA → LGA,148,30.527027027027028,31.68918918918919,0.2972972972972973,0.02702702702702703,405.0,64.57432432432432
ROA,ORD,ROA → ORD,128,15.1953125,16.578125,0.1640625,0.0234375,530.3359375,87.671875
ROA,PIE,ROA → PIE,41,12.853658536585366,12.463414634146341,0.12195121951219512,0.024390243902439025,668.0,93.5609756097561
ROA,SFB,ROA → SFB,61,11.426229508196721,10.98360655737705,0.21311475409836064,0.0,594.0,83.36065573770492
ROC,ATL,ROC → ATL,408,13.492647058823529,13.105392156862745,0.12990196078431374,0.012254901960784314,749.0,105.69852941176471
ROC,BOS,ROC → BOS,120,14.25,14.925,0.13333333333333333,0.06666666666666667,343.0,49.55833333333333
ROC,BWI,ROC → BWI,490,9.589795918367347,8.76734693877551,0.12448979591836734,0.02040816326530612,277.0,48.89795918367347
ROC,CLT,ROC → CLT,522,12.660919540229886,12.352490421455938,0.1475095785440613,0.028735632183908046,573.0,89.41954022988506
ROC,DCA,ROC → DCA,308,19.99025974025974,20.86038961038961,0.22077922077922077,0.03571428571428571,296.0,55.02597402597402
ROC,DEN,ROC → DEN,2,0.0,0.0,0.0,0.0,1413.0,200.0
ROC,DTW,ROC → DTW,570,11.503508771929825,11.887719298245614,0.11052631578947368,0.015789473684210527,296.0,52.62982456140351
ROC,EWR,ROC → EWR,256,22.546875,23.05078125,0.234375,0.08984375,246.0,45.0859375
ROC,FLL,ROC → FLL,6,23.666666666666668,19.833333333333332,0.3333333333333333,0.16666666666666666,1183.0,133.0
ROC,IAD,ROC → IAD,101,19.128712871287128,19.099009900990097,0.13861386138613863,0.06930693069306931,288.0,48.306930693069305
ROC,JFK,ROC → JFK,768,13.08984375,13.72265625,0.16796875,0.05859375,264.0,50.16796875
ROC,LGA,ROC → LGA,397,16.392947103274558,18.89168765743073,0.2040302267002519,0.030226700251889168,254.0,48.95969773299748
ROC,MCO,ROC → MCO,157,15.019108280254777,16.484076433121018,0.2611464968152866,0.08280254777070063,1033.0,128.71974522292993
ROC,MDW,ROC → MDW,72,9.097222222222221,9.069444444444445,0.19444444444444445,0.0,523.0,85.80555555555556
ROC,MIA,ROC → MIA,15,13.533333333333333,17.066666666666666,0.2,0.0,1203.0,170.33333333333334
ROC,MSP,ROC → MSP,63,6.571428571428571,9.11111111111111,0.12698412698412698,0.015873015873015872,783.0,119.04761904761905
ROC,MYR,ROC → MYR,6,0.0,0.0,0.0,0.0,655.0,93.16666666666667
ROC,ORD,ROC → ORD,831,11.31407942238267,12.312876052948255,0.17087845968712395,0.044524669073405534,528.0,83.5583634175692
ROC,PGD,ROC → PGD,14,15.928571428571429,12.0,0.2857142857142857,0.0,1143.0,149.85714285714286
ROC,PHL,ROC → PHL,98,16.73469387755102,18.163265306122447,0.14285714285714285,0.01020408163265306,257.0,54.57142857142857
ROC,RSW,ROC → RSW,8,11.625,7.25,0.25,0.125,1166.0,137.625
ROC,SFB,ROC → SFB,33,34.84848484848485,33.09090909090909,0.3939393939393939,0.0,1009.0,139.42424242424244
ROC,TPA,ROC → TPA,63,10.428571428571429,8.301587301587302,0.1746031746031746,0.047619047619047616,1079.0,139.76190476190476
ROW,DFW,ROW → DFW,400,20.825,21.02,0.1725,0.03,435.0,63.645
ROW,PHX,ROW → PHX,142,22.577464788732396,24.098591549295776,0.1619718309859155,0.0,433.0,76.71126760563381
RST,ATL,RST → ATL,63,11.920634920634921,11.841269841269842,0.1746031746031746,0.031746031746031744,831.0,104.74603174603175
RST,DEN,RST → DEN,47,8.872340425531915,7.595744680851064,0.14893617021276595,0.0,686.0,105.85106382978724
RST,MSP,RST → MSP,539,7.445269016697588,7.586270871985158,0.10760667903525047,0.025974025974025976,76.0,24.207792207792206
RST,ORD,RST → ORD,493,11.535496957403652,13.184584178498985,0.15212981744421908,0.060851926977687626,268.0,45.827586206896555
RSW,ACY,RSW → ACY,213,13.03755868544601,13.380281690140846,0.14084507042253522,0.04225352112676056,982.0,120.90140845070422
RSW,ALB,RSW → ALB,18,15.944444444444445,16.0,0.16666666666666666,0.05555555555555555,1205.0,146.22222222222223
RSW,ATL,RSW → ATL,1556,5.295629820051414,5.714652956298201,0.07904884318766067,0.017994858611825194,515.0,76.93573264781492
RSW,AUS,RSW → AUS,14,27.285714285714285,25.642857142857142,0.35714285714285715,0.0,1001.0,149.57142857142858
RSW,BDL,RSW → BDL,212,15.68867924528302,15.84433962264151,0.22641509433962265,0.04245283018867924,1180.0,141.68396226415095
RSW,BNA,RSW → BNA,138,12.152173913043478,11.210144927536232,0.18115942028985507,0.043478260869565216,722.0,99.68840579710145
RSW,BOS,RSW → BOS,886,19.320541760722346,18.757336343115124,0.2325056433408578,0.0327313769751693,1249.0,154.7076749435666
RSW,BUF,RSW → BUF,62,15.548387096774194,15.709677419354838,0.1935483870967742,0.03225806451612903,1144.0,143.3709677419355
RSW,BWI,RSW → BWI,729,11.368998628257888,11.323731138545954,0.13854595336076816,0.053497942386831275,919.0,114.41289437585733
RSW,CAK,RSW → CAK,22,4.636363636363637,7.636363636363637,0.18181818181818182,0.045454545454545456,991.0,127.0
RSW,CLE,RSW → CLE,425,16.837647058823528,16.454117647058823,0.18588235294117647,0.03294117647058824,1025.0,130.15058823529412
RSW,CLT,RSW → CLT,899,15.855394883203559,16.11012235817575,0.1557285873192436,0.030033370411568408,600.0,87.22691879866518
RSW,CMH,RSW → CMH,362,10.082872928176796,9.966850828729282,0.1712707182320442,0.04143646408839779,930.0,119.66022099447514
RSW,CVG,RSW → CVG,339,15.058997050147493,15.610619469026549,0.20943952802359883,0.014749262536873156,879.0,118.91445427728614
RSW,DAL,RSW → DAL,102,10.480392156862745,10.137254901960784,0.20588235294117646,0.049019607843137254,1005.0,141.07843137254903
RSW,DCA,RSW → DCA,414,21.8719806763285,22.11111111111111,0.20531400966183574,0.024154589371980676,892.0,117.27536231884058
RSW,DEN,RSW → DEN,425,18.185882352941178,19.934117647058823,0.20941176470588235,0.03058823529411765,1607.0,216.6305882352941
RSW,DFW,RSW → DFW,594,13.08922558922559,13.595959595959595,0.1734006734006734,0.05218855218855219,1017.0,141.989898989899
RSW,DTW,RSW → DTW,988,9.018218623481781,9.354251012145749,0.12044534412955465,0.02125506072874494,1084.0,142.42712550607288
RSW,EWR,RSW → EWR,1025,21.87609756097561,23.56878048780488,0.25658536585365854,0.03121951219512195,1068.0,138.10634146341462
RSW,EYW,RSW → EYW,8,0.5,1.875,0.0,0.375,136.0,17.75
RSW,GRR,RSW → GRR,58,21.448275862068964,21.120689655172413,0.22413793103448276,0.017241379310344827,1147.0,150.55172413793105
RSW,HOU,RSW → HOU,42,15.5,13.19047619047619,0.2619047619047619,0.0,852.952380952381,129.95238095238096
RSW,HPN,RSW → HPN,213,19.248826291079812,20.15962441314554,0.23943661971830985,0.04225352112676056,1102.0,143.80281690140845
RSW,IAD,RSW → IAD,240,15.191666666666666,16.104166666666668,0.1875,0.020833333333333332,891.0,115.5625
RSW,IAH,RSW → IAH,375,11.418666666666667,12.682666666666666,0.168,0.029333333333333333,861.0,125.83466666666666
RSW,IND,RSW → IND,436,12.667431192660551,12.192660550458715,0.17660550458715596,0.02981651376146789,945.0,125.66743119266054
RSW,ISP,RSW → ISP,65,15.015384615384615,15.184615384615384,0.24615384615384617,0.07692307692307693,1101.0,131.2153846153846
RSW,JFK,RSW → JFK,511,19.360078277886497,20.279843444227005,0.24853228962818003,0.03131115459882583,1074.0,135.37181996086105
RSW,LAS,RSW → LAS,8,33.5,36.75,0.5,0.0,2070.0,300.375
RSW,LAX,RSW → LAX,28,9.107142857142858,7.642857142857143,0.14285714285714285,0.0,2238.0,307.60714285714283
RSW,LBE,RSW → LBE,25,13.44,11.08,0.08,0.0,956.0,125.72
RSW,LGA,RSW → LGA,458,24.997816593886462,26.087336244541486,0.22707423580786026,0.026200873362445413,1080.0,137.87991266375545
RSW,MCI,RSW → MCI,92,15.23913043478261,12.5,0.21739130434782608,0.03260869565217391,1155.0,154.81521739130434
RSW,MCO,RSW → MCO,104,6.6923076923076925,7.451923076923077,0.09615384615384616,0.038461538461538464,133.0,28.865384615384617
RSW,MDW,RSW → MDW,705,11.070921985815604,10.270921985815603,0.16312056737588654,0.06524822695035461,1105.0,140.5418439716312
RSW,MHT,RSW → MHT,15,6.6,8.466666666666667,0.2,0.0,1271.0,162.93333333333334
RSW,MIA,RSW → MIA,20,3.3,3.45,0.05,0.0,104.0,24.45
RSW,MKE,RSW → MKE,264,11.109848484848484,10.723484848484848,0.16666666666666666,0.03409090909090909,1183.0,154.7310606060606
RSW,MSP,RSW → MSP,643,8.303265940902023,8.189735614307931,0.104199066874028,0.02332814930015552,1416.0,187.68118195956455
RSW,OMA,RSW → OMA,15,17.8,13.133333333333333,0.4,0.0,1299.0,179.66666666666666
RSW,ORD,RSW → ORD,1311,15.499618611746758,16.409610983981693,0.18993135011441648,0.02212051868802441,1120.0,153.84515636918383
RSW,PHL,RSW → PHL,806,16.20967741935484,16.1575682382134,0.18734491315136476,0.02109181141439206,993.0,132.35235732009926
RSW,PHX,RSW → PHX,4,2.75,11.5,0.25,0.0,1868.0,273.75
RSW,PIT,RSW → PIT,267,10.194756554307116,10.205992509363297,0.1348314606741573,0.026217228464419477,966.0,124.22097378277154
RSW,PVD,RSW → PVD,79,11.253164556962025,11.012658227848101,0.189873417721519,0.0759493670886076,1200.0,139.30379746835442
RSW,PWM,RSW → PWM,27,18.925925925925927,15.74074074074074,0.1111111111111111,0.0,1343.0,163.74074074074073
RSW,RDU,RSW → RDU,9,25.333333333333332,24.22222222222222,0.2222222222222222,0.0,667.0,90.0
RSW,ROC,RSW → ROC,5,2.4,12.4,0.4,0.2,1166.0,125.4
RSW,SDF,RSW → SDF,30,31.1,28.533333333333335,0.3333333333333333,0.0,835.0,115.96666666666667
RSW,SEA,RSW → SEA,46,5.717391304347826,8.91304347826087,0.2391304347826087,0.06521739130434782,2623.0,330.2608695652174
RSW,SFO,RSW → SFO,18,9.0,9.777777777777779,0.2222222222222222,0.0,2481.0,335.3888888888889
RSW,SLC,RSW → SLC,5,3.4,0.0,0.0,0.0,1985.0,281.2
RSW,STL,RSW → STL,408,10.198529411764707,10.161764705882353,0.1715686274509804,0.04411764705882353,979.0,129.84313725490196
RSW,SYR,RSW → SYR,19,6.052631578947368,6.2631578947368425,0.05263157894736842,0.0,1186.0,153.78947368421052
RSW,TTN,RSW → TTN,66,13.787878787878787,13.424242424242424,0.18181818181818182,0.045454545454545456,1028.0,129.92424242424244
SAF,DEN,SAF → DEN,29,0.20689655172413793,1.0689655172413792,0.034482758620689655,0.034482758620689655,303.0,53.41379310344828
SAF,DFW,SAF → DFW,552,14.543478260869565,15.056159420289855,0.1721014492753623,0.03804347826086957,551.0,73.5163043478261
SAF,LAX,SAF → LAX,2,5.5,1.5,0.0,0.0,710.0,94.5
SAF,PHX,SAF → PHX,184,16.190217391304348,15.71195652173913,0.15217391304347827,0.03804347826086957,370.0,57.391304347826086
SAN,ABQ,SAN → ABQ,210,7.304761904761905,7.633333333333334,0.17142857142857143,0.004761904761904762,628.0,79.71904761904761
SAN,ATL,SAN → ATL,817,11.82374541003672,11.438188494492044,0.1211750305997552,0.008567931456548347,1892.0,215.2876376988984
SAN,AUS,SAN → AUS,726,9.111570247933884,9.46694214876033,0.17355371900826447,0.026170798898071626,1164.0,137.6831955922865
SAN,AZA,SAN → AZA,6,110.33333333333333,123.33333333333333,0.8333333333333334,0.0,324.0,52.333333333333336
SAN,BIL,SAN → BIL,2,0.0,0.0,0.0,0.0,1013.0,124.5
SAN,BLI,SAN → BLI,21,1.7142857142857142,4.571428571428571,0.14285714285714285,0.19047619047619047,1142.0,119.47619047619048
SAN,BNA,SAN → BNA,266,12.906015037593985,11.402255639097744,0.15413533834586465,0.02631578947368421,1751.0,198.50751879699249
SAN,BOI,SAN → BOI,284,10.848591549295774,10.70774647887324,0.18309859154929578,0.007042253521126761,749.0,106.71126760563381
SAN,BOS,SAN → BOS,513,12.771929824561404,13.175438596491228,0.1968810916179337,0.017543859649122806,2588.0,289.7602339181287
SAN,BWI,SAN → BWI,338,9.381656804733728,6.733727810650888,0.12130177514792899,0.03254437869822485,2295.0,255.23668639053255
SAN,BZN,SAN → BZN,16,0.75,2.375,0.0625,0.0,956.0,130.1875
SAN,CLE,SAN → CLE,17,18.705882352941178,21.294117647058822,0.4117647058823529,0.0,2026.0,236.2941176470588
SAN,CLT,SAN → CLT,528,15.539772727272727,15.469696969696969,0.125,0.02462121212121212,2077.0,235.93939393939394
SAN,CVG,SAN → CVG,7,19.0,13.571428571428571,0.2857142857142857,0.0,1865.0,220.42857142857142
SAN,DAL,SAN → DAL,567,9.798941798941799,9.537918871252204,0.19753086419753085,0.05291005291005291,1182.0,140.31746031746033
SAN,DEN,SAN → DEN,2117,10.27302786962683,9.552196504487481,0.14690599905526688,0.028814359943316013,853.0,107.06282475200756
SAN,DFW,SAN → DFW,1387,14.609228550829128,13.777217015140591,0.1514059120403749,0.03460706560922855,1171.0,140.3633741888969
SAN,DSM,SAN → DSM,12,26.916666666666668,29.083333333333332,0.4166666666666667,0.0,1428.0,171.0
SAN,DTW,SAN → DTW,415,12.460240963855421,12.845783132530121,0.12771084337349398,0.0024096385542168677,1956.0,226.35180722891567
SAN,ELP,SAN → ELP,100,9.02,8.53,0.19,0.01,636.0,80.51
SAN,EUG,SAN → EUG,21,15.0,13.952380952380953,0.38095238095238093,0.0,850.0,109.85714285714286
SAN,EWR,SAN → EWR,606,16.224422442244226,17.966996699669966,0.20462046204620463,0.0297029702970297,2425.0,270.9141914191419
SAN,FAT,SAN → FAT,355,6.749295774647887,7.597183098591549,0.11830985915492957,0.011267605633802818,314.0,50.625352112676055
SAN,FCA,SAN → FCA,14,9.571428571428571,9.285714285714286,0.14285714285714285,0.0,1086.0,147.64285714285714
SAN,FLL,SAN → FLL,120,36.475,36.50833333333333,0.4,0.025,2269.0,254.15
SAN,FSD,SAN → FSD,4,4.0,3.25,0.0,0.0,1336.0,155.75
SAN,GEG,SAN → GEG,156,7.288461538461538,8.038461538461538,0.1987179487179487,0.00641025641025641,1027.0,137.33333333333334
SAN,HDN,SAN → HDN,23,3.0869565217391304,2.5652173913043477,0.043478260869565216,0.0,769.0,108.56521739130434
SAN,HNL,SAN → HNL,454,15.015418502202643,15.198237885462555,0.22026431718061673,0.004405286343612335,2614.0,334.704845814978
SAN,HOU,SAN → HOU,381,9.779527559055119,7.965879265091863,0.12860892388451445,0.02099737532808399,1313.0,154.66666666666666
SAN,IAD,SAN → IAD,398,14.374371859296483,15.085427135678392,0.14321608040201006,0.010050251256281407,2253.0,253.84422110552765
SAN,IAH,SAN → IAH,769,9.898569570871262,10.596879063719117,0.11963589076723016,0.014304291287386216,1303.0,156.8478543563069
SAN,IDA,SAN → IDA,5,14.4,18.2,0.6,0.0,794.0,107.2
SAN,IND,SAN → IND,8,8.875,8.625,0.25,0.0,1782.0,209.125
SAN,JAC,SAN → JAC,23,10.826086956521738,8.695652173913043,0.21739130434782608,0.0,828.0,118.0
SAN,JFK,SAN → JFK,857,11.575262543757292,12.04784130688448,0.176196032672112,0.023337222870478413,2446.0,279.1621936989498
SAN,KOA,SAN → KOA,139,10.62589928057554,15.172661870503598,0.20863309352517986,0.007194244604316547,2556.0,323.9352517985611
SAN,LAS,SAN → LAS,2271,13.262879788639365,12.955085865257596,0.19638925583443417,0.041391457507705856,258.0,48.16336415675914
SAN,LAX,SAN → LAX,692,11.141618497109826,11.709537572254336,0.09971098265895954,0.014450867052023121,109.0,25.911849710982658
SAN,LIH,SAN → LIH,124,10.403225806451612,10.07258064516129,0.1693548387096774,0.0,2676.0,342.11290322580646
SAN,MCI,SAN → MCI,194,11.891752577319588,10.81958762886598,0.19072164948453607,0.061855670103092786,1334.0,149.94329896907217
SAN,MCO,SAN → MCO,207,16.03864734299517,15.1256038647343,0.20772946859903382,0.033816425120772944,2149.0,241.53623188405797
SAN,MDW,SAN → MDW,505,10.780198019801981,8.615841584158416,0.1603960396039604,0.0297029702970297,1728.0,199.58019801980197
SAN,MFR,SAN → MFR,10,73.1,74.4,0.8,0.0,734.0,98.3
SAN,MIA,SAN → MIA,157,11.777070063694268,10.101910828025478,0.10191082802547771,0.01910828025477707,2267.0,249.5859872611465
SAN,MKE,SAN → MKE,1,0.0,0.0,0.0,0.0,1739.0,195.0
SAN,MRY,SAN → MRY,158,7.993670886075949,7.80379746835443,0.12658227848101267,0.0,375.0,58.69620253164557
SAN,MSO,SAN → MSO,11,13.909090909090908,16.454545454545453,0.2727272727272727,0.0,992.0,146.0909090909091
SAN,MSP,SAN → MSP,639,7.377151799687011,7.056338028169014,0.09859154929577464,0.010954616588419406,1532.0,183.6697965571205
SAN,MSY,SAN → MSY,60,5.116666666666666,3.3333333333333335,0.03333333333333333,0.03333333333333333,1599.0,174.88333333333333
SAN,OAK,SAN → OAK,1490,10.271812080536913,9.632214765100672,0.1906040268456376,0.032214765100671144,446.0,63.17382550335571
SAN,OGG,SAN → OGG,378,6.523809523809524,8.322751322751323,0.17724867724867724,0.010582010582010581,2541.0,324.4153439153439
SAN,OMA,SAN → OMA,67,4.597014925373134,3.08955223880597,0.05970149253731343,0.029850746268656716,1313.0,156.46268656716418
SAN,ORD,SAN → ORD,1158,10.333333333333334,10.26943005181347,0.11312607944732297,0.02158894645941278,1723.0,202.21502590673575
SAN,ORF,SAN → ORF,11,10.636363636363637,6.181818181818182,0.18181818181818182,0.0,2330.0,273.1818181818182
SAN,PAE,SAN → PAE,55,7.254545454545455,9.054545454545455,0.18181818181818182,0.0,1080.0,154.34545454545454
SAN,PDX,SAN → PDX,723,7.076071922544951,7.749654218533887,0.13001383125864455,0.017980636237897647,933.0,126.39280774550484
SAN,PHL,SAN → PHL,286,20.475524475524477,21.307692307692307,0.12237762237762238,0.01048951048951049,2370.0,270.9825174825175
SAN,PHX,SAN → PHX,2151,11.626220362622036,10.766620176662018,0.1496978149697815,0.02278010227801023,304.0,49.688052068805206
SAN,PSC,SAN → PSC,6,45.833333333333336,57.666666666666664,1.0,0.0,939.0,121.5
SAN,PVU,SAN → PVU,11,24.0,26.727272727272727,0.5454545454545454,0.18181818181818182,599.0,69.18181818181819
SAN,RDM,SAN → RDM,76,3.6052631578947367,5.25,0.11842105263157894,0.0,823.0,114.0657894736842
SAN,RDU,SAN → RDU,6,12.333333333333334,11.666666666666666,0.16666666666666666,0.0,2193.0,268.0
SAN,RNO,SAN → RNO,323,8.287925696594428,7.476780185758514,0.15479876160990713,0.021671826625386997,488.0,69.02476780185758
SAN,SAT,SAN → SAT,146,9.184931506849315,8.191780821917808,0.1506849315068493,0.0273972602739726,1129.0,131.0
SAN,SBA,SAN → SBA,25,7.96,12.0,0.24,0.04,192.0,37.2
SAN,SBP,SAN → SBP,80,6.6625,8.0375,0.1375,0.0125,263.0,43.5625
SAN,SCK,SAN → SCK,9,2.888888888888889,1.7777777777777777,0.1111111111111111,0.3333333333333333,423.0,38.333333333333336
SAN,SEA,SAN → SEA,1994,9.932296890672015,10.106820461384153,0.14142427281845538,0.015546639919759278,1050.0,144.03410230692077
SAN,SFO,SAN → SFO,2720,12.023529411764706,12.393014705882353,0.19522058823529412,0.02389705882352941,447.0,65.62316176470588
SAN,SJC,SAN → SJC,2673,8.7549569771792,8.511410400299289,0.15488215488215487,0.03179947624392069,417.0,59.87280209502432
SAN,SLC,SAN → SLC,1127,10.926353149955634,10.562555456965395,0.12422360248447205,0.015971606033717833,626.0,86.29281277728482
SAN,SMF,SAN → SMF,2487,9.261761158021713,8.8508242862887,0.15520707679935666,0.02814636107760354,480.0,70.23924406915962
SAN,STL,SAN → STL,241,7.240663900414938,6.0995850622406635,0.11203319502074689,0.03734439834024896,1557.0,175.12033195020746
SAN,STS,SAN → STS,228,8.451754385964913,10.030701754385966,0.16666666666666666,0.0043859649122807015,508.0,78.44298245614036
SAN,TPA,SAN → TPA,21,15.714285714285714,15.952380952380953,0.23809523809523808,0.0,2087.0,238.14285714285714
SAN,TUS,SAN → TUS,179,10.59217877094972,8.8268156424581,0.15083798882681565,0.0335195530726257,367.877094972067,52.30167597765363
SAT,ABQ,SAT → ABQ,15,5.466666666666667,3.8,0.13333333333333333,0.0,609.0,88.2
SAT,ATL,SAT → ATL,1218,8.380952380952381,7.500821018062397,0.10426929392446634,0.012315270935960592,874.0,109.49178981937602
SAT,BNA,SAT → BNA,324,7.515432098765432,6.330246913580247,0.1111111111111111,0.033950617283950615,822.0,102.20370370370371
SAT,BOS,SAT → BOS,55,19.581818181818182,19.581818181818182,0.21818181818181817,0.01818181818181818,1764.0,208.47272727272727
SAT,BWI,SAT → BWI,353,8.634560906515581,7.770538243626063,0.1501416430594901,0.036827195467422094,1407.0,164.1558073654391
SAT,CLT,SAT → CLT,616,10.217532467532468,8.993506493506494,0.1185064935064935,0.030844155844155844,1095.0,132.0422077922078
SAT,COS,SAT → COS,10,3.5,1.1,0.0,0.1,732.0,92.0
SAT,DAL,SAT → DAL,1275,9.284705882352942,8.673725490196079,0.16156862745098038,0.04392156862745098,247.0705882352941,44.53176470588235
SAT,DEN,SAT → DEN,1146,11.828970331588133,11.523560209424083,0.14834205933682373,0.028795811518324606,794.0,108.08289703315882
SAT,DFW,SAT → DFW,1645,15.75015197568389,16.301519756838907,0.18358662613981763,0.030395136778115502,247.0,43.894832826747724
SAT,DTW,SAT → DTW,355,11.11549295774648,10.794366197183098,0.09014084507042254,0.008450704225352112,1214.0,150.49859154929578
SAT,ELP,SAT → ELP,227,11.242290748898679,10.013215859030836,0.16299559471365638,0.03524229074889868,496.0,70.04845814977973
SAT,EWR,SAT → EWR,247,10.218623481781377,13.052631578947368,0.17408906882591094,0.02834008097165992,1569.0,188.08906882591094
SAT,FLL,SAT → FLL,69,11.057971014492754,8.36231884057971,0.21739130434782608,0.028985507246376812,1145.0,134.2463768115942
SAT,HOU,SAT → HOU,714,9.212885154061624,8.478991596638656,0.13865546218487396,0.029411764705882353,192.0,33.62324929971989
SAT,IAD,SAT → IAD,258,9.74031007751938,9.771317829457365,0.1124031007751938,0.03488372093023256,1362.0,161.78682170542635
SAT,IAH,SAT → IAH,1021,9.252693437806073,10.340842311459353,0.14887365328109697,0.022526934378060724,191.0,37.311459353574925
SAT,JFK,SAT → JFK,178,14.47752808988764,15.191011235955056,0.16292134831460675,0.05056179775280899,1587.0,189.17977528089887
SAT,LAS,SAT → LAS,713,14.100981767180926,13.517531556802243,0.19635343618513323,0.0364656381486676,1069.0,143.06872370266478
SAT,LAX,SAT → LAX,660,13.733333333333333,14.515151515151516,0.1606060606060606,0.00909090909090909,1211.0,167.39848484848486
SAT,MCI,SAT → MCI,52,5.769230769230769,5.1923076923076925,0.11538461538461539,0.038461538461538464,706.0,88.86538461538461
SAT,MCO,SAT → MCO,337,15.243323442136498,15.038575667655786,0.2166172106824926,0.03857566765578635,1041.0,125.25222551928783
SAT,MDW,SAT → MDW,281,7.316725978647687,6.4163701067615655,0.12455516014234876,0.03558718861209965,1036.0,128.83985765124555
SAT,MIA,SAT → MIA,186,12.021505376344086,13.89247311827957,0.08064516129032258,0.016129032258064516,1143.0,136.89247311827958
SAT,MSP,SAT → MSP,338,15.955621301775148,15.150887573964496,0.10355029585798817,0.020710059171597635,1097.0,139.75147928994082
SAT,MSY,SAT → MSY,149,12.93288590604027,11.369127516778523,0.21476510067114093,0.006711409395973154,494.0,64.93288590604027
SAT,OAK,SAT → OAK,33,12.969696969696969,11.393939393939394,0.18181818181818182,0.0,1476.0,205.24242424242425
SAT,OKC,SAT → OKC,36,11.583333333333334,11.555555555555555,0.2222222222222222,0.0,407.0,59.77777777777778
SAT,ONT,SAT → ONT,4,0.0,0.0,0.0,0.0,1166.0,160.75
SAT,ORD,SAT → ORD,691,10.037626628075254,9.513748191027496,0.13024602026049203,0.03907380607814761,1041.0,131.96382054992765
SAT,PHL,SAT → PHL,33,8.969696969696969,8.969696969696969,0.12121212121212122,0.06060606060606061,1496.0,170.84848484848484
SAT,PHX,SAT → PHX,1020,10.71078431372549,9.947058823529412,0.13823529411764707,0.026470588235294117,843.0,118.98039215686275
SAT,SAN,SAT → SAN,162,10.234567901234568,9.166666666666666,0.1728395061728395,0.006172839506172839,1129.0,155.05555555555554
SAT,SEA,SAT → SEA,220,13.64090909090909,14.35909090909091,0.23636363636363636,0.0,1774.0,238.28636363636363
SAT,SFB,SAT → SFB,10,34.3,32.6,0.3,0.0,1042.0,135.4
SAT,SFO,SAT → SFO,113,3.52212389380531,5.247787610619469,0.11504424778761062,0.017699115044247787,1482.0,208.34513274336283
SAT,SLC,SAT → SLC,482,6.842323651452282,6.912863070539419,0.0995850622406639,0.012448132780082987,1087.0,149.44398340248964
SAT,SNA,SAT → SNA,5,6.8,3.2,0.2,0.0,1177.0,172.0
SAT,STL,SAT → STL,179,6.58659217877095,5.173184357541899,0.07262569832402235,0.027932960893854747,786.0,99.11731843575419
SAT,TPA,SAT → TPA,132,9.25,8.522727272727273,0.17424242424242425,0.030303030303030304,972.0,117.87878787878788
SAV,ABE,SAV → ABE,17,1.2352941176470589,3.3529411764705883,0.0,0.058823529411764705,669.0,91.11764705882354
SAV,ALB,SAV → ALB,9,2.6666666666666665,2.4444444444444446,0.1111111111111111,0.0,837.0,105.66666666666667
SAV,ATL,SAV → ATL,1347,9.213066072754268,8.732739420935411,0.09799554565701558,0.014847809948032665,214.0,40.821083890126204
SAV,ATW,SAV → ATW,10,10.1,7.8,0.1,0.1,926.0,115.7
SAV,BLV,SAV → BLV,9,15.0,14.333333333333334,0.3333333333333333,0.0,658.0,92.88888888888889
SAV,BNA,SAV → BNA,116,16.224137931034484,15.258620689655173,0.27586206896551724,0.008620689655172414,417.0,65.78448275862068
SAV,BOS,SAV → BOS,275,17.632727272727273,18.01818181818182,0.2690909090909091,0.01818181818181818,901.0,115.40727272727273
SAV,BWI,SAV → BWI,251,13.768924302788845,12.47011952191235,0.18725099601593626,0.05179282868525897,549.0,72.1792828685259
SAV,CAK,SAV → CAK,16,134.1875,131.9375,0.3125,0.0,606.0,85.75
SAV,CLE,SAV → CLE,41,15.560975609756097,18.853658536585368,0.1951219512195122,0.0975609756097561,641.0,80.51219512195122
SAV,CLT,SAV → CLT,1192,10.570469798657719,10.0,0.11577181208053691,0.02348993288590604,213.0,45.46979865771812
SAV,CVG,SAV → CVG,81,29.864197530864196,30.753086419753085,0.2962962962962963,0.012345679012345678,515.0,74.51851851851852
SAV,DAL,SAV → DAL,99,20.171717171717173,16.232323232323232,0.2828282828282828,0.020202020202020204,914.0,132.2828282828283
SAV,DCA,SAV → DCA,269,8.12267657992565,8.847583643122677,0.14869888475836432,0.02973977695167286,519.0,75.44981412639405
SAV,DEN,SAV → DEN,117,14.923076923076923,16.88888888888889,0.29914529914529914,0.02564102564102564,1414.0,197.47863247863248
SAV,DFW,SAV → DFW,397,17.251889168765743,17.690176322418136,0.21914357682619648,0.0327455919395466,925.0,134.6977329974811
SAV,DTW,SAV → DTW,90,13.144444444444444,11.1,0.14444444444444443,0.022222222222222223,705.0,97.36666666666666
SAV,EWR,SAV → EWR,438,17.77853881278539,18.72374429223744,0.2237442922374429,0.04794520547945205,708.0,93.97488584474885
SAV,FNT,SAV → FNT,2,7.5,9.5,0.5,0.0,760.0,119.0
SAV,GRR,SAV → GRR,26,17.346153846153847,16.5,0.2692307692307692,0.038461538461538464,778.0,100.11538461538461
SAV,HHH,SAV → HHH,6,0.5,0.0,0.0,0.0,30.0,11.833333333333334
SAV,HOU,SAV → HOU,107,22.19626168224299,20.214953271028037,0.29906542056074764,0.06542056074766354,853.0,120.04672897196262
SAV,IAD,SAV → IAD,201,8.154228855721392,11.303482587064677,0.15920398009950248,0.014925373134328358,515.0,74.33333333333333
SAV,IAG,SAV → IAG,3,6.0,1.3333333333333333,0.0,0.0,767.0,95.66666666666667
SAV,IAH,SAV → IAH,238,14.57563025210084,15.184873949579831,0.18067226890756302,0.037815126050420166,851.0,126.6218487394958
SAV,IND,SAV → IND,20,3.45,1.5,0.05,0.1,596.0,76.45
SAV,JFK,SAV → JFK,636,15.779874213836479,15.614779874213836,0.19968553459119498,0.0330188679245283,718.0,93.91981132075472
SAV,LCK,SAV → LCK,51,16.745098039215687,17.313725490196077,0.17647058823529413,0.058823529411764705,539.0,73.37254901960785
SAV,LGA,SAV → LGA,407,15.238329238329237,14.904176904176904,0.20638820638820637,0.04176904176904177,722.0,93.42997542997543
SAV,MDW,SAV → MDW,116,17.82758620689655,16.353448275862068,0.25,0.02586206896551724,758.0,108.10344827586206
SAV,MIA,SAV → MIA,269,9.799256505576208,10.078066914498141,0.13011152416356878,0.01858736059479554,440.0,67.19702602230483
SAV,MSP,SAV → MSP,28,21.785714285714285,17.214285714285715,0.39285714285714285,0.0,1092.0,154.75
SAV,ORD,SAV → ORD,473,20.642706131078224,21.006342494714588,0.1945031712473573,0.023255813953488372,773.0,115.65750528541226
SAV,PHL,SAV → PHL,361,8.97229916897507,8.689750692520775,0.10803324099722991,0.0110803324099723,629.0,89.93074792243767
SAV,PIT,SAV → PIT,44,14.795454545454545,15.045454545454545,0.3181818181818182,0.06818181818181818,579.0,76.27272727272727
SAV,PSM,SAV → PSM,1,0.0,0.0,0.0,0.0,944.0,124.0
SAV,PVD,SAV → PVD,2,0.0,0.0,0.0,0.0,854.0,111.0
SAV,SDF,SAV → SDF,19,17.210526315789473,17.894736842105264,0.21052631578947367,0.05263157894736842,489.0,70.0
SAV,SWF,SAV → SWF,13,23.307692307692307,31.076923076923077,0.3076923076923077,0.0,756.0,112.3076923076923
SBA,DEN,SBA → DEN,548,14.43978102189781,13.998175182481752,0.14051094890510948,0.023722627737226276,916.0,117.18978102189782
SBA,DFW,SBA → DFW,322,26.257763975155278,26.158385093167702,0.21428571428571427,0.015527950310559006,1316.0,158.86024844720498
SBA,LAS,SBA → LAS,250,13.576,13.212,0.176,0.028,289.0,47.86
SBA,LAX,SBA → LAX,245,10.742857142857142,10.363265306122448,0.09387755102040816,0.0326530612244898,89.0,25.951020408163266
SBA,OAK,SBA → OAK,75,14.92,13.16,0.21333333333333335,0.013333333333333334,263.0,44.12
SBA,ORD,SBA → ORD,19,3.6315789473684212,2.6842105263157894,0.05263157894736842,0.05263157894736842,1803.0,213.10526315789474
SBA,PDX,SBA → PDX,95,6.410526315789474,7.505263157894737,0.14736842105263157,0.0,784.0,115.62105263157895
SBA,PHX,SBA → PHX,567,11.753086419753087,11.938271604938272,0.14991181657848324,0.03350970017636684,455.0,65.44620811287479
SBA,SAN,SBA → SAN,31,4.838709677419355,5.967741935483871,0.12903225806451613,0.0967741935483871,192.0,36.32258064516129
SBA,SBP,SBA → SBP,2,0.0,0.0,0.0,0.0,72.0,20.0
SBA,SEA,SBA → SEA,203,6.605911330049261,7.206896551724138,0.11822660098522167,0.009852216748768473,908.0,130.32512315270935
SBA,SFO,SBA → SFO,680,16.629411764705882,16.54558823529412,0.19558823529411765,0.03235294117647059,262.0,45.26029411764706
SBA,SLC,SBA → SLC,72,4.180555555555555,2.0277777777777777,0.013888888888888888,0.041666666666666664,615.0,88.05555555555556
SBA,SMF,SBA → SMF,40,23.425,23.4,0.2,0.0,310.0,54.575
SBN,ATL,SBN → ATL,497,12.456740442655935,12.57344064386318,0.15492957746478872,0.004024144869215292,566.0,87.7364185110664
SBN,AZA,SBN → AZA,64,12.296875,14.578125,0.203125,0.015625,1501.0,202.46875
SBN,CLT,SBN → CLT,365,11.841095890410958,12.167123287671233,0.14794520547945206,0.0136986301369863,534.0,78.17808219178082
SBN,DCA,SBN → DCA,1,0.0,0.0,0.0,0.0,528.0,80.0
SBN,DFW,SBN → DFW,377,16.156498673740053,17.007957559681696,0.18037135278514588,0.01856763925729443,846.0,123.26259946949602
SBN,DTW,SBN → DTW,384,15.4609375,14.348958333333334,0.13020833333333334,0.018229166666666668,157.0,31.893229166666668
SBN,EWR,SBN → EWR,10,42.1,46.9,0.6,0.0,637.0,90.0
SBN,LAS,SBN → LAS,46,18.565217391304348,21.152173913043477,0.2826086956521739,0.021739130434782608,1594.0,213.15217391304347
SBN,LGA,SBN → LGA,3,0.0,0.0,0.0,0.0,651.0,88.0
SBN,MSP,SBN → MSP,191,9.015706806282722,7.366492146596858,0.1099476439790576,0.005235602094240838,411.0,69.16230366492147
SBN,ORD,SBN → ORD,525,13.512380952380953,14.805714285714286,0.16380952380952382,0.0419047619047619,84.0,24.685714285714287
SBN,PGD,SBN → PGD,84,41.76190476190476,46.583333333333336,0.34523809523809523,0.023809523809523808,1049.0,133.85714285714286
SBN,PIE,SBN → PIE,62,6.32258064516129,7.048387096774194,0.14516129032258066,0.03225806451612903,973.0,121.54838709677419
SBN,RDU,SBN → RDU,1,0.0,6.0,0.0,0.0,571.0,86.0
SBN,SFB,SBN → SFB,60,14.45,14.716666666666667,0.18333333333333332,0.03333333333333333,936.0,115.53333333333333
SBN,SFO,SBN → SFO,1,109.0,88.0,1.0,0.0,1929.0,251.0
SBN,SRQ,SBN → SRQ,23,18.347826086956523,16.47826086956522,0.21739130434782608,0.08695652173913043,1009.0,115.0
SBP,DEN,SBP → DEN,317,15.299684542586752,14.665615141955836,0.1829652996845426,0.028391167192429023,931.0,125.33753943217665
SBP,DFW,SBP → DFW,246,21.520325203252032,21.585365853658537,0.2073170731707317,0.028455284552845527,1360.0,165.1138211382114
SBP,LAX,SBP → LAX,282,15.27659574468085,14.932624113475176,0.14893617021276595,0.02127659574468085,156.0,36.56028368794326
SBP,PDX,SBP → PDX,60,7.3,8.266666666666667,0.11666666666666667,0.0,722.0,104.18333333333334
SBP,PHX,SBP → PHX,479,15.079331941544885,15.734864300626304,0.1649269311064718,0.018789144050104383,509.0,72.48434237995825
SBP,SAN,SBP → SAN,69,9.304347826086957,11.231884057971014,0.13043478260869565,0.028985507246376812,263.0,49.10144927536232
SBP,SBA,SBP → SBA,6,0.0,0.6666666666666666,0.0,0.0,72.0,22.333333333333332
SBP,SEA,SBP → SEA,145,7.406896551724138,8.0,0.1310344827586207,0.034482758620689655,847.0,117.35862068965517
SBP,SFO,SBP → SFO,495,22.886868686868688,23.11919191919192,0.20606060606060606,0.028282828282828285,190.0,36.43434343434343
SCC,ANC,SCC → ANC,189,4.264550264550264,4.592592592592593,0.06878306878306878,0.031746031746031744,626.0,82.55555555555556
SCC,BRW,SCC → BRW,90,7.866666666666666,8.744444444444444,0.1,0.011111111111111112,204.0,36.03333333333333
SCC,FAI,SCC → FAI,4,0.0,0.0,0.0,0.0,373.0,52.25
SCE,DTW,SCE → DTW,260,14.165384615384616,13.142307692307693,0.11153846153846154,0.026923076923076925,301.0,54.76923076923077
SCE,IAD,SCE → IAD,1,0.0,0.0,0.0,0.0,133.0,31.0
SCE,LGA,SCE → LGA,34,7.029411764705882,11.205882352941176,0.23529411764705882,0.0,208.0,42.205882352941174
SCE,ORD,SCE → ORD,181,18.43646408839779,19.464088397790054,0.16574585635359115,0.03314917127071823,528.0,86.2817679558011
SCE,PIE,SCE → PIE,18,13.055555555555555,12.055555555555555,0.2222222222222222,0.1111111111111111,933.0,114.33333333333333
SCE,SFB,SCE → SFB,19,14.052631578947368,18.157894736842106,0.42105263157894735,0.10526315789473684,854.0,101.21052631578948
SCK,AZA,SCK → AZA,36,19.555555555555557,18.916666666666668,0.3888888888888889,0.027777777777777776,625.0,83.02777777777777
SCK,LAS,SCK → LAS,222,27.39189189189189,29.13963963963964,0.34684684684684686,0.03153153153153153,359.0,54.23873873873874
SCK,LAX,SCK → LAX,37,5.756756756756757,5.243243243243243,0.13513513513513514,0.02702702702702703,315.0,53.37837837837838
SCK,PHX,SCK → PHX,17,16.764705882352942,19.235294117647058,0.35294117647058826,0.058823529411764705,603.0,80.6470588235294
SCK,SAN,SCK → SAN,8,3.75,5.25,0.125,0.25,423.0,46.75
SDF,ATL,SDF → ATL,1321,8.024981074943225,8.460257380772143,0.10598031794095382,0.022710068130204392,321.0,56.18697956093868
SDF,AUS,SDF → AUS,17,22.647058823529413,20.529411764705884,0.23529411764705882,0.0,876.0,122.76470588235294
SDF,BOS,SDF → BOS,61,10.311475409836065,13.19672131147541,0.19672131147540983,0.03278688524590164,829.0,112.75409836065573
SDF,BWI,SDF → BWI,356,9.17134831460674,8.401685393258427,0.13764044943820225,0.03932584269662921,495.0,68.17977528089888
SDF,CHS,SDF → CHS,6,10.833333333333334,13.5,0.3333333333333333,0.16666666666666666,485.0,57.166666666666664
SDF,CLT,SDF → CLT,1012,13.449604743083004,13.732213438735178,0.13932806324110672,0.029644268774703556,335.0,57.69565217391305
SDF,DAL,SDF → DAL,83,14.385542168674698,15.120481927710843,0.20481927710843373,0.07228915662650602,725.0,100.87951807228916
SDF,DCA,SDF → DCA,362,10.903314917127071,11.022099447513812,0.13535911602209943,0.03591160220994475,474.0,67.43370165745857
SDF,DEN,SDF → DEN,387,14.103359173126615,15.253229974160206,0.17571059431524547,0.03875968992248062,1024.0,145.45736434108528
SDF,DFW,SDF → DFW,815,23.5840490797546,23.80490797546012,0.18159509202453988,0.04171779141104295,733.0,106.76196319018405
SDF,DTW,SDF → DTW,516,13.707364341085272,13.488372093023257,0.1375968992248062,0.009689922480620155,306.0,53.86046511627907
SDF,EWR,SDF → EWR,267,10.220973782771535,12.097378277153558,0.20973782771535582,0.04868913857677903,642.0,91.56554307116104
SDF,FLL,SDF → FLL,106,24.962264150943398,19.5188679245283,0.32075471698113206,0.10377358490566038,895.0,111.15094339622641
SDF,HOU,SDF → HOU,102,8.558823529411764,8.715686274509803,0.20588235294117646,0.0392156862745098,803.0,118.09803921568627
SDF,IAD,SDF → IAD,156,9.673076923076923,9.044871794871796,0.08333333333333333,0.02564102564102564,451.0,65.53846153846153
SDF,IAH,SDF → IAH,336,14.952380952380953,17.264880952380953,0.22023809523809523,0.020833333333333332,788.0,120.82738095238095
SDF,LAS,SDF → LAS,154,25.935064935064936,23.058441558441558,0.2077922077922078,0.045454545454545456,1624.0,208.1103896103896
SDF,LAX,SDF → LAX,79,23.253164556962027,23.569620253164558,0.26582278481012656,0.0379746835443038,1843.0,235.55696202531647
SDF,LGA,SDF → LGA,571,11.856392294220665,12.430823117338004,0.17688266199649738,0.021015761821366025,659.0,97.49036777583187
SDF,MCO,SDF → MCO,343,13.626822157434402,13.653061224489797,0.15451895043731778,0.026239067055393587,719.0,97.93002915451895
SDF,MDW,SDF → MDW,470,6.053191489361702,5.327659574468085,0.12127659574468085,0.027659574468085105,271.0,49.253191489361704
SDF,MIA,SDF → MIA,270,9.588888888888889,9.959259259259259,0.16666666666666666,0.011111111111111112,910.0,126.47037037037038
SDF,MSP,SDF → MSP,321,12.031152647975079,11.87227414330218,0.14018691588785046,0.018691588785046728,604.0,98.22429906542057
SDF,MSY,SDF → MSY,13,9.23076923076923,8.692307692307692,0.23076923076923078,0.15384615384615385,620.0,73.92307692307692
SDF,MYR,SDF → MYR,10,15.1,16.8,0.5,0.0,491.0,64.9
SDF,ORD,SDF → ORD,793,17.242118537200504,18.795712484237075,0.18158890290037832,0.02395964691046658,286.0,57.02395964691047
SDF,PGD,SDF → PGD,52,25.134615384615383,32.03846153846154,0.38461538461538464,0.0,806.0,111.75
SDF,PHL,SDF → PHL,263,5.300380228136882,5.64638783269962,0.09885931558935361,0.011406844106463879,576.0,87.04942965779468
SDF,PHX,SDF → PHX,88,7.2727272727272725,6.545454545454546,0.07954545454545454,0.056818181818181816,1506.0,198.32954545454547
SDF,PIE,SDF → PIE,59,12.661016949152541,13.033898305084746,0.2033898305084746,0.0847457627118644,729.0,90.16949152542372
SDF,PNS,SDF → PNS,3,0.0,6.333333333333333,0.3333333333333333,0.0,537.0,80.33333333333333
SDF,RSW,SDF → RSW,39,7.435897435897436,4.897435897435898,0.10256410256410256,0.0,835.0,113.46153846153847
SDF,SAV,SDF → SAV,25,15.88,18.12,0.36,0.04,489.0,68.08
SDF,SFB,SDF → SFB,70,28.142857142857142,28.442857142857143,0.32857142857142857,0.04285714285714286,698.0,91.5
SDF,SFO,SDF → SFO,1,28.0,1.0,0.0,0.0,1990.0,267.0
SDF,SRQ,SDF → SRQ,31,20.451612903225808,24.225806451612904,0.3548387096774194,0.03225806451612903,765.0,103.09677419354838
SDF,TPA,SDF → TPA,158,11.183544303797468,10.246835443037975,0.13924050632911392,0.012658227848101266,727.0,99.28481012658227
SDF,VPS,SDF → VPS,41,11.048780487804878,11.75609756097561,0.12195121951219512,0.0,532.0,73.41463414634147
SEA,ABQ,SEA → ABQ,211,8.066350710900474,8.104265402843602,0.17535545023696683,0.009478672985781991,1180.0,143.81042654028437
SEA,ALW,SEA → ALW,158,6.772151898734177,5.80379746835443,0.13291139240506328,0.0379746835443038,213.0,40.00632911392405
SEA,ANC,SEA → ANC,3257,9.255142769419711,9.976972674240098,0.20816702486951183,0.008596868283696654,1448.0,190.0985569542524
SEA,ATL,SEA → ATL,1476,11.881436314363144,11.660569105691057,0.16124661246612465,0.009485094850948509,2182.0,246.96680216802167
SEA,AUS,SEA → AUS,651,12.44700460829493,13.944700460829493,0.20583717357910905,0.019969278033794162,1770.0,206.50537634408602
SEA,BIL,SEA → BIL,180,7.1,7.561111111111111,0.15,0.011111111111111112,664.0,98.93333333333334
SEA,BLI,SEA → BLI,403,6.488833746898263,6.588089330024814,0.13647642679900746,0.02481389578163772,93.0,25.200992555831267
SEA,BNA,SEA → BNA,444,8.684684684684685,8.66891891891892,0.18018018018018017,0.013513513513513514,1978.0,225.19819819819818
SEA,BOI,SEA → BOI,1839,7.53616095704187,7.566068515497553,0.12234910277324633,0.010331702011963024,399.0,60.76508972267537
SEA,BOS,SEA → BOS,1070,11.162616822429907,11.133644859813083,0.20841121495327103,0.02149532710280374,2496.0,276.85794392523366
SEA,BUR,SEA → BUR,580,10.467241379310344,10.729310344827587,0.18275862068965518,0.013793103448275862,937.0,122.27758620689656
SEA,BWI,SEA → BWI,235,7.097872340425532,7.6553191489361705,0.17446808510638298,0.03404255319148936,2335.0,260.1914893617021
SEA,BZN,SEA → BZN,369,10.21680216802168,10.913279132791327,0.1842818428184282,0.01084010840108401,543.0,74.00813008130082
SEA,CHS,SEA → CHS,133,7.2330827067669174,8.526315789473685,0.14285714285714285,0.022556390977443608,2415.0,269.94736842105266
SEA,CLE,SEA → CLE,51,16.03921568627451,15.490196078431373,0.2549019607843137,0.0196078431372549,2021.0,226.7843137254902
SEA,CLT,SEA → CLT,446,13.233183856502242,13.091928251121077,0.14349775784753363,0.02466367713004484,2279.0,256.77354260089686
SEA,CMH,SEA → CMH,143,9.566433566433567,8.412587412587413,0.17482517482517482,0.02097902097902098,2016.0,227.86713286713288
SEA,CVG,SEA → CVG,169,11.627218934911243,11.579881656804734,0.1893491124260355,0.011834319526627219,1965.0,224.30769230769232
SEA,DAL,SEA → DAL,261,9.310344827586206,10.160919540229886,0.23371647509578544,0.0038314176245210726,1670.0,205.40613026819923
SEA,DCA,SEA → DCA,320,12.003125,12.04375,0.165625,0.0125,2329.0,265.3125
SEA,DEN,SEA → DEN,2907,11.200206398348813,11.56828345373237,0.18059855521155832,0.018575851393188854,1024.0,125.97764017887857
SEA,DFW,SEA → DFW,1775,17.004507042253522,16.952676056338028,0.18704225352112677,0.01971830985915493,1660.0,194.73239436619718
SEA,DTW,SEA → DTW,902,10.0,8.864745011086475,0.1164079822616408,0.014412416851441241,1927.0,216.3980044345898
SEA,EAT,SEA → EAT,140,3.4214285714285713,3.992857142857143,0.09285714285714286,0.007142857142857143,99.0,27.057142857142857
SEA,ELP,SEA → ELP,96,8.072916666666666,6.895833333333333,0.14583333333333334,0.010416666666666666,1368.0,167.9375
SEA,EUG,SEA → EUG,855,5.545029239766082,5.809356725146199,0.10409356725146199,0.0152046783625731,234.0,44.84561403508772
SEA,EWR,SEA → EWR,802,14.086034912718205,14.973815461346634,0.20947630922693267,0.018703241895261846,2402.0,271.30299251870326
SEA,FAI,SEA → FAI,857,9.33022170361727,10.61026837806301,0.2322053675612602,0.010501750291715286,1533.0,198.9171528588098
SEA,FAT,SEA → FAT,453,7.123620309050772,7.322295805739515,0.11699779249448124,0.011037527593818985,748.0,101.88520971302428
SEA,FCA,SEA → FCA,230,7.673913043478261,7.765217391304348,0.13043478260869565,0.008695652173913044,379.0,62.291304347826085
SEA,FLL,SEA → FLL,279,13.21146953405018,12.853046594982079,0.1935483870967742,0.021505376344086023,2717.0,306.83870967741933
SEA,GEG,SEA → GEG,2241,8.593485051316376,9.149486836233825,0.1535029004908523,0.012048192771084338,224.0,39.93261936635431
SEA,GTF,SEA → GTF,113,9.230088495575222,10.044247787610619,0.1592920353982301,0.008849557522123894,512.0,78.72566371681415
SEA,HDN,SEA → HDN,17,14.882352941176471,16.41176470588235,0.23529411764705882,0.0,891.0,116.11764705882354
SEA,HLN,SEA → HLN,70,10.3,10.457142857142857,0.22857142857142856,0.0,491.0,82.37142857142857
SEA,HNL,SEA → HNL,951,15.76235541535226,15.451104100946372,0.2113564668769716,0.006309148264984227,2677.0,334.5331230283912
SEA,HOU,SEA → HOU,7,11.857142857142858,10.857142857142858,0.42857142857142855,0.0,1894.0,233.42857142857142
SEA,IAD,SEA → IAD,729,8.603566529492456,8.460905349794238,0.13991769547325103,0.024691358024691357,2306.0,257.18930041152265
SEA,IAH,SEA → IAH,768,11.154947916666666,11.373697916666666,0.14453125,0.014322916666666666,1874.0,220.30338541666666
SEA,ICT,SEA → ICT,72,4.388888888888889,4.069444444444445,0.08333333333333333,0.0,1430.0,173.02777777777777
SEA,IDA,SEA → IDA,52,8.826923076923077,9.384615384615385,0.23076923076923078,0.019230769230769232,566.0,90.07692307692308
SEA,IND,SEA → IND,239,9.246861924686192,8.242677824267782,0.18410041841004185,0.012552301255230125,1866.0,213.60669456066947
SEA,JAC,SEA → JAC,78,9.576923076923077,10.884615384615385,0.20512820512820512,0.02564102564102564,621.0,89.78205128205128
SEA,JFK,SEA → JFK,1274,17.396389324960754,17.160910518053374,0.20094191522762953,0.01020408163265306,2422.0,276.8689167974882
SEA,JNU,SEA → JNU,663,9.322775263951735,9.72549019607843,0.20512820512820512,0.007541478129713424,909.0,125.15082956259427
SEA,KOA,SEA → KOA,488,16.846311475409838,15.620901639344263,0.2028688524590164,0.006147540983606557,2688.0,336.4733606557377
SEA,KTN,SEA → KTN,609,7.932676518883415,8.602627257799671,0.16912972085385877,0.006568144499178982,680.0,99.0295566502463
SEA,LAS,SEA → LAS,2948,11.16214382632293,11.489484396200814,0.18724559023066487,0.019335142469470826,867.0,115.91180461329715
SEA,LAX,SEA → LAX,3491,9.489258092237181,9.651962188484674,0.1535376682898883,0.018619306788885705,954.0,125.70610140360928
SEA,LGB,SEA → LGB,85,9.223529411764705,7.988235294117647,0.15294117647058825,0.011764705882352941,965.0,127.08235294117647
SEA,LIH,SEA → LIH,362,12.834254143646408,12.403314917127071,0.21823204419889503,0.008287292817679558,2701.0,338.33425414364643
SEA,MCI,SEA → MCI,411,9.844282238442823,9.59367396593674,0.1678832116788321,0.0170316301703163,1489.0,173.46715328467153
SEA,MCO,SEA → MCO,648,10.657407407407407,11.155864197530864,0.20679012345679013,0.016975308641975308,2554.0,288.34567901234567
SEA,MDW,SEA → MDW,276,8.41304347826087,6.659420289855072,0.13768115942028986,0.03260869565217391,1733.0,202.21014492753622
SEA,MFR,SEA → MFR,745,6.946308724832215,7.449664429530201,0.11812080536912752,0.0174496644295302,352.0,60.899328859060404
SEA,MIA,SEA → MIA,200,24.025,24.965,0.195,0.015,2724.0,308.75
SEA,MKE,SEA → MKE,210,8.785714285714286,7.747619047619048,0.1523809523809524,0.023809523809523808,1694.0,194.27619047619046
SEA,MRY,SEA → MRY,90,5.777777777777778,6.888888888888889,0.13333333333333333,0.011111111111111112,750.0,113.88888888888889
SEA,MSO,SEA → MSO,262,6.767175572519084,6.408396946564886,0.15267175572519084,0.022900763358778626,389.0,63.916030534351144
SEA,MSP,SEA → MSP,1201,8.648626144879268,8.27976686094921,0.14904246461282264,0.010824313072439634,1399.0,164.40716069941715
SEA,MSY,SEA → MSY,222,8.594594594594595,8.707207207207206,0.18468468468468469,0.02702702702702703,2086.0,237.6891891891892
SEA,OAK,SEA → OAK,1277,9.370399373531715,8.94283476898982,0.1620986687548943,0.018794048551292093,672.0,96.67658574784652
SEA,OGG,SEA → OGG,741,9.709851551956815,10.697705802968962,0.19163292847503374,0.005398110661268556,2640.0,334.86369770580296
SEA,OKC,SEA → OKC,106,7.820754716981132,8.424528301886792,0.16981132075471697,0.018867924528301886,1519.0,178.93396226415095
SEA,OMA,SEA → OMA,173,6.456647398843931,7.855491329479769,0.16184971098265896,0.011560693641618497,1368.0,161.77456647398844
SEA,ONT,SEA → ONT,778,9.201799485861182,9.727506426735218,0.15938303341902313,0.016709511568123392,956.0,125.66195372750643
SEA,ORD,SEA → ORD,2214,11.818428184281842,12.003613369467027,0.15582655826558264,0.01084010840108401,1721.0,200.4620596205962
SEA,PDX,SEA → PDX,2604,9.142857142857142,9.068356374807987,0.15552995391705068,0.014208909370199693,129.0,29.19047619047619
SEA,PHL,SEA → PHL,421,13.648456057007126,13.422802850356295,0.16864608076009502,0.021377672209026127,2378.0,266.9904988123515
SEA,PHX,SEA → PHX,2846,9.717849613492621,9.928320449754041,0.16654954321855236,0.016865776528460996,1107.0,139.23295853829936
SEA,PIT,SEA → PIT,178,7.803370786516854,8.241573033707866,0.17415730337078653,0.011235955056179775,2125.0,240.13483146067415
SEA,PSC,SEA → PSC,909,7.486248624862486,8.205720572057206,0.11221122112211221,0.019801980198019802,172.0,34.32343234323432
SEA,PSP,SEA → PSP,747,7.323962516733601,7.663989290495315,0.14190093708165996,0.028112449799196786,987.0,130.4471218206158
SEA,PUW,SEA → PUW,203,6.83743842364532,7.463054187192118,0.12807881773399016,0.029556650246305417,250.0,44.399014778325125
SEA,RDD,SEA → RDD,80,5.9875,6.8375,0.075,0.025,479.0,80.4
SEA,RDM,SEA → RDM,849,5.684334511189635,6.287396937573616,0.12131919905771496,0.015312131919905771,228.0,42.47349823321555
SEA,RDU,SEA → RDU,367,7.4659400544959125,7.487738419618529,0.12534059945504086,0.021798365122615803,2354.0,262.2425068119891
SEA,RNO,SEA → RNO,394,8.916243654822335,9.47715736040609,0.1649746192893401,0.012690355329949238,564.0,81.30964467005076
SEA,RSW,SEA → RSW,42,12.714285714285714,13.785714285714286,0.19047619047619047,0.0,2623.0,302.42857142857144
SEA,SAN,SEA → SAN,1980,7.229292929292929,7.497979797979798,0.14393939393939395,0.024242424242424242,1050.0,133.04949494949494
SEA,SAT,SEA → SAT,200,10.525,11.03,0.21,0.01,1774.0,205.545
SEA,SBA,SEA → SBA,218,8.5,9.362385321100918,0.1743119266055046,0.022935779816513763,908.0,120.6559633027523
SEA,SBP,SEA → SBP,160,4.9875,5.075,0.125,0.0125,847.0,117.9375
SEA,SFO,SEA → SFO,3174,12.75047258979206,12.72211720226843,0.19344675488342786,0.024259609325771897,679.0,98.27315689981097
SEA,SIT,SEA → SIT,146,14.184931506849315,15.650684931506849,0.22602739726027396,0.0273972602739726,861.0,117.35616438356165
SEA,SJC,SEA → SJC,2099,8.068127679847546,7.909480705097666,0.14292520247737017,0.01953311100524059,696.0,101.04525964745116
SEA,SLC,SEA → SLC,1767,7.98641765704584,8.315223542727788,0.13695529145444255,0.014148273910582909,689.0,90.22467458970006
SEA,SMF,SEA → SMF,1861,9.404621171413218,9.139709833422891,0.16496507254164428,0.015583019881783988,605.0,82.45781837721655
SEA,SNA,SEA → SNA,1476,8.27710027100271,9.080623306233063,0.14905149051490515,0.018970189701897018,978.0,133.08536585365854
SEA,STL,SEA → STL,318,7.484276729559748,7.037735849056604,0.1509433962264151,0.0220125786163522,1709.0,196.24213836477986
SEA,STS,SEA → STS,213,9.863849765258216,11.154929577464788,0.1596244131455399,0.009389671361502348,618.0,93.01877934272301
SEA,SUN,SEA → SUN,58,5.172413793103448,6.706896551724138,0.1206896551724138,0.06896551724137931,475.0,78.93103448275862
SEA,TPA,SEA → TPA,406,8.492610837438423,9.578817733990148,0.1625615763546798,0.017241379310344827,2520.0,285.0418719211823
SEA,TUS,SEA → TUS,402,8.577114427860696,10.445273631840797,0.15920398009950248,0.017412935323383085,1216.0,151.24875621890547
SEA,YKM,SEA → YKM,139,7.676258992805756,7.597122302158273,0.14388489208633093,0.02158273381294964,103.0,26.719424460431654
SFB,ABE,SFB → ABE,238,19.600840336134453,19.491596638655462,0.25210084033613445,0.058823529411764705,882.0,114.9201680672269
SFB,ABQ,SFB → ABQ,5,0.0,0.0,0.0,0.0,1548.0,197.6
SFB,ALB,SFB → ALB,54,22.055555555555557,21.85185185185185,0.14814814814814814,0.05555555555555555,1049.0,129.40740740740742
SFB,ATW,SFB → ATW,67,22.134328358208954,24.074626865671643,0.23880597014925373,0.11940298507462686,1141.0,136.16417910447763
SFB,AUS,SFB → AUS,26,19.192307692307693,17.53846153846154,0.19230769230769232,0.038461538461538464,994.0,134.80769230769232
SFB,AVL,SFB → AVL,242,17.09917355371901,18.425619834710744,0.2727272727272727,0.06198347107438017,465.0,62.90495867768595
SFB,BGR,SFB → BGR,91,7.648351648351649,8.076923076923077,0.12087912087912088,0.04395604395604396,1299.0,152.03296703296704
SFB,BIS,SFB → BIS,32,6.78125,7.53125,0.1875,0.0625,1628.0,205.6875
SFB,BLV,SFB → BLV,80,10.5375,12.0125,0.275,0.0375,835.0,112.2625
SFB,BMI,SFB → BMI,71,33.774647887323944,34.16901408450704,0.14084507042253522,0.014084507042253521,917.0,124.91549295774648
SFB,BNA,SFB → BNA,49,15.0,17.142857142857142,0.24489795918367346,0.02040816326530612,598.0,86.42857142857143
SFB,CAK,SFB → CAK,15,12.733333333333333,13.4,0.13333333333333333,0.0,837.0,109.33333333333333
SFB,CHA,SFB → CHA,47,14.446808510638299,13.48936170212766,0.2978723404255319,0.0425531914893617,490.0,68.76595744680851
SFB,CID,SFB → CID,70,6.571428571428571,9.514285714285714,0.12857142857142856,0.05714285714285714,1078.0,141.05714285714285
SFB,CKB,SFB → CKB,43,23.6046511627907,23.488372093023255,0.20930232558139536,0.09302325581395349,727.0,89.04651162790698
SFB,CLE,SFB → CLE,13,18.076923076923077,21.692307692307693,0.38461538461538464,0.0,872.0,117.92307692307692
SFB,CVG,SFB → CVG,183,26.502732240437158,27.21311475409836,0.2568306010928962,0.0546448087431694,735.0,97.39344262295081
SFB,DAY,SFB → DAY,31,8.96774193548387,11.35483870967742,0.25806451612903225,0.06451612903225806,785.0,102.19354838709677
SFB,DSM,SFB → DSM,78,20.32051282051282,20.615384615384617,0.3076923076923077,0.038461538461538464,1124.0,146.26923076923077
SFB,ELM,SFB → ELM,80,6.825,8.525,0.1375,0.025,954.0,124.4875
SFB,ELP,SFB → ELP,6,0.0,4.5,0.16666666666666666,0.0,1514.0,193.33333333333334
SFB,EVV,SFB → EVV,49,17.93877551020408,20.612244897959183,0.2653061224489796,0.04081632653061224,734.0,100.16326530612245
SFB,EYW,SFB → EYW,24,1.0833333333333333,0.75,0.0,0.08333333333333333,292.0,43.458333333333336
SFB,FAR,SFB → FAR,47,6.617021276595745,8.297872340425531,0.14893617021276595,0.0425531914893617,1508.0,198.87234042553192
SFB,FNT,SFB → FNT,100,29.67,31.05,0.33,0.07,988.0,127.21
SFB,FSD,SFB → FSD,53,13.773584905660377,15.132075471698114,0.22641509433962265,0.09433962264150944,1334.0,167.1509433962264
SFB,FWA,SFB → FWA,75,8.933333333333334,10.84,0.18666666666666668,0.013333333333333334,870.0,115.62666666666667
SFB,GFK,SFB → GFK,6,300.5,292.0,0.3333333333333333,0.0,1573.0,213.33333333333334
SFB,GPT,SFB → GPT,29,1.9310344827586208,6.413793103448276,0.13793103448275862,0.0,485.0,78.65517241379311
SFB,GRR,SFB → GRR,158,29.620253164556964,30.49367088607595,0.2721518987341772,0.08227848101265822,1001.0,122.42405063291139
SFB,GSO,SFB → GSO,34,7.323529411764706,8.235294117647058,0.14705882352941177,0.08823529411764706,510.0,67.94117647058823
SFB,GSP,SFB → GSP,56,18.392857142857142,17.642857142857142,0.2857142857142857,0.07142857142857142,425.05357142857144,58.25
SFB,HGR,SFB → HGR,53,9.358490566037736,9.056603773584905,0.1509433962264151,0.05660377358490566,780.0,99.88679245283019
SFB,HTS,SFB → HTS,79,13.810126582278482,14.455696202531646,0.20253164556962025,0.06329113924050633,665.0,83.69620253164557
SFB,IAG,SFB → IAG,50,13.44,13.5,0.16,0.1,996.0,115.16
SFB,ICT,SFB → ICT,19,9.526315789473685,9.631578947368421,0.10526315789473684,0.0,1117.0,155.73684210526315
SFB,IND,SFB → IND,112,11.366071428571429,12.410714285714286,0.25,0.026785714285714284,807.0,109.69642857142857
SFB,LAS,SFB → LAS,5,0.0,0.0,0.0,0.0,2034.0,251.0
SFB,LCK,SFB → LCK,71,17.64788732394366,17.464788732394368,0.2535211267605634,0.04225352112676056,767.0,100.26760563380282
SFB,LEX,SFB → LEX,107,11.88785046728972,13.186915887850468,0.1588785046728972,0.056074766355140186,667.0,88.45794392523365
SFB,LIT,SFB → LIT,51,15.098039215686274,16.568627450980394,0.37254901960784315,0.0196078431372549,765.0,109.45098039215686
SFB,MCI,SFB → MCI,6,14.333333333333334,11.5,0.3333333333333333,0.16666666666666666,1058.0,117.83333333333333
SFB,MDT,SFB → MDT,139,13.53956834532374,13.76978417266187,0.23741007194244604,0.05755395683453238,827.0,106.58992805755396
SFB,MEM,SFB → MEM,36,14.833333333333334,17.52777777777778,0.2777777777777778,0.0,671.0,104.27777777777777
SFB,MFE,SFB → MFE,35,19.4,22.942857142857143,0.37142857142857144,0.0,1059.0,153.14285714285714
SFB,MKE,SFB → MKE,4,0.0,1.0,0.0,0.0,1045.0,137.0
SFB,MLI,SFB → MLI,49,22.612244897959183,24.367346938775512,0.2653061224489796,0.04081632653061224,1018.0,134.0
SFB,OGS,SFB → OGS,12,1.75,6.75,0.16666666666666666,0.08333333333333333,1142.0,134.41666666666666
SFB,OKC,SFB → OKC,14,7.5,10.071428571428571,0.21428571428571427,0.0,1061.0,157.14285714285714
SFB,OMA,SFB → OMA,44,2.6363636363636362,2.5681818181818183,0.06818181818181818,0.045454545454545456,1195.0,159.1590909090909
SFB,ORF,SFB → ORF,58,11.862068965517242,11.672413793103448,0.10344827586206896,0.017241379310344827,631.0,84.56896551724138
SFB,OWB,SFB → OWB,34,12.647058823529411,12.264705882352942,0.14705882352941177,0.08823529411764706,706.0,90.55882352941177
SFB,PBG,SFB → PBG,92,9.478260869565217,11.23913043478261,0.17391304347826086,0.08695652173913043,1175.0,135.75
SFB,PIA,SFB → PIA,46,12.08695652173913,12.478260869565217,0.1956521739130435,0.043478260869565216,949.0,125.17391304347827
SFB,PIT,SFB → PIT,63,24.49206349206349,25.396825396825395,0.30158730158730157,0.06349206349206349,809.0,100.41269841269842
SFB,PSM,SFB → PSM,57,6.12280701754386,5.456140350877193,0.12280701754385964,0.08771929824561403,1144.0,130.0701754385965
SFB,PVU,SFB → PVU,6,37.333333333333336,44.333333333333336,0.6666666666666666,0.0,1898.0,270.5
SFB,RDU,SFB → RDU,13,1.7692307692307692,2.3076923076923075,0.07692307692307693,0.0,510.0,75.61538461538461
SFB,RFD,SFB → RFD,54,11.148148148148149,11.296296296296296,0.16666666666666666,0.018518518518518517,1025.0,136.85185185185185
SFB,RIC,SFB → RIC,37,10.54054054054054,10.18918918918919,0.24324324324324326,0.13513513513513514,643.0,75.45945945945945
SFB,ROA,SFB → ROA,54,9.703703703703704,9.62962962962963,0.14814814814814814,0.07407407407407407,594.0,78.38888888888889
SFB,ROC,SFB → ROC,35,12.628571428571428,11.771428571428572,0.2571428571428571,0.02857142857142857,1009.0,125.71428571428571
SFB,SAT,SFB → SAT,11,8.363636363636363,11.545454545454545,0.36363636363636365,0.0,1042.0,142.8181818181818
SFB,SBN,SFB → SBN,73,14.465753424657533,14.342465753424657,0.2054794520547945,0.0410958904109589,936.0,120.1917808219178
SFB,SCE,SFB → SCE,25,5.52,6.8,0.2,0.04,854.0,109.28
SFB,SDF,SFB → SDF,81,14.25925925925926,14.851851851851851,0.20987654320987653,0.012345679012345678,698.0,101.92592592592592
SFB,SGF,SFB → SGF,83,8.578313253012048,9.566265060240964,0.1566265060240964,0.03614457831325301,914.0,125.03614457831326
SFB,SHV,SFB → SHV,17,11.294117647058824,10.352941176470589,0.17647058823529413,0.0,791.0,110.6470588235294
SFB,SJU,SFB → SJU,13,4.384615384615385,6.846153846153846,0.15384615384615385,0.15384615384615385,1198.0,123.0
SFB,SWF,SFB → SWF,49,10.571428571428571,10.244897959183673,0.14285714285714285,0.04081632653061224,965.0,126.53061224489795
SFB,SYR,SFB → SYR,65,18.076923076923077,20.415384615384614,0.15384615384615385,0.06153846153846154,1029.0,123.83076923076923
SFB,TOL,SFB → TOL,63,7.7936507936507935,7.857142857142857,0.14285714285714285,0.031746031746031744,895.0,115.17460317460318
SFB,TRI,SFB → TRI,54,14.092592592592593,13.685185185185185,0.2037037037037037,0.018518518518518517,535.0,74.88888888888889
SFB,TUL,SFB → TUL,49,9.244897959183673,9.959183673469388,0.14285714285714285,0.02040816326530612,995.0,135.40816326530611
SFB,TVC,SFB → TVC,20,3.45,5.0,0.1,0.1,1126.0,133.35
SFB,TYS,SFB → TYS,191,16.706806282722514,18.50261780104712,0.3089005235602094,0.07329842931937172,511.0,68.40314136125654
SFB,USA,SFB → USA,106,9.122641509433961,10.047169811320755,0.19811320754716982,0.05660377358490566,457.0,67.41509433962264
SFB,XNA,SFB → XNA,76,33.28947368421053,34.78947368421053,0.2236842105263158,0.039473684210526314,920.0,126.65789473684211
SFO,ABQ,SFO → ABQ,215,12.125581395348837,11.432558139534883,0.13488372093023257,0.013953488372093023,896.0,114.21860465116279
SFO,ACV,SFO → ACV,486,15.465020576131687,14.604938271604938,0.15020576131687244,0.04526748971193416,250.0,43.26954732510288
SFO,ANC,SFO → ANC,64,6.46875,7.375,0.1875,0.0,2018.0,256.0625
SFO,ASE,SFO → ASE,147,17.489795918367346,18.87074829931973,0.2653061224489796,0.07482993197278912,848.0,103.35374149659864
SFO,ATL,SFO → ATL,1184,11.839527027027026,10.244932432432432,0.1545608108108108,0.014358108108108109,2139.0,238.6731418918919
SFO,AUS,SFO → AUS,878,10.420273348519363,9.656036446469248,0.1571753986332574,0.018223234624145785,1504.0,177.88952164009112
SFO,BDL,SFO → BDL,25,15.08,11.68,0.24,0.04,2625.0,281.44
SFO,BFL,SFO → BFL,179,24.463687150837988,24.044692737430168,0.15083798882681565,0.027932960893854747,238.0,42.32960893854749
SFO,BIH,SFO → BIH,28,17.035714285714285,16.857142857142858,0.10714285714285714,0.10714285714285714,221.0,38.67857142857143
SFO,BNA,SFO → BNA,221,13.941176470588236,14.153846153846153,0.22171945701357465,0.02262443438914027,1969.0,220.0995475113122
SFO,BOI,SFO → BOI,799,11.410513141426783,10.735919899874844,0.14893617021276595,0.02002503128911139,522.0,71.97496871088862
SFO,BOS,SFO → BOS,1669,13.931695626123426,13.07010185739964,0.16896345116836428,0.022768124625524265,2704.0,295.8088675853805
SFO,BUR,SFO → BUR,1223,11.348323793949305,10.100572363041701,0.15699100572363042,0.04660670482420278,326.0,48.86426819296811
SFO,BWI,SFO → BWI,171,15.883040935672515,14.736842105263158,0.23976608187134502,0.017543859649122806,2457.0,272.7076023391813
SFO,BZN,SFO → BZN,183,14.28415300546448,14.158469945355192,0.2185792349726776,0.03278688524590164,807.0,103.37158469945355
SFO,CLE,SFO → CLE,193,16.33160621761658,14.33160621761658,0.20725388601036268,0.025906735751295335,2161.0,238.12435233160622
SFO,CLT,SFO → CLT,608,11.167763157894736,9.932565789473685,0.09868421052631579,0.024671052631578948,2296.0,256.51973684210526
SFO,CMH,SFO → CMH,70,9.757142857142858,11.085714285714285,0.2,0.014285714285714285,2120.0,237.85714285714286
SFO,CVG,SFO → CVG,95,5.3578947368421055,4.28421052631579,0.07368421052631578,0.0,2036.0,229.98947368421054
SFO,DAL,SFO → DAL,265,10.573584905660377,12.641509433962264,0.18490566037735848,0.033962264150943396,1476.0,179.83396226415095
SFO,DCA,SFO → DCA,269,6.193308550185874,6.219330855018588,0.10780669144981413,0.03717472118959108,2442.0,266.8847583643123
SFO,DEN,SFO → DEN,2112,12.756155303030303,12.267045454545455,0.17803030303030304,0.020359848484848484,967.0,118.69128787878788
SFO,DFW,SFO → DFW,1602,18.458177278401998,17.277153558052433,0.18352059925093633,0.03058676654182272,1464.0,171.2378277153558
SFO,DTW,SFO → DTW,629,8.475357710651828,8.144674085850557,0.11605723370429252,0.022257551669316374,2079.0,231.1414944356121
SFO,EGE,SFO → EGE,53,31.754716981132077,29.754716981132077,0.3584905660377358,0.0,847.0,117.24528301886792
SFO,EUG,SFO → EUG,485,12.635051546391752,11.257731958762887,0.15670103092783505,0.0288659793814433,451.0,67.05567010309278
SFO,EWR,SFO → EWR,1874,15.014941302027749,15.180362860192103,0.24332977588046958,0.026680896478121666,2565.0,276.8468516542156
SFO,FAT,SFO → FAT,530,20.052830188679245,19.81320754716981,0.19622641509433963,0.020754716981132074,158.0,33.11698113207547
SFO,FCA,SFO → FCA,45,5.5777777777777775,4.955555555555556,0.06666666666666667,0.0,844.0,110.31111111111112
SFO,FLL,SFO → FLL,415,11.503614457831326,10.344578313253011,0.17349397590361446,0.007228915662650603,2584.0,292.8530120481928
SFO,GEG,SFO → GEG,330,11.303030303030303,9.966666666666667,0.1696969696969697,0.012121212121212121,733.0,99.91515151515152
SFO,GUM,SFO → GUM,1,0.0,0.0,0.0,0.0,5812.0,665.0
SFO,HDN,SFO → HDN,8,11.875,7.875,0.25,0.125,838.0,95.625
SFO,HNL,SFO → HNL,1062,12.457627118644067,11.341807909604519,0.2062146892655367,0.01224105461393597,2398.0,293.0160075329567
SFO,IAD,SFO → IAD,1050,11.775238095238095,10.444761904761904,0.16380952380952382,0.02095238095238095,2419.0,261.22
SFO,IAH,SFO → IAH,1366,10.218887262079063,9.06588579795022,0.1383601756954612,0.018301610541727673,1635.0,190.43338213762812
SFO,IND,SFO → IND,135,15.814814814814815,13.681481481481482,0.2074074074074074,0.022222222222222223,1943.0,215.31851851851852
SFO,JAC,SFO → JAC,141,16.97163120567376,16.54609929078014,0.18439716312056736,0.028368794326241134,737.0,99.75886524822695
SFO,JFK,SFO → JFK,2834,12.742413549753,13.045518701482004,0.17184191954834158,0.022582921665490474,2586.0,290.07974594213124
SFO,KOA,SFO → KOA,455,12.096703296703296,10.58021978021978,0.18681318681318682,0.002197802197802198,2367.0,294.4747252747253
SFO,LAS,SFO → LAS,2667,12.369328833895763,12.19872515935508,0.19160104986876642,0.024371953505811773,414.0,64.3753280839895
SFO,LAX,SFO → LAX,5357,10.98207952212059,10.67071121896584,0.1571775247339929,0.025947358596229233,337.0,54.476946051894714
SFO,LGB,SFO → LGB,102,17.04901960784314,17.99019607843137,0.22549019607843138,0.029411764705882353,354.0,59.26470588235294
SFO,LIH,SFO → LIH,277,11.407942238267148,10.014440433212997,0.1263537906137184,0.010830324909747292,2447.0,304.08303249097474
SFO,MCI,SFO → MCI,128,11.140625,10.8125,0.21875,0.046875,1499.0,171.453125
SFO,MCO,SFO → MCO,437,10.107551487414188,9.48741418764302,0.17391304347826086,0.016018306636155607,2446.0,276.7254004576659
SFO,MDW,SFO → MDW,139,5.913669064748201,4.482014388489208,0.10071942446043165,0.02877697841726619,1855.0,210.46043165467626
SFO,MFR,SFO → MFR,493,16.740365111561864,15.154158215010142,0.17038539553752535,0.038539553752535496,329.0,52.8235294117647
SFO,MIA,SFO → MIA,502,11.98804780876494,11.396414342629482,0.1454183266932271,0.01593625498007968,2585.0,289.699203187251
SFO,MKE,SFO → MKE,5,2.4,0.8,0.0,0.0,1845.0,215.0
SFO,MMH,SFO → MMH,16,11.1875,3.9375,0.125,0.3125,193.0,27.5
SFO,MRY,SFO → MRY,207,21.835748792270532,21.280193236714975,0.17391304347826086,0.04830917874396135,77.0,23.043478260869566
SFO,MSN,SFO → MSN,58,5.189655172413793,6.482758620689655,0.15517241379310345,0.0,1772.0,207.9655172413793
SFO,MSO,SFO → MSO,63,11.873015873015873,15.222222222222221,0.2698412698412698,0.015873015873015872,769.0,102.39682539682539
SFO,MSP,SFO → MSP,824,6.724514563106796,6.015776699029126,0.0970873786407767,0.013349514563106795,1589.0,184.2621359223301
SFO,MSY,SFO → MSY,176,16.977272727272727,16.52840909090909,0.26704545454545453,0.011363636363636364,1911.0,217.88636363636363
SFO,MTJ,SFO → MTJ,23,23.782608695652176,21.391304347826086,0.2608695652173913,0.08695652173913043,791.0,93.43478260869566
SFO,OGG,SFO → OGG,850,11.02235294117647,11.214117647058824,0.18352941176470589,0.02,2338.0,289.5470588235294
SFO,OKC,SFO → OKC,40,11.825,11.125,0.15,0.0,1384.0,169.725
SFO,OMA,SFO → OMA,108,11.648148148148149,11.61111111111111,0.1388888888888889,0.027777777777777776,1433.0,168.0462962962963
SFO,ONT,SFO → ONT,789,11.681875792141952,11.041825095057034,0.15082382762991128,0.020278833967046894,363.0,57.537389100126745
SFO,ORD,SFO → ORD,2122,14.878887841658813,13.543355325164939,0.16823751178133836,0.017907634307257305,1846.0,210.4938737040528
SFO,OTH,SFO → OTH,147,11.680272108843537,10.068027210884354,0.1564625850340136,0.02040816326530612,412.0,65.87074829931973
SFO,PAE,SFO → PAE,218,14.857798165137615,14.330275229357799,0.16055045871559634,0.027522935779816515,710.0,101.39449541284404
SFO,PDX,SFO → PDX,1697,9.918090748379493,9.291691219799647,0.16087212728344136,0.015321154979375369,550.0,77.7307012374779
SFO,PHL,SFO → PHL,612,13.67156862745098,12.491830065359476,0.1781045751633987,0.021241830065359478,2521.0,278.6519607843137
SFO,PHX,SFO → PHX,1959,14.529351710056151,13.340479836651353,0.16283818274629913,0.02807554874936192,651.0,89.07554874936191
SFO,PIT,SFO → PIT,126,10.738095238095237,7.857142857142857,0.1984126984126984,0.031746031746031744,2254.0,244.79365079365078
SFO,PSC,SFO → PSC,174,13.683908045977011,12.689655172413794,0.14367816091954022,0.028735632183908046,620.0,86.13218390804597
SFO,PSP,SFO → PSP,1240,11.512903225806452,11.67983870967742,0.16693548387096774,0.02338709677419355,421.0,65.31048387096774
SFO,RAP,SFO → RAP,2,0.0,0.0,0.0,0.0,1102.0,136.5
SFO,RDD,SFO → RDD,386,20.694300518134714,20.738341968911918,0.18134715025906736,0.02849740932642487,199.0,34.97150259067357
SFO,RDM,SFO → RDM,590,14.189830508474577,13.389830508474576,0.15593220338983052,0.03220338983050847,462.0,66.57627118644068
SFO,RDU,SFO → RDU,212,11.86320754716981,10.334905660377359,0.15566037735849056,0.009433962264150943,2400.0,269.04716981132077
SFO,RNO,SFO → RNO,650,16.203076923076924,15.544615384615385,0.16,0.03230769230769231,192.0,34.93538461538461
SFO,RSW,SFO → RSW,13,23.846153846153847,23.307692307692307,0.23076923076923078,0.0,2481.0,277.84615384615387
SFO,SAN,SFO → SAN,2752,10.363008720930232,9.890625,0.16460755813953487,0.026526162790697673,447.0,67.10901162790698
SFO,SAT,SFO → SAT,128,18.078125,16.34375,0.171875,0.0234375,1482.0,179.328125
SFO,SBA,SFO → SBA,623,17.17817014446228,15.873194221508829,0.17014446227929375,0.033707865168539325,262.0,45.34510433386838
SFO,SBP,SFO → SBP,506,16.32608695652174,16.140316205533598,0.18774703557312253,0.029644268774703556,190.0,38.37747035573123
SFO,SEA,SFO → SEA,3206,11.134435433562071,10.783842794759826,0.16562694946974424,0.022769806612601372,679.0,96.31846537741734
SFO,SLC,SFO → SLC,1508,12.261273209549072,11.454244031830239,0.129973474801061,0.013262599469496022,599.0,81.85676392572944
SFO,SMF,SFO → SMF,572,11.896853146853147,11.702797202797203,0.1555944055944056,0.02972027972027972,86.0,21.522727272727273
SFO,SNA,SFO → SNA,1527,8.173542894564505,8.172888015717092,0.14538310412573674,0.023575638506876228,372.0,64.57367387033399
SFO,STL,SFO → STL,116,14.560344827586206,13.758620689655173,0.25862068965517243,0.017241379310344827,1735.0,198.56896551724137
SFO,STS,SFO → STS,108,36.52777777777778,35.49074074074074,0.14814814814814814,0.1111111111111111,66.0,15.157407407407407
SFO,SUN,SFO → SUN,81,13.604938271604938,12.530864197530864,0.14814814814814814,0.024691358024691357,587.0,83.74074074074075
SFO,TPA,SFO → TPA,212,13.858490566037736,13.61320754716981,0.22169811320754718,0.0047169811320754715,2393.0,271.5518867924528
SFO,TUS,SFO → TUS,496,13.022177419354838,11.79233870967742,0.1532258064516129,0.008064516129032258,751.0,101.34475806451613
SFO,XNA,SFO → XNA,48,11.416666666666666,8.208333333333334,0.16666666666666666,0.041666666666666664,1550.0,178.04166666666666
SGF,ATL,SGF → ATL,532,15.178571428571429,15.12593984962406,0.15413533834586465,0.020676691729323307,563.0,75.59962406015038
SGF,AUS,SGF → AUS,1,0.0,0.0,0.0,0.0,545.0,80.0
SGF,AZA,SGF → AZA,69,27.695652173913043,27.507246376811594,0.3333333333333333,0.014492753623188406,1066.0,144.36231884057972
SGF,CLT,SGF → CLT,457,7.072210065645514,7.061269146608315,0.12035010940919037,0.0175054704595186,708.0,94.67396061269146
SGF,DEN,SGF → DEN,197,13.543147208121827,13.182741116751268,0.18274111675126903,0.03553299492385787,637.0,96.53807106598985
SGF,DFW,SGF → DFW,1111,11.114311431143115,12.332133213321333,0.1863186318631863,0.022502250225022502,364.0,60.74077407740774
SGF,HOU,SGF → HOU,10,16.3,20.2,0.2,0.3,535.0,60.1
SGF,IAH,SGF → IAH,96,24.614583333333332,28.260416666666668,0.1875,0.052083333333333336,513.0,86.88541666666667
SGF,LAS,SGF → LAS,56,29.053571428571427,28.607142857142858,0.3392857142857143,0.07142857142857142,1209.0,154.32142857142858
SGF,LAX,SGF → LAX,44,21.90909090909091,22.613636363636363,0.3409090909090909,0.09090909090909091,1423.0,176.6818181818182
SGF,ORD,SGF → ORD,579,16.265975820379964,16.73747841105354,0.20207253886010362,0.022452504317789293,438.0,68.25043177892918
SGF,PGD,SGF → PGD,22,25.0,28.363636363636363,0.4090909090909091,0.0,975.0,125.81818181818181
SGF,PIE,SGF → PIE,90,18.644444444444446,21.27777777777778,0.3,0.011111111111111112,895.0,108.45555555555555
SGF,SFB,SGF → SFB,71,28.098591549295776,30.3943661971831,0.28169014084507044,0.04225352112676056,914.0,110.74647887323944
SGF,VPS,SGF → VPS,35,9.857142857142858,15.114285714285714,0.3142857142857143,0.0,610.0,83.4
SGU,AZA,SGU → AZA,5,114.4,116.8,0.6,0.0,278.0,47.0
SGU,DEN,SGU → DEN,315,13.749206349206348,14.2984126984127,0.1746031746031746,0.015873015873015872,517.0,74.61904761904762
SGU,DFW,SGU → DFW,79,43.29113924050633,46.20253164556962,0.26582278481012656,0.0,976.0,126.29113924050633
SGU,LAX,SGU → LAX,29,11.068965517241379,11.793103448275861,0.20689655172413793,0.0,349.0,60.275862068965516
SGU,PHX,SGU → PHX,342,9.181286549707602,10.461988304093568,0.13450292397660818,0.0,262.0,47.558479532163744
SGU,SLC,SGU → SLC,608,6.537828947368421,6.853618421052632,0.10032894736842106,0.004934210526315789,272.0,45.60361842105263
SHD,IAD,SHD → IAD,130,19.2,19.161538461538463,0.13076923076923078,0.05384615384615385,91.0,23.215384615384615
SHD,LWB,SHD → LWB,18,21.27777777777778,21.72222222222222,0.2777777777777778,0.0,87.0,26.5
SHD,ORD,SHD → ORD,101,23.405940594059405,24.099009900990097,0.13861386138613863,0.039603960396039604,541.0,86.57425742574257
SHR,DEN,SHR → DEN,204,5.200980392156863,8.02450980392157,0.1323529411764706,0.014705882352941176,359.0,58.044117647058826
SHR,GCC,SHR → GCC,7,15.285714285714286,14.428571428571429,0.14285714285714285,0.0,77.0,21.857142857142858
SHR,RIW,SHR → RIW,8,13.0,26.875,0.375,0.0,139.0,37.625
SHV,ATL,SHV → ATL,717,9.202231520223153,8.919107391910739,0.13668061366806136,0.012552301255230125,551.0,76.20641562064156
SHV,CLT,SHV → CLT,324,9.12037037037037,9.246913580246913,0.12654320987654322,0.012345679012345678,764.0,101.01543209876543
SHV,DEN,SHV → DEN,56,14.089285714285714,12.857142857142858,0.10714285714285714,0.03571428571428571,792.0,114.73214285714286
SHV,DFW,SHV → DFW,929,13.215285252960172,14.920344456404736,0.2109795479009688,0.04520990312163617,190.0,40.64693218514532
SHV,IAH,SHV → IAH,220,10.786363636363637,13.045454545454545,0.2,0.03636363636363636,192.0,42.17272727272727
SHV,LAS,SHV → LAS,49,14.142857142857142,13.89795918367347,0.3877551020408163,0.04081632653061224,1243.0,162.0612244897959
SHV,LAX,SHV → LAX,9,26.88888888888889,26.88888888888889,0.5555555555555556,0.2222222222222222,1425.0,148.22222222222223
SHV,SFB,SHV → SFB,10,13.0,11.1,0.3,0.0,791.0,103.5
SHV,VPS,SHV → VPS,10,13.5,14.4,0.5,0.0,452.0,66.7
SIT,JNU,SIT → JNU,291,9.694158075601374,11.34364261168385,0.15463917525773196,0.013745704467353952,95.0,23.86254295532646
SIT,KTN,SIT → KTN,124,8.258064516129032,8.508064516129032,0.12903225806451613,0.04838709677419355,183.0,33.524193548387096
SIT,SEA,SIT → SEA,149,14.302013422818792,15.348993288590604,0.15436241610738255,0.006711409395973154,861.0,115.36912751677852
SJC,ABQ,SJC → ABQ,25,4.68,6.36,0.2,0.2,870.0,91.44
SJC,ATL,SJC → ATL,234,6.880341880341881,6.072649572649572,0.07264957264957266,0.01282051282051282,2116.0,241.27350427350427
SJC,AUS,SJC → AUS,572,9.641608391608392,8.505244755244755,0.1590909090909091,0.02097902097902098,1476.0,176.73076923076923
SJC,BNA,SJC → BNA,85,13.494117647058824,12.776470588235295,0.24705882352941178,0.03529411764705882,1947.0,222.83529411764707
SJC,BOI,SJC → BOI,328,5.341463414634147,4.978658536585366,0.10670731707317073,0.021341463414634148,523.0,73.8810975609756
SJC,BOS,SJC → BOS,52,22.51923076923077,21.03846153846154,0.28846153846153844,0.057692307692307696,2689.0,289.38461538461536
SJC,BUR,SJC → BUR,1467,7.723926380368098,6.901840490797546,0.13224267211997273,0.05248807089297887,296.0,44.65167007498296
SJC,BWI,SJC → BWI,41,6.414634146341464,5.951219512195122,0.17073170731707318,0.12195121951219512,2439.0,248.14634146341464
SJC,CLT,SJC → CLT,10,12.1,9.5,0.1,0.0,2274.0,256.4
SJC,DAL,SJC → DAL,340,12.197058823529412,10.93235294117647,0.19411764705882353,0.020588235294117647,1450.0,177.16470588235293
SJC,DEN,SJC → DEN,1148,9.388501742160278,9.37020905923345,0.1437282229965157,0.029616724738675958,948.0,121.06010452961672
SJC,DFW,SJC → DFW,552,12.932971014492754,12.697463768115941,0.1358695652173913,0.034420289855072464,1438.0,172.29891304347825
SJC,DTW,SJC → DTW,34,13.411764705882353,15.0,0.14705882352941177,0.0,2062.0,245.14705882352942
SJC,ELP,SJC → ELP,4,1.75,0.0,0.0,0.0,964.0,121.5
SJC,EUG,SJC → EUG,40,7.925,10.075,0.275,0.0,471.0,71.225
SJC,EWR,SJC → EWR,35,34.142857142857146,35.6,0.45714285714285713,0.05714285714285714,2548.0,283.74285714285713
SJC,FLL,SJC → FLL,1,0.0,13.0,0.0,0.0,2557.0,305.0
SJC,GEG,SJC → GEG,186,7.397849462365591,5.516129032258065,0.12365591397849462,0.016129032258064516,742.0,100.26344086021506
SJC,HNL,SJC → HNL,509,8.00785854616896,8.650294695481335,0.14931237721021612,0.005893909626719057,2417.0,307.7996070726916
SJC,HOU,SJC → HOU,139,7.60431654676259,6.719424460431655,0.1510791366906475,0.02158273381294964,1621.0,193.33093525179856
SJC,IAH,SJC → IAH,208,6.076923076923077,5.644230769230769,0.1201923076923077,0.009615384615384616,1608.0,194.82692307692307
SJC,JAC,SJC → JAC,3,3.6666666666666665,9.333333333333334,0.3333333333333333,0.0,729.0,111.0
SJC,JFK,SJC → JFK,188,18.51595744680851,17.46808510638298,0.26595744680851063,0.005319148936170213,2569.0,297.04787234042556
SJC,KOA,SJC → KOA,236,6.639830508474576,7.622881355932203,0.13983050847457626,0.00847457627118644,2384.0,300.77966101694915
SJC,LAS,SJC → LAS,1465,10.309897610921501,9.663481228668942,0.16177474402730374,0.03549488054607509,386.0,59.554948805460754
SJC,LAX,SJC → LAX,2383,9.106588334032732,8.302559798573228,0.117079311791859,0.023919429290809903,308.0,51.08350818296265
SJC,LGB,SJC → LGB,565,6.169911504424779,5.263716814159292,0.10088495575221239,0.03716814159292035,324.0,52.31504424778761
SJC,LIH,SJC → LIH,204,6.279411764705882,7.122549019607843,0.14215686274509803,0.029411764705882353,2466.0,306.4117647058824
SJC,MCI,SJC → MCI,3,13.666666666666666,8.333333333333334,0.3333333333333333,0.0,1479.0,188.0
SJC,MCO,SJC → MCO,14,5.571428571428571,8.428571428571429,0.14285714285714285,0.0,2421.0,279.2142857142857
SJC,MDW,SJC → MDW,218,9.889908256880734,7.798165137614679,0.13761467889908258,0.05963302752293578,1838.0,206.80275229357798
SJC,MSO,SJC → MSO,1,0.0,0.0,0.0,0.0,772.0,111.0
SJC,MSP,SJC → MSP,142,7.112676056338028,5.380281690140845,0.08450704225352113,0.04225352112676056,1575.0,180.66197183098592
SJC,MSY,SJC → MSY,3,2.6666666666666665,9.666666666666666,0.3333333333333333,0.0,1884.0,227.66666666666666
SJC,OGG,SJC → OGG,496,6.084677419354839,7.258064516129032,0.1431451612903226,0.004032258064516129,2355.0,301.9717741935484
SJC,ONT,SJC → ONT,638,10.615987460815047,9.238244514106583,0.16300940438871472,0.017241379310344827,333.0,51.959247648902824
SJC,ORD,SJC → ORD,188,13.069148936170214,12.345744680851064,0.1595744680851064,0.03723404255319149,1829.0,211.64361702127658
SJC,PDX,SJC → PDX,1223,7.618969746524939,6.9141455437448895,0.11937857726901063,0.017170891251022075,569.0,83.79067865903517
SJC,PHX,SJC → PHX,1361,11.188831741366641,10.174136664217487,0.13739897134459955,0.025716385011021307,621.0,84.5789860396767
SJC,PSP,SJC → PSP,70,10.885714285714286,8.557142857142857,0.15714285714285714,0.0,390.0,62.44285714285714
SJC,RDU,SJC → RDU,1,9.0,0.0,0.0,0.0,2379.0,281.0
SJC,RNO,SJC → RNO,242,4.161157024793388,3.706611570247934,0.05785123966942149,0.0371900826446281,188.0,37.599173553719005
SJC,SAN,SJC → SAN,2643,8.012107453651154,7.702232311766932,0.1422625804010594,0.03140370790768066,417.0,60.99772985244041
SJC,SEA,SJC → SEA,2050,8.402926829268292,8.679024390243903,0.1375609756097561,0.02,696.0,102.23853658536585
SJC,SLC,SJC → SLC,897,9.540691192865106,8.700111482720178,0.11594202898550725,0.006688963210702341,584.0,85.21739130434783
SJC,SNA,SJC → SNA,1486,7.699192462987887,6.380888290713324,0.12382234185733512,0.028936742934051143,342.0,56.635935397039034
SJC,STL,SJC → STL,106,13.235849056603774,11.69811320754717,0.12264150943396226,0.03773584905660377,1715.0,194.80188679245282
SJC,TUS,SJC → TUS,81,10.814814814814815,9.037037037037036,0.1728395061728395,0.024691358024691357,721.8641975308642,92.38271604938272
SJT,DFW,SJT → DFW,760,8.427631578947368,9.506578947368421,0.13026315789473683,0.02894736842105263,229.0,41.52368421052632
SJT,IAH,SJT → IAH,32,10.0,10.4375,0.09375,0.0,321.0,58.09375
SJU,ACY,SJU → ACY,18,2.8333333333333335,1.2222222222222223,0.0,0.0,1536.0,205.88888888888889
SJU,ATL,SJU → ATL,656,11.800304878048781,11.753048780487806,0.12804878048780488,0.009146341463414634,1547.0,202.047256097561
SJU,AUS,SJU → AUS,38,31.210526315789473,31.07894736842105,0.18421052631578946,0.0,2146.0,280.4736842105263
SJU,BDL,SJU → BDL,313,26.04153354632588,28.686900958466452,0.33226837060702874,0.012779552715654952,1666.0,217.2779552715655
SJU,BNA,SJU → BNA,9,52.55555555555556,46.0,0.2222222222222222,0.0,1753.0,228.88888888888889
SJU,BOS,SJU → BOS,643,16.15085536547434,16.561430793157076,0.2892690513219285,0.015552099533437015,1674.0,218.49922239502334
SJU,BUF,SJU → BUF,1,0.0,0.0,0.0,0.0,1845.0,257.0
SJU,BWI,SJU → BWI,474,15.071729957805907,13.333333333333334,0.15611814345991562,0.02109704641350211,1565.0,215.78691983122363
SJU,CLE,SJU → CLE,9,49.22222222222222,55.888888888888886,0.8888888888888888,0.0,1839.0,246.0
SJU,CLT,SJU → CLT,321,10.093457943925234,9.18380062305296,0.14953271028037382,0.012461059190031152,1475.0,197.42056074766356
SJU,CVG,SJU → CVG,1,80.0,101.0,1.0,0.0,1808.0,262.0
SJU,DCA,SJU → DCA,153,38.490196078431374,37.81699346405229,0.40522875816993464,0.013071895424836602,1554.0,206.64705882352942
SJU,DFW,SJU → DFW,239,8.514644351464435,8.794979079497908,0.14644351464435146,0.016736401673640166,2165.0,275.93305439330544
SJU,DTW,SJU → DTW,36,5.0,5.111111111111111,0.1111111111111111,0.0,1930.0,253.77777777777777
SJU,EWR,SJU → EWR,945,23.597883597883598,24.748148148148147,0.3142857142857143,0.020105820105820106,1608.0,215.28359788359788
SJU,FLL,SJU → FLL,1199,17.077564637197664,16.609674728940785,0.20683903252710592,0.020850708924103418,1046.0,138.33694745621352
SJU,HOU,SJU → HOU,58,8.982758620689655,7.982758620689655,0.1724137931034483,0.0,1997.0,261.7931034482759
SJU,IAD,SJU → IAD,179,5.435754189944134,5.675977653631285,0.10614525139664804,0.01675977653631285,1571.0,207.54748603351956
SJU,IAH,SJU → IAH,338,11.807692307692308,12.7603550295858,0.17751479289940827,0.008875739644970414,2007.0,260.5917159763314
SJU,JAX,SJU → JAX,42,18.333333333333332,15.357142857142858,0.2619047619047619,0.023809523809523808,1288.0,176.14285714285714
SJU,JFK,SJU → JFK,1384,21.690028901734102,21.721820809248555,0.23554913294797689,0.019508670520231215,1598.0,206.2471098265896
SJU,LGA,SJU → LGA,6,1.5,8.166666666666666,0.3333333333333333,0.0,1608.0,225.33333333333334
SJU,MCO,SJU → MCO,2520,18.274603174603175,17.91190476190476,0.2376984126984127,0.021031746031746033,1189.0,155.4623015873016
SJU,MDW,SJU → MDW,59,7.338983050847458,7.016949152542373,0.13559322033898305,0.06779661016949153,2057.0,259.6949152542373
SJU,MIA,SJU → MIA,1084,16.842250922509226,16.095940959409592,0.14760147601476015,0.01937269372693727,1045.0,136.7739852398524
SJU,MSP,SJU → MSP,29,2.8275862068965516,3.896551724137931,0.13793103448275862,0.06896551724137931,2404.0,295.7931034482759
SJU,ORD,SJU → ORD,397,15.516372795969774,14.556675062972293,0.16624685138539042,0.017632241813602016,2072.0,272.8362720403023
SJU,PHL,SJU → PHL,766,20.660574412532636,20.66971279373368,0.2010443864229765,0.010443864229765013,1576.0,216.8864229765013
SJU,RDU,SJU → RDU,133,25.849624060150376,27.7593984962406,0.37593984962406013,0.007518796992481203,1433.0,197.01503759398497
SJU,SFB,SJU → SFB,15,12.866666666666667,14.666666666666666,0.3333333333333333,0.2,1198.0,126.4
SJU,STL,SJU → STL,11,5.909090909090909,4.363636363636363,0.09090909090909091,0.0,2024.0,273.54545454545456
SJU,STT,SJU → STT,257,20.260700389105057,20.373540856031127,0.22957198443579765,0.011673151750972763,68.0,16.420233463035018
SJU,TPA,SJU → TPA,629,16.5818759936407,15.427662957074721,0.22098569157392686,0.033386327503974564,1237.0,157.5214626391097
SLC,ABQ,SLC → ABQ,426,3.631455399061033,4.286384976525822,0.07746478873239436,0.011737089201877934,493.0,70.82863849765258
SLC,ANC,SLC → ANC,59,4.627118644067797,5.288135593220339,0.15254237288135594,0.0,2125.0,264.135593220339
SLC,ASE,SLC → ASE,89,13.48314606741573,12.47191011235955,0.14606741573033707,0.033707865168539325,292.0,46.49438202247191
SLC,ATL,SLC → ATL,1409,12.71540099361249,12.354151880766501,0.1554293825408091,0.0063875088715401,1590.0,184.53938963804117
SLC,AUS,SLC → AUS,635,14.080314960629922,14.078740157480315,0.1952755905511811,0.006299212598425197,1086.0,134.4283464566929
SLC,BIL,SLC → BIL,495,5.733333333333333,5.004040404040404,0.07272727272727272,0.00808080808080808,387.0,57.79191919191919
SLC,BNA,SLC → BNA,296,8.888513513513514,8.79391891891892,0.1554054054054054,0.010135135135135136,1404.0,164.84459459459458
SLC,BOI,SLC → BOI,874,8.096109839816934,7.7894736842105265,0.10183066361556065,0.004576659038901602,290.0,47.21395881006865
SLC,BOS,SLC → BOS,473,17.0,16.877378435517972,0.19661733615221988,0.016913319238900635,2105.0,234.59196617336153
SLC,BTM,SLC → BTM,275,6.010909090909091,6.749090909090909,0.07636363636363637,0.01818181818181818,358.0,56.832727272727276
SLC,BUR,SLC → BUR,666,6.073573573573573,5.731231231231231,0.1006006006006006,0.010510510510510511,574.0,93.93393393393393
SLC,BWI,SLC → BWI,286,8.293706293706293,7.34965034965035,0.13636363636363635,0.02097902097902098,1865.0,210.47552447552448
SLC,BZN,SLC → BZN,676,8.97337278106509,8.714497041420119,0.1257396449704142,0.0073964497041420114,347.0,54.362426035502956
SLC,CDC,SLC → CDC,283,4.749116607773852,5.6007067137809186,0.0812720848056537,0.0,221.0,37.33922261484099
SLC,CLE,SLC → CLE,36,7.777777777777778,8.666666666666666,0.1388888888888889,0.0,1565.0,178.80555555555554
SLC,CLT,SLC → CLT,375,10.138666666666667,9.373333333333333,0.13066666666666665,0.0026666666666666666,1727.0,201.31733333333332
SLC,CMH,SLC → CMH,24,18.166666666666668,17.583333333333332,0.20833333333333334,0.041666666666666664,1528.0,168.58333333333334
SLC,CNY,SLC → CNY,60,4.533333333333333,3.7666666666666666,0.06666666666666667,0.03333333333333333,183.0,35.916666666666664
SLC,COD,SLC → COD,38,11.578947368421053,10.68421052631579,0.18421052631578946,0.0,298.0,49.94736842105263
SLC,COS,SLC → COS,471,9.86411889596603,9.639065817409767,0.12738853503184713,0.004246284501061571,411.0,67.90870488322717
SLC,CPR,SLC → CPR,273,10.593406593406593,10.783882783882785,0.07326007326007326,0.003663003663003663,320.0,48.413919413919416
SLC,CVG,SLC → CVG,272,6.6838235294117645,6.198529411764706,0.11764705882352941,0.011029411764705883,1450.0,168.59191176470588
SLC,DAL,SLC → DAL,259,11.77992277992278,11.301158301158301,0.2084942084942085,0.015444015444015444,999.0,127.08880308880309
SLC,DCA,SLC → DCA,161,4.39751552795031,6.080745341614906,0.12422360248447205,0.018633540372670808,1851.0,209.6273291925466
SLC,DEN,SLC → DEN,3204,12.083021223470661,13.40980024968789,0.19101123595505617,0.023096129837702872,391.0,58.33988764044944
SLC,DFW,SLC → DFW,1646,16.1093560145808,16.258809234507897,0.18955042527339003,0.022478736330498177,989.0,122.79465370595383
SLC,DRO,SLC → DRO,36,6.361111111111111,6.666666666666667,0.1111111111111111,0.0,339.0,58.22222222222222
SLC,DSM,SLC → DSM,57,9.298245614035087,7.824561403508772,0.12280701754385964,0.017543859649122806,955.0,117.98245614035088
SLC,DTW,SLC → DTW,764,8.349476439790577,8.629581151832461,0.10602094240837696,0.011780104712041885,1481.0,172.89528795811518
SLC,EGE,SLC → EGE,2,8.5,0.0,0.0,0.0,279.0,50.0
SLC,EKO,SLC → EKO,244,7.241803278688525,7.438524590163935,0.09016393442622951,0.012295081967213115,200.0,34.045081967213115
SLC,ELP,SLC → ELP,10,10.9,12.0,0.3,0.0,693.0,100.6
SLC,EUG,SLC → EUG,320,7.49375,7.909375,0.115625,0.00625,618.0,94.325
SLC,EWR,SLC → EWR,371,21.58490566037736,21.73854447439353,0.24258760107816713,0.02425876010781671,1969.0,221.78167115902966
SLC,FAI,SLC → FAI,11,1.0909090909090908,5.7272727272727275,0.18181818181818182,0.0,2183.0,269.54545454545456
SLC,FAT,SLC → FAT,570,9.726315789473684,8.521052631578947,0.1,0.005263157894736842,501.0,77.34561403508772
SLC,FCA,SLC → FCA,548,9.012773722627736,8.547445255474452,0.10766423357664233,0.009124087591240875,531.0,79.27007299270073
SLC,FLL,SLC → FLL,264,11.420454545454545,11.068181818181818,0.1856060606060606,0.022727272727272728,2084.0,236.49242424242425
SLC,GEG,SLC → GEG,711,7.971870604781997,7.90014064697609,0.11954992967651196,0.011251758087201125,546.0,79.21800281293952
SLC,GJT,SLC → GJT,333,6.876876876876877,6.396396396396397,0.08108108108108109,0.003003003003003003,216.0,37.17717717717718
SLC,GTF,SLC → GTF,459,5.350762527233115,4.762527233115469,0.0784313725490196,0.002178649237472767,463.0,68.01089324618736
SLC,HLN,SLC → HLN,358,7.759776536312849,7.717877094972067,0.07541899441340782,0.002793296089385475,402.0,62.75139664804469
SLC,HNL,SLC → HNL,124,15.516129032258064,11.903225806451612,0.16129032258064516,0.0,2994.0,371.5403225806452
SLC,HOU,SLC → HOU,117,15.145299145299145,16.085470085470085,0.2905982905982906,0.042735042735042736,1214.0,146.24786324786325
SLC,IAD,SLC → IAD,139,26.06474820143885,25.071942446043167,0.14388489208633093,0.007194244604316547,1828.0,207.20863309352518
SLC,IAH,SLC → IAH,1118,13.751341681574239,14.514311270125223,0.19051878354203935,0.01699463327370304,1195.0,150.154740608229
SLC,IDA,SLC → IDA,612,7.973856209150327,6.119281045751634,0.08006535947712418,0.006535947712418301,188.0,35.29575163398693
SLC,IND,SLC → IND,53,9.754716981132075,9.075471698113208,0.09433962264150944,0.0,1355.0,156.8490566037736
SLC,JAC,SLC → JAC,554,11.155234657039712,10.429602888086643,0.12454873646209386,0.018050541516245487,205.0,37.99097472924188
SLC,JFK,SLC → JFK,923,19.08884073672806,18.92199349945829,0.22535211267605634,0.015167930660888408,1990.0,228.124593716143
SLC,LAS,SLC → LAS,1665,13.276276276276276,13.384384384384385,0.1837837837837838,0.016816816816816817,368.0,56.687087087087086
SLC,LAX,SLC → LAX,2289,10.238532110091743,10.216688510266492,0.16164263870685888,0.011795543905635648,590.0,87.61773700305811
SLC,LGB,SLC → LGB,718,7.906685236768802,7.33008356545961,0.11002785515320335,0.013927576601671309,588.0,90.05710306406685
SLC,LWS,SLC → LWS,365,4.326027397260274,4.706849315068493,0.07945205479452055,0.005479452054794521,461.0,70.20547945205479
SLC,MCI,SLC → MCI,432,9.282407407407407,9.150462962962964,0.14583333333333334,0.004629629629629629,920.0,113.96064814814815
SLC,MCO,SLC → MCO,770,12.732467532467533,14.296103896103896,0.21948051948051947,0.014285714285714285,1931.0,224.1987012987013
SLC,MDW,SLC → MDW,326,7.030674846625767,6.47239263803681,0.16257668711656442,0.024539877300613498,1259.0,151.2638036809816
SLC,MEM,SLC → MEM,114,7.605263157894737,7.868421052631579,0.10526315789473684,0.017543859649122806,1262.0,149.23684210526315
SLC,MFR,SLC → MFR,299,11.090301003344482,10.505016722408026,0.09698996655518395,0.0033444816053511705,575.0,88.01003344481606
SLC,MIA,SLC → MIA,139,20.9568345323741,20.424460431654676,0.18705035971223022,0.014388489208633094,2088.0,237.62589928057554
SLC,MKE,SLC → MKE,88,21.329545454545453,19.25,0.25,0.0,1247.0,149.97727272727272
SLC,MSN,SLC → MSN,31,1.1935483870967742,0.8064516129032258,0.03225806451612903,0.03225806451612903,1174.0,138.90322580645162
SLC,MSO,SLC → MSO,494,7.469635627530365,7.2368421052631575,0.08502024291497975,0.01417004048582996,436.0,68.14574898785425
SLC,MSP,SLC → MSP,850,9.01764705882353,9.014117647058823,0.12941176470588237,0.004705882352941176,991.0,122.10235294117648
SLC,MSY,SLC → MSY,183,8.103825136612022,8.21311475409836,0.14754098360655737,0.02185792349726776,1428.0,164.96174863387978
SLC,MTJ,SLC → MTJ,1,0.0,0.0,0.0,0.0,269.0,45.0
SLC,OAK,SLC → OAK,1021,8.46718903036239,8.209598432908912,0.11851126346718903,0.009794319294809012,588.0,87.59255631733595
SLC,OGG,SLC → OGG,75,48.36,46.973333333333336,0.26666666666666666,0.04,2935.0,356.02666666666664
SLC,OKC,SLC → OKC,389,8.380462724935732,8.300771208226221,0.11825192802056556,0.007712082262210797,866.0,111.62982005141389
SLC,OMA,SLC → OMA,392,5.959183673469388,5.714285714285714,0.12244897959183673,0.007653061224489796,840.0,107.57142857142857
SLC,ONT,SLC → ONT,608,7.4555921052631575,7.784539473684211,0.11513157894736842,0.008223684210526315,558.0,82.12993421052632
SLC,ORD,SLC → ORD,1395,15.832974910394265,15.949820788530467,0.1878136200716846,0.015053763440860216,1250.0,152.00860215053763
SLC,PDX,SLC → PDX,1183,6.459002535925613,6.306846999154692,0.10059171597633136,0.0169061707523246,630.0,90.73203719357565
SLC,PHL,SLC → PHL,210,10.90952380952381,10.895238095238096,0.09523809523809523,0.004761904761904762,1927.0,219.73809523809524
SLC,PHX,SLC → PHX,2179,11.302891234511243,10.911886186324002,0.17072051399724644,0.015603487838458009,507.0,72.32537861404315
SLC,PIH,SLC → PIH,397,10.319899244332493,9.652392947103275,0.10327455919395466,0.0,150.0,30.602015113350127
SLC,PIT,SLC → PIT,46,11.195652173913043,8.869565217391305,0.06521739130434782,0.021739130434782608,1660.0,184.56521739130434
SLC,PSC,SLC → PSC,464,8.506465517241379,7.618534482758621,0.10991379310344827,0.017241379310344827,521.0,76.64224137931035
SLC,PSP,SLC → PSP,475,7.444210526315789,6.8442105263157895,0.1031578947368421,0.010526315789473684,541.0,81.05684210526316
SLC,RAP,SLC → RAP,105,7.561904761904762,7.076190476190476,0.12380952380952381,0.0,508.0,72.46666666666667
SLC,RDM,SLC → RDM,314,7.713375796178344,7.735668789808917,0.11146496815286625,0.012738853503184714,525.0,79.45859872611464
SLC,RDU,SLC → RDU,144,10.097222222222221,9.805555555555555,0.04861111111111111,0.013888888888888888,1823.0,207.1875
SLC,RNO,SLC → RNO,656,7.149390243902439,7.050304878048781,0.10213414634146341,0.012195121951219513,422.0,65.65396341463415
SLC,RSW,SLC → RSW,6,72.16666666666667,67.66666666666667,0.16666666666666666,0.0,1985.0,225.83333333333334
SLC,SAN,SLC → SAN,1118,9.822003577817531,9.745080500894455,0.14579606440071557,0.011627906976744186,626.0,88.58765652951699
SLC,SAT,SLC → SAT,465,8.756989247311829,9.318279569892473,0.14623655913978495,0.015053763440860216,1087.0,134.56774193548387
SLC,SBA,SLC → SBA,83,5.421686746987952,5.63855421686747,0.10843373493975904,0.0,615.0,99.19277108433735
SLC,SEA,SLC → SEA,1735,7.88299711815562,7.824783861671469,0.13256484149855907,0.013256484149855908,689.0,100.50951008645534
SLC,SFO,SLC → SFO,1555,11.177491961414791,11.715112540192926,0.17749196141479098,0.00964630225080386,599.0,97.70932475884244
SLC,SGU,SLC → SGU,606,5.732673267326732,5.65016501650165,0.0924092409240924,0.0033003300330033004,272.0,44.24917491749175
SLC,SJC,SLC → SJC,901,9.173140954495006,9.1165371809101,0.1365149833518313,0.01220865704772475,584.0,88.93451720310766
SLC,SMF,SLC → SMF,844,10.436018957345972,10.374407582938389,0.15165876777251186,0.014218009478672985,532.0,79.12203791469194
SLC,SNA,SLC → SNA,863,9.314020857473928,9.943221320973349,0.1425260718424102,0.0034762456546929316,588.0,86.90382387022017
SLC,STL,SLC → STL,510,7.770588235294118,7.7215686274509805,0.12156862745098039,0.01568627450980392,1156.0,138.41960784313724
SLC,SUN,SLC → SUN,401,6.401496259351621,7.074812967581047,0.09476309226932668,0.0024937655860349127,222.0,39.93516209476309
SLC,TPA,SLC → TPA,152,4.559210526315789,7.1644736842105265,0.17105263157894737,0.013157894736842105,1888.0,218.82236842105263
SLC,TUL,SLC → TUL,319,6.398119122257054,7.210031347962382,0.13793103448275862,0.006269592476489028,926.0,118.8934169278997
SLC,TUS,SLC → TUS,549,6.404371584699454,6.397085610200365,0.10200364298724955,0.0,601.0,88.12021857923497
SLC,TWF,SLC → TWF,373,7.8445040214477215,7.501340482573727,0.0938337801608579,0.00804289544235925,175.0,31.388739946380696
SLC,WYS,SLC → WYS,125,5.36,4.6,0.128,0.0,273.0,44.696
SLN,DEN,SLN → DEN,53,6.264150943396227,6.867924528301887,0.07547169811320754,0.03773584905660377,383.0,63.301886792452834
SLN,HYS,SLN → HYS,153,15.856209150326798,14.339869281045752,0.19607843137254902,0.058823529411764705,88.0,21.627450980392158
SLN,ORD,SLN → ORD,156,17.53205128205128,17.673076923076923,0.14743589743589744,0.019230769230769232,559.0,79.03846153846153
SMF,ATL,SMF → ATL,411,7.885644768856448,7.637469586374696,0.12408759124087591,0.009732360097323601,2092.0,233.76155717761557
SMF,AUS,SMF → AUS,177,5.406779661016949,4.84180790960452,0.096045197740113,0.01694915254237288,1481.0,172.14689265536722
SMF,BNA,SMF → BNA,6,17.833333333333332,9.5,0.16666666666666666,0.0,1917.0,221.83333333333334
SMF,BOI,SMF → BOI,295,10.979661016949153,9.901694915254238,0.16610169491525423,0.020338983050847456,437.0,63.67796610169491
SMF,BOS,SMF → BOS,34,17.529411764705884,17.08823529411765,0.2647058823529412,0.0,2636.0,298.61764705882354
SMF,BUR,SMF → BUR,1250,8.34,7.392,0.1424,0.0608,358.0,51.9632
SMF,BWI,SMF → BWI,47,4.382978723404255,3.1702127659574466,0.0425531914893617,0.06382978723404255,2395.0,256.468085106383
SMF,CLT,SMF → CLT,154,15.636363636363637,15.136363636363637,0.11688311688311688,0.01948051948051948,2244.0,250.7922077922078
SMF,DAL,SMF → DAL,163,6.96319018404908,6.429447852760736,0.12883435582822086,0.03067484662576687,1442.0,170.20245398773005
SMF,DEN,SMF → DEN,1554,9.495495495495495,9.5984555984556,0.15765765765765766,0.029601029601029602,909.0,111.85263835263835
SMF,DFW,SMF → DFW,705,17.74609929078014,17.02695035460993,0.14042553191489363,0.02695035460992908,1431.0,165.51205673758867
SMF,DTW,SMF → DTW,24,8.291666666666666,7.5,0.16666666666666666,0.125,2013.0,201.66666666666666
SMF,EWR,SMF → EWR,100,24.52,21.73,0.24,0.02,2500.0,273.85
SMF,GEG,SMF → GEG,206,12.79126213592233,10.781553398058252,0.20388349514563106,0.0048543689320388345,649.0,86.13106796116504
SMF,HNL,SMF → HNL,276,12.485507246376812,14.043478260869565,0.1956521739130435,0.007246376811594203,2462.0,313.1521739130435
SMF,HOU,SMF → HOU,73,12.424657534246576,9.726027397260275,0.2054794520547945,0.0,1624.0,193.87671232876713
SMF,IAD,SMF → IAD,109,5.7889908256880735,5.559633027522936,0.08256880733944955,0.01834862385321101,2358.0,261.1559633027523
SMF,IAH,SMF → IAH,240,4.25,3.933333333333333,0.07916666666666666,0.004166666666666667,1609.0,191.4125
SMF,JFK,SMF → JFK,128,26.484375,24.8984375,0.265625,0.015625,2521.0,282.8125
SMF,KOA,SMF → KOA,18,2.5555555555555554,4.388888888888889,0.2222222222222222,0.0,2435.0,315.05555555555554
SMF,LAS,SMF → LAS,1760,12.42159090909091,11.89090909090909,0.19261363636363638,0.038636363636363635,397.0,58.0625
SMF,LAX,SMF → LAX,2074,10.437801350048217,9.433944069431051,0.12584378013500483,0.021697203471552556,373.0,60.74493731918997
SMF,LGB,SMF → LGB,728,7.8901098901098905,6.428571428571429,0.125,0.0260989010989011,387.0,61.29807692307692
SMF,MCO,SMF → MCO,26,16.923076923076923,17.692307692307693,0.23076923076923078,0.038461538461538464,2408.0,258.46153846153845
SMF,MDW,SMF → MDW,187,14.470588235294118,12.27807486631016,0.18716577540106952,0.0213903743315508,1790.0,207.32085561497325
SMF,MSP,SMF → MSP,234,10.047008547008547,9.444444444444445,0.08974358974358974,0.004273504273504274,1517.0,177.18376068376068
SMF,OGG,SMF → OGG,312,6.211538461538462,6.916666666666667,0.15064102564102563,0.0,2404.0,308.0705128205128
SMF,ONT,SMF → ONT,913,10.039430449069004,8.437020810514786,0.14895947426067907,0.01642935377875137,390.0,57.802847754654984
SMF,ORD,SMF → ORD,458,15.733624454148472,15.076419213973798,0.14410480349344978,0.019650655021834062,1781.0,205.74235807860262
SMF,PDX,SMF → PDX,815,10.192638036809816,9.23803680981595,0.1276073619631902,0.0196319018404908,479.0,71.02208588957055
SMF,PHX,SMF → PHX,1516,10.865435356200528,10.358179419525065,0.15105540897097625,0.010554089709762533,647.0,87.50593667546174
SMF,PSP,SMF → PSP,106,10.660377358490566,10.30188679245283,0.18867924528301888,0.018867924528301886,439.0,66.44339622641509
SMF,SAN,SMF → SAN,2444,7.988543371522095,7.466857610474632,0.13747954173486088,0.026595744680851064,480.0,68.27454991816694
SMF,SBA,SMF → SBA,43,6.395348837209302,5.069767441860465,0.11627906976744186,0.0,310.0,51.395348837209305
SMF,SEA,SMF → SEA,1838,7.6066376496191515,7.4173014145810665,0.13547334058759522,0.01632208922742111,605.0,88.64472252448313
SMF,SFO,SMF → SFO,556,15.751798561151078,16.068345323741006,0.17805755395683454,0.023381294964028777,86.0,29.570143884892087
SMF,SLC,SMF → SLC,880,9.294318181818182,9.2625,0.1125,0.011363636363636364,532.0,73.97045454545454
SMF,SNA,SMF → SNA,1060,7.426415094339623,7.1,0.14622641509433962,0.022641509433962263,404.0,65.23113207547169
SMF,STL,SMF → STL,145,7.006896551724138,5.937931034482759,0.1103448275862069,0.020689655172413793,1679.0,190.12413793103448
SMX,AZA,SMX → AZA,12,16.083333333333332,15.916666666666666,0.16666666666666666,0.08333333333333333,516.0,66.5
SMX,LAS,SMX → LAS,75,45.4,47.54666666666667,0.28,0.05333333333333334,310.0,50.17333333333333
SMX,PDX,SMX → PDX,5,0.0,0.0,0.0,0.2,746.0,80.8
SNA,ASE,SNA → ASE,12,24.416666666666668,30.75,0.3333333333333333,0.08333333333333333,722.0,94.25
SNA,ATL,SNA → ATL,408,23.215686274509803,20.431372549019606,0.14215686274509803,0.012254901960784314,1919.0,215.04166666666666
SNA,AUS,SNA → AUS,164,29.329268292682926,28.475609756097562,0.3475609756097561,0.024390243902439025,1209.0,142.32926829268294
SNA,AZA,SNA → AZA,8,8.75,9.125,0.25,0.0,360.0,56.0
SNA,BNA,SNA → BNA,80,24.7375,21.3875,0.4625,0.0125,1772.0,204.4125
SNA,BOI,SNA → BOI,32,15.71875,16.40625,0.34375,0.03125,688.0,99.4375
SNA,CLT,SNA → CLT,8,0.375,0.0,0.0,0.0,2099.0,246.125
SNA,DAL,SNA → DAL,134,16.044776119402986,13.246268656716419,0.27611940298507465,0.03731343283582089,1216.0,145.6044776119403
SNA,DEN,SNA → DEN,1584,11.918560606060606,11.104166666666666,0.16161616161616163,0.03409090909090909,846.0,106.1540404040404
SNA,DFW,SNA → DFW,1280,11.6328125,10.9796875,0.15078125,0.034375,1205.0,143.7046875
SNA,DSM,SNA → DSM,11,33.54545454545455,32.27272727272727,0.45454545454545453,0.0,1428.5454545454545,174.9090909090909
SNA,DTW,SNA → DTW,81,18.703703703703702,13.197530864197532,0.20987654320987653,0.024691358024691357,1960.0,218.87654320987653
SNA,EUG,SNA → EUG,17,19.11764705882353,17.941176470588236,0.4117647058823529,0.058823529411764705,776.0,103.41176470588235
SNA,EWR,SNA → EWR,320,11.1,11.7,0.18125,0.04375,2434.0,267.7375
SNA,FSD,SNA → FSD,14,5.785714285714286,10.928571428571429,0.21428571428571427,0.0,1326.0,165.78571428571428
SNA,GEG,SNA → GEG,38,19.31578947368421,17.342105263157894,0.3157894736842105,0.0,962.0,129.21052631578948
SNA,GJT,SNA → GJT,9,7.111111111111111,8.0,0.2222222222222222,0.0,641.0,87.22222222222223
SNA,HNL,SNA → HNL,47,10.680851063829786,13.340425531914894,0.1276595744680851,0.0,2584.0,336.9148936170213
SNA,HOU,SNA → HOU,110,14.454545454545455,12.081818181818182,0.16363636363636364,0.00909090909090909,1357.0,160.4181818181818
SNA,IAH,SNA → IAH,533,9.187617260787993,9.5140712945591,0.1200750469043152,0.0150093808630394,1346.0,160.58161350844279
SNA,IDA,SNA → IDA,14,29.071428571428573,28.428571428571427,0.2857142857142857,0.14285714285714285,747.0,87.0
SNA,JFK,SNA → JFK,75,6.466666666666667,6.44,0.10666666666666667,0.0,2454.0,289.73333333333335
SNA,LAS,SNA → LAS,1718,11.912689173457508,11.39464493597206,0.18160651920838183,0.040162980209545986,226.0,42.82013969732247
SNA,MCI,SNA → MCI,10,11.5,16.3,0.5,0.0,1342.0,169.2
SNA,MDW,SNA → MDW,68,11.617647058823529,8.191176470588236,0.1323529411764706,0.0,1731.0,206.22058823529412
SNA,MFR,SNA → MFR,26,19.423076923076923,25.153846153846153,0.46153846153846156,0.038461538461538464,659.0,95.5
SNA,MSO,SNA → MSO,16,22.8125,31.875,0.5,0.0,935.0,136.0
SNA,MSP,SNA → MSP,315,9.263492063492064,8.917460317460318,0.13968253968253969,0.009523809523809525,1522.0,183.8984126984127
SNA,OAK,SNA → OAK,1156,9.607266435986158,7.7543252595155705,0.15484429065743946,0.02162629757785467,371.0,60.232698961937714
SNA,ORD,SNA → ORD,919,10.179542981501632,9.754080522306856,0.12404787812840043,0.02720348204570185,1726.0,202.18715995647443
SNA,PAE,SNA → PAE,80,15.1625,16.375,0.15,0.0125,1008.0,148.9125
SNA,PDX,SNA → PDX,452,6.019911504424779,6.725663716814159,0.09955752212389381,0.028761061946902654,859.0,121.95796460176992
SNA,PHX,SNA → PHX,1742,11.618254879448909,10.791618828932261,0.1653272101033295,0.02525832376578645,338.0,51.96440872560276
SNA,PVU,SNA → PVU,58,64.05172413793103,63.56896551724138,0.5,0.06896551724137931,565.0,73.65517241379311
SNA,RNO,SNA → RNO,14,11.857142857142858,11.142857142857142,0.2857142857142857,0.14285714285714285,415.0,54.42857142857143
SNA,SAT,SNA → SAT,7,10.142857142857142,5.142857142857143,0.14285714285714285,0.0,1177.0,132.57142857142858
SNA,SEA,SNA → SEA,1434,8.161785216178522,9.07112970711297,0.13807531380753138,0.02301255230125523,978.0,139.58716875871687
SNA,SFO,SNA → SFO,1458,9.62962962962963,10.664609053497943,0.14540466392318244,0.019204389574759947,372.0,62.25857338820302
SNA,SJC,SNA → SJC,1445,7.653979238754325,6.496193771626298,0.1342560553633218,0.02629757785467128,342.0,55.458131487889275
SNA,SLC,SNA → SLC,869,13.563866513233602,12.96547756041427,0.15535097813578827,0.011507479861910242,588.0,84.35558112773303
SNA,SMF,SNA → SMF,992,9.86491935483871,8.540322580645162,0.16834677419354838,0.03528225806451613,404.0,65.49697580645162
SNA,STL,SNA → STL,34,10.823529411764707,7.911764705882353,0.17647058823529413,0.0,1569.0,184.23529411764707
SNA,STS,SNA → STS,113,7.575221238938053,10.548672566371682,0.19469026548672566,0.017699115044247787,433.0,74.15044247787611
SPI,AZA,SPI → AZA,9,16.88888888888889,15.88888888888889,0.3333333333333333,0.0,1299.0,183.66666666666666
SPI,DFW,SPI → DFW,253,9.699604743083004,12.047430830039525,0.2015810276679842,0.023715415019762844,630.0,97.85770750988142
SPI,ORD,SPI → ORD,159,12.786163522012579,13.522012578616351,0.11320754716981132,0.09433962264150944,174.0,34.522012578616355
SPI,PGD,SPI → PGD,47,43.91489361702128,47.53191489361702,0.48936170212765956,0.02127659574468085,994.0,123.91489361702128
SPN,GUM,SPN → GUM,169,4.449704142011834,4.733727810650888,0.0650887573964497,0.005917159763313609,129.0,26.366863905325445
SPS,DFW,SPS → DFW,520,12.486538461538462,13.411538461538461,0.16538461538461538,0.04038461538461539,113.0,25.342307692307692
SRQ,ABE,SRQ → ABE,33,28.333333333333332,28.636363636363637,0.24242424242424243,0.09090909090909091,1000.0,124.27272727272727
SRQ,ATL,SRQ → ATL,1062,7.795668549905838,8.038606403013183,0.1007532956685499,0.01977401129943503,444.0,70.28907721280602
SRQ,ATW,SRQ → ATW,11,24.545454545454547,36.36363636363637,0.5454545454545454,0.0,1209.0,166.72727272727272
SRQ,AUS,SRQ → AUS,24,7.0,6.125,0.041666666666666664,0.0,936.0,130.54166666666666
SRQ,AVL,SRQ → AVL,41,16.658536585365855,16.975609756097562,0.2926829268292683,0.07317073170731707,554.0,71.2439024390244
SRQ,BLV,SRQ → BLV,35,5.6571428571428575,5.6,0.08571428571428572,0.02857142857142857,876.0,117.37142857142857
SRQ,BNA,SRQ → BNA,248,15.754032258064516,16.467741935483872,0.23387096774193547,0.020161290322580645,648.0,93.70161290322581
SRQ,BOS,SRQ → BOS,145,24.16551724137931,25.944827586206898,0.2206896551724138,0.013793103448275862,1220.0,155.94482758620688
SRQ,BWI,SRQ → BWI,352,14.579545454545455,13.946022727272727,0.17613636363636365,0.028409090909090908,880.0,115.09943181818181
SRQ,CAK,SRQ → CAK,19,3.5789473684210527,5.052631578947368,0.05263157894736842,0.05263157894736842,934.0,117.52631578947368
SRQ,CID,SRQ → CID,11,1.4545454545454546,0.5454545454545454,0.0,0.0,1125.0,153.27272727272728
SRQ,CLE,SRQ → CLE,62,21.693548387096776,23.048387096774192,0.3387096774193548,0.03225806451612903,967.0,122.30645161290323
SRQ,CLT,SRQ → CLT,678,10.932153392330383,10.489675516224189,0.1504424778761062,0.04129793510324484,547.0,79.5117994100295
SRQ,CMH,SRQ → CMH,39,7.17948717948718,5.153846153846154,0.1794871794871795,0.0,869.0,116.12820512820512
SRQ,CVG,SRQ → CVG,112,28.223214285714285,33.392857142857146,0.41964285714285715,0.03571428571428571,812.0,108.9375
SRQ,DAL,SRQ → DAL,46,16.434782608695652,14.41304347826087,0.15217391304347827,0.08695652173913043,934.0,124.78260869565217
SRQ,DCA,SRQ → DCA,197,12.243654822335026,13.076142131979696,0.17258883248730963,0.015228426395939087,851.0,116.22335025380711
SRQ,DEN,SRQ → DEN,63,20.952380952380953,24.26984126984127,0.36507936507936506,0.0,1531.0,218.15873015873015
SRQ,DFW,SRQ → DFW,190,14.98421052631579,15.847368421052632,0.28421052631578947,0.05263157894736842,945.0,137.62105263157895
SRQ,DSM,SRQ → DSM,26,10.461538461538462,10.461538461538462,0.15384615384615385,0.038461538461538464,1160.0,152.26923076923077
SRQ,DTW,SRQ → DTW,47,9.340425531914894,8.872340425531915,0.10638297872340426,0.02127659574468085,1022.0,134.85106382978722
SRQ,EWR,SRQ → EWR,422,19.526066350710902,21.680094786729857,0.2772511848341232,0.04976303317535545,1034.0,132.92417061611374
SRQ,FNT,SRQ → FNT,41,18.804878048780488,23.4390243902439,0.3902439024390244,0.0,1075.0,148.78048780487805
SRQ,FWA,SRQ → FWA,38,3.026315789473684,5.7105263157894735,0.15789473684210525,0.10526315789473684,948.0,115.60526315789474
SRQ,GRR,SRQ → GRR,60,24.566666666666666,25.6,0.26666666666666666,0.0,1080.0,141.5
SRQ,HOU,SRQ → HOU,93,14.709677419354838,12.623655913978494,0.22580645161290322,0.010752688172043012,789.0,115.43010752688173
SRQ,IAD,SRQ → IAD,160,14.29375,15.30625,0.18125,0.00625,849.0,114.80625
SRQ,IAH,SRQ → IAH,36,18.916666666666668,26.63888888888889,0.3611111111111111,0.0,796.0,136.69444444444446
SRQ,IND,SRQ → IND,135,18.08888888888889,18.644444444444446,0.2962962962962963,0.02962962962962963,876.0,116.4888888888889
SRQ,JFK,SRQ → JFK,150,36.66,35.56666666666667,0.35333333333333333,0.02666666666666667,1041.0,134.2
SRQ,LCK,SRQ → LCK,51,9.784313725490197,12.450980392156863,0.23529411764705882,0.0392156862745098,856.0,111.3921568627451
SRQ,LGA,SRQ → LGA,211,28.43127962085308,29.691943127962084,0.27014218009478674,0.018957345971563982,1047.0,136.0521327014218
SRQ,MCI,SRQ → MCI,5,4.0,0.4,0.0,0.0,1078.0,148.8
SRQ,MCO,SRQ → MCO,5,0.0,12.8,0.2,0.0,104.0,40.8
SRQ,MDT,SRQ → MDT,51,9.470588235294118,9.568627450980392,0.1568627450980392,0.0196078431372549,942.0,122.3529411764706
SRQ,MDW,SRQ → MDW,130,14.076923076923077,13.446153846153846,0.19230769230769232,0.007692307692307693,1035.0,142.4923076923077
SRQ,MKE,SRQ → MKE,6,5.833333333333333,3.8333333333333335,0.16666666666666666,0.0,1113.0,146.16666666666666
SRQ,MSP,SRQ → MSP,57,20.719298245614034,21.82456140350877,0.24561403508771928,0.03508771929824561,1342.0,182.43859649122808
SRQ,ORD,SRQ → ORD,392,27.65561224489796,28.403061224489797,0.23214285714285715,0.02040816326530612,1050.0,149.0076530612245
SRQ,PHL,SRQ → PHL,135,16.644444444444446,16.340740740740742,0.18518518518518517,0.044444444444444446,957.0,126.57777777777778
SRQ,PIA,SRQ → PIA,18,14.333333333333334,16.77777777777778,0.2222222222222222,0.05555555555555555,1001.0,128.77777777777777
SRQ,PIT,SRQ → PIT,111,16.243243243243242,15.117117117117116,0.23423423423423423,0.02702702702702703,912.0,117.55855855855856
SRQ,RFD,SRQ → RFD,20,7.15,9.55,0.2,0.0,1085.0,147.75
SRQ,RIC,SRQ → RIC,39,11.128205128205128,11.974358974358974,0.1794871794871795,0.07692307692307693,760.0,95.97435897435898
SRQ,SBN,SRQ → SBN,24,14.416666666666666,14.916666666666666,0.25,0.0,1009.0,133.95833333333334
SRQ,SDF,SRQ → SDF,21,19.238095238095237,20.0,0.23809523809523808,0.047619047619047616,765.0,103.0
SRQ,STL,SRQ → STL,66,9.530303030303031,9.303030303030303,0.16666666666666666,0.015151515151515152,903.0,124.60606060606061
SRQ,SYR,SRQ → SYR,42,20.976190476190474,22.642857142857142,0.23809523809523808,0.0,1142.0,147.57142857142858
SRQ,TTN,SRQ → TTN,6,37.666666666666664,30.333333333333332,0.3333333333333333,0.0,992.0,128.0
SRQ,TUL,SRQ → TUL,11,0.9090909090909091,0.9090909090909091,0.0,0.09090909090909091,990.0,132.45454545454547
SRQ,TYS,SRQ → TYS,28,5.464285714285714,5.607142857142857,0.07142857142857142,0.07142857142857142,586.0,76.53571428571429
SRQ,USA,SRQ → USA,3,0.0,0.0,0.0,0.0,561.0,82.0
STC,AZA,STC → AZA,37,11.18918918918919,9.91891891891892,0.16216216216216217,0.08108108108108109,1259.0,155.1081081081081
STC,PGD,STC → PGD,13,15.692307692307692,20.076923076923077,0.23076923076923078,0.07692307692307693,1447.0,164.84615384615384
STL,ATL,STL → ATL,1487,8.56960322797579,7.9307330195023535,0.12441156691324814,0.01815736381977135,484.0,67.06792199058508
STL,AUS,STL → AUS,464,8.170258620689655,7.553879310344827,0.1314655172413793,0.034482758620689655,721.0,100.23275862068965
STL,BDL,STL → BDL,53,12.30188679245283,8.452830188679245,0.1320754716981132,0.03773584905660377,957.0,111.43396226415095
STL,BNA,STL → BNA,533,9.887429643527204,7.810506566604127,0.150093808630394,0.016885553470919325,272.0,43.41463414634146
STL,BOS,STL → BOS,489,15.76278118609407,14.525562372188139,0.1901840490797546,0.03885480572597137,1047.0,124.39877300613497
STL,BWI,STL → BWI,483,13.320910973084887,11.428571428571429,0.19047619047619047,0.037267080745341616,738.0,91.7432712215321
STL,CHS,STL → CHS,14,10.714285714285714,7.357142857142857,0.14285714285714285,0.0,706.0,92.92857142857143
STL,CLE,STL → CLE,247,10.206477732793521,7.963562753036437,0.1659919028340081,0.032388663967611336,487.0,65.6923076923077
STL,CLT,STL → CLT,938,13.118336886993603,13.091684434968018,0.15671641791044777,0.02025586353944563,575.0,80.76226012793177
STL,CMH,STL → CMH,190,10.157894736842104,7.689473684210526,0.14210526315789473,0.02631578947368421,409.0,57.43684210526316
STL,CVG,STL → CVG,25,15.44,14.2,0.08,0.04,308.0,48.12
STL,DAL,STL → DAL,839,12.100119189511323,10.758045292014303,0.1871275327771156,0.04290822407628129,546.0,78.20262216924911
STL,DCA,STL → DCA,986,12.98580121703854,13.081135902636916,0.19168356997971603,0.04462474645030426,719.0,91.23022312373224
STL,DEN,STL → DEN,1578,15.82509505703422,16.09505703422053,0.21229404309252217,0.03485424588086185,770.0,112.85678073510773
STL,DFW,STL → DFW,1069,16.664172123479887,17.54911131898971,0.1796071094480823,0.03928905519176801,550.0,81.90645463049579
STL,DSM,STL → DSM,282,13.98936170212766,11.361702127659575,0.1950354609929078,0.02127659574468085,259.0,43.641843971631204
STL,DTW,STL → DTW,751,13.59520639147803,12.933422103861519,0.12916111850865514,0.02929427430093209,440.0,62.87749667110519
STL,ECP,STL → ECP,134,6.544776119402985,5.7835820895522385,0.13432835820895522,0.014925373134328358,634.0,84.23880597014926
STL,EWR,STL → EWR,337,20.465875370919882,20.258160237388726,0.26409495548961426,0.05637982195845697,872.0,109.18991097922849
STL,FLL,STL → FLL,393,10.750636132315522,9.229007633587786,0.14249363867684478,0.03307888040712468,1057.0,132.53435114503816
STL,HOU,STL → HOU,540,8.875925925925927,7.787037037037037,0.14629629629629629,0.03148148148148148,687.0,100.14444444444445
STL,IAD,STL → IAD,31,5.483870967741935,5.0,0.03225806451612903,0.0,696.0,95.2258064516129
STL,IAH,STL → IAH,486,11.82716049382716,13.833333333333334,0.1728395061728395,0.02263374485596708,667.0,104.65843621399176
STL,ICT,STL → ICT,298,11.496644295302014,9.083892617449665,0.12751677852348994,0.013422818791946308,392.0,61.58389261744966
STL,IND,STL → IND,9,0.0,0.6666666666666666,0.0,0.0,229.0,41.77777777777778
STL,JAX,STL → JAX,72,16.958333333333332,13.055555555555555,0.2638888888888889,0.027777777777777776,753.0,93.31944444444444
STL,LAS,STL → LAS,852,15.320422535211268,13.693661971830986,0.2335680751173709,0.03755868544600939,1371.0,180.39906103286384
STL,LAX,STL → LAX,562,16.183274021352315,14.42526690391459,0.20462633451957296,0.026690391459074734,1592.0,209.5711743772242
STL,LGA,STL → LGA,1527,13.7079240340537,13.533726260641782,0.18140144073346431,0.04060248853962017,888.0,111.55337262606417
STL,LGB,STL → LGB,96,11.21875,10.979166666666666,0.21875,0.010416666666666666,1581.0,211.86458333333334
STL,LIT,STL → LIT,283,15.081272084805654,13.074204946996467,0.24028268551236748,0.01060070671378092,296.0,46.87632508833922
STL,MCI,STL → MCI,427,9.873536299765808,7.840749414519906,0.16393442622950818,0.02810304449648712,237.0,42.43559718969555
STL,MCO,STL → MCO,1046,12.532504780114722,12.179732313575526,0.18164435946462715,0.040152963671128104,882.0,110.18738049713193
STL,MDW,STL → MDW,897,10.2396878483835,8.363433667781495,0.13043478260869565,0.06020066889632107,251.0,41.021181716833894
STL,MIA,STL → MIA,367,11.670299727520437,12.122615803814714,0.17166212534059946,0.01634877384196185,1068.0,136.66485013623978
STL,MKE,STL → MKE,257,11.696498054474707,9.494163424124514,0.19455252918287938,0.027237354085603113,317.0,49.19455252918288
STL,MSP,STL → MSP,903,10.106312292358805,10.06312292358804,0.13732004429678848,0.0221483942414175,448.0,70.11849390919159
STL,MSY,STL → MSY,219,10.648401826484019,10.214611872146119,0.182648401826484,0.0273972602739726,604.0,81.27853881278538
STL,MYR,STL → MYR,7,5.285714285714286,4.142857142857143,0.0,0.0,728.0,92.14285714285714
STL,OAK,STL → OAK,66,15.43939393939394,11.621212121212121,0.25757575757575757,0.06060606060606061,1725.0,216.3181818181818
STL,OKC,STL → OKC,237,14.514767932489452,12.80168776371308,0.25738396624472576,0.012658227848101266,462.0,69.89873417721519
STL,OMA,STL → OMA,324,13.08641975308642,9.92283950617284,0.1882716049382716,0.040123456790123455,342.0,52.81172839506173
STL,ORD,STL → ORD,1033,18.173281703775412,19.047434656340755,0.18973862536302033,0.03291384317521781,258.0,47.86156824782188
STL,PBI,STL → PBI,12,14.583333333333334,11.5,0.16666666666666666,0.0,1023.0,131.75
STL,PDX,STL → PDX,85,10.235294117647058,7.458823529411765,0.15294117647058825,0.011764705882352941,1708.0,227.4
STL,PHL,STL → PHL,716,11.001396648044693,10.652234636871508,0.1424581005586592,0.04329608938547486,814.0,101.06564245810056
STL,PHX,STL → PHX,872,13.903669724770642,12.660550458715596,0.16055045871559634,0.021788990825688075,1262.0,173.58256880733944
STL,PIT,STL → PIT,134,11.656716417910447,10.007462686567164,0.1791044776119403,0.014925373134328358,554.0,71.7089552238806
STL,PNS,STL → PNS,61,8.524590163934427,7.918032786885246,0.14754098360655737,0.08196721311475409,598.0,77.11475409836065
STL,PVD,STL → PVD,1,0.0,0.0,0.0,0.0,1020.0,127.0
STL,RDU,STL → RDU,205,10.521951219512195,8.497560975609757,0.16097560975609757,0.04390243902439024,667.0,84.63414634146342
STL,RSW,STL → RSW,396,11.227272727272727,10.146464646464647,0.16666666666666666,0.03535353535353535,979.0,122.48484848484848
STL,SAN,STL → SAN,220,11.754545454545454,10.418181818181818,0.23636363636363636,0.01818181818181818,1557.0,210.28636363636363
STL,SAT,STL → SAT,164,11.548780487804878,8.542682926829269,0.17073170731707318,0.024390243902439025,786.0,109.59146341463415
STL,SAV,STL → SAV,2,100.0,96.0,0.5,0.0,689.0,93.0
STL,SEA,STL → SEA,328,10.021341463414634,9.167682926829269,0.17073170731707318,0.012195121951219513,1709.0,233.53963414634146
STL,SFO,STL → SFO,118,16.728813559322035,17.74576271186441,0.211864406779661,0.03389830508474576,1735.0,232.11864406779662
STL,SJC,STL → SJC,94,13.457446808510639,11.074468085106384,0.20212765957446807,0.05319148936170213,1715.0,221.01063829787233
STL,SJU,STL → SJU,11,9.454545454545455,6.545454545454546,0.2727272727272727,0.0,2024.0,240.27272727272728
STL,SLC,STL → SLC,525,7.902857142857143,7.632380952380952,0.10285714285714286,0.007619047619047619,1156.0,167.44380952380953
STL,SMF,STL → SMF,150,12.58,10.42,0.2,0.02666666666666667,1679.0,223.42
STL,SNA,STL → SNA,34,21.61764705882353,21.794117647058822,0.29411764705882354,0.029411764705882353,1569.0,205.08823529411765
STL,SRQ,STL → SRQ,72,8.875,7.777777777777778,0.16666666666666666,0.0,903.0,118.375
STL,TPA,STL → TPA,405,8.25432098765432,6.920987654320988,0.14814814814814814,0.044444444444444446,869.0,107.7925925925926
STL,TUL,STL → TUL,269,11.684014869888475,9.58364312267658,0.16356877323420074,0.01486988847583643,351.0,55.21189591078067
STL,VPS,STL → VPS,16,10.875,9.8125,0.25,0.0,610.0,83.5625
STS,BUR,STS → BUR,58,15.224137931034482,15.741379310344827,0.15517241379310345,0.0,387.0,58.5
STS,DEN,STS → DEN,39,6.410256410256411,8.512820512820513,0.1282051282051282,0.10256410256410256,977.0,118.61538461538461
STS,DFW,STS → DFW,105,25.82857142857143,27.095238095238095,0.2571428571428571,0.0,1495.0,183.64761904761906
STS,LAX,STS → LAX,328,5.932926829268292,6.987804878048781,0.11585365853658537,0.027439024390243903,400.0,61.451219512195124
STS,PDX,STS → PDX,114,12.982456140350877,14.12280701754386,0.14912280701754385,0.0,489.0,77.42105263157895
STS,PHX,STS → PHX,207,12.72463768115942,12.845410628019323,0.1932367149758454,0.01932367149758454,699.0,95.2463768115942
STS,SAN,STS → SAN,197,6.873096446700508,8.65989847715736,0.1218274111675127,0.02030456852791878,508.0,72.42639593908629
STS,SEA,STS → SEA,202,7.48019801980198,9.252475247524753,0.13366336633663367,0.024752475247524754,618.0,92.26237623762377
STS,SFO,STS → SFO,93,4.580645161290323,4.612903225806452,0.06451612903225806,0.10752688172043011,66.0,20.591397849462364
STS,SNA,STS → SNA,121,5.181818181818182,6.652892561983471,0.1322314049586777,0.0,433.0,70.65289256198348
STT,ATL,STT → ATL,317,7.3249211356466875,7.586750788643533,0.13564668769716087,0.01892744479495268,1599.0,208.14195583596214
STT,BOS,STT → BOS,33,23.272727272727273,20.606060606060606,0.24242424242424243,0.0,1693.0,229.96969696969697
STT,CLT,STT → CLT,201,20.16915422885572,19.71144278606965,0.09950248756218906,0.0,1520.0,209.06965174129354
STT,DFW,STT → DFW,39,12.871794871794872,14.41025641025641,0.20512820512820512,0.02564102564102564,2225.0,287.9230769230769
STT,EWR,STT → EWR,157,15.713375796178344,17.388535031847134,0.20382165605095542,0.012738853503184714,1634.0,227.8535031847134
STT,FLL,STT → FLL,152,12.526315789473685,12.144736842105264,0.21052631578947367,0.039473684210526314,1107.0,142.22368421052633
STT,IAD,STT → IAD,91,6.175824175824176,6.197802197802198,0.13186813186813187,0.01098901098901099,1606.0,220.13186813186815
STT,IAH,STT → IAH,62,11.870967741935484,13.903225806451612,0.1935483870967742,0.0,2070.0,278.06451612903226
STT,JFK,STT → JFK,201,12.154228855721392,14.980099502487562,0.20398009950248755,0.014925373134328358,1623.0,216.45771144278606
STT,MCO,STT → MCO,111,21.954954954954953,22.72972972972973,0.3153153153153153,0.02702702702702703,1246.0,166.33333333333334
STT,MIA,STT → MIA,429,16.382284382284382,17.102564102564102,0.15151515151515152,0.006993006993006993,1107.0,148.66666666666666
STT,MSP,STT → MSP,6,65.0,55.5,0.3333333333333333,0.0,2449.0,328.8333333333333
STT,ORD,STT → ORD,42,10.428571428571429,9.571428571428571,0.14285714285714285,0.07142857142857142,2115.190476190476,267.5238095238095
STT,PHL,STT → PHL,74,17.87837837837838,17.56756756756757,0.12162162162162163,0.04054054054054054,1605.0,215.3918918918919
STT,SJU,STT → SJU,264,24.776515151515152,24.46212121212121,0.25757575757575757,0.03409090909090909,68.0,19.859848484848484
STT,STX,STT → STX,2,0.5,6.0,0.0,0.0,45.0,14.0
STX,ATL,STX → ATL,75,9.586666666666666,9.12,0.18666666666666668,0.02666666666666667,1638.0,214.46666666666667
STX,CLT,STX → CLT,44,3.2045454545454546,3.090909090909091,0.06818181818181818,0.0,1562.0,213.3181818181818
STX,FLL,STX → FLL,132,15.424242424242424,15.93939393939394,0.21212121212121213,0.0,1140.0,154.03030303030303
STX,MIA,STX → MIA,294,6.023809523809524,7.214285714285714,0.14625850340136054,0.003401360544217687,1139.0,153.60544217687075
STX,SJU,STX → SJU,1,0.0,0.0,0.0,0.0,94.0,21.0
SUN,DEN,SUN → DEN,136,19.86764705882353,21.610294117647058,0.20588235294117646,0.07352941176470588,557.0,75.22058823529412
SUN,LAX,SUN → LAX,92,6.3478260869565215,7.521739130434782,0.13043478260869565,0.07608695652173914,696.0,105.31521739130434
SUN,ORD,SUN → ORD,30,76.86666666666666,83.2,0.43333333333333335,0.03333333333333333,1341.0,159.33333333333334
SUN,SEA,SUN → SEA,46,13.347826086956522,11.978260869565217,0.1956521739130435,0.021739130434782608,475.0,90.93478260869566
SUN,SFO,SUN → SFO,81,14.851851851851851,14.617283950617283,0.16049382716049382,0.07407407407407407,587.0,93.58024691358025
SUN,SLC,SUN → SLC,409,11.63080684596577,13.01955990220049,0.09046454767726161,0.05623471882640587,222.0,36.97310513447433
SUX,DEN,SUX → DEN,97,27.896907216494846,24.587628865979383,0.1958762886597938,0.0,466.0,76.62886597938144
SUX,DFW,SUX → DFW,64,5.1875,7.1875,0.171875,0.03125,657.0,99.96875
SUX,LBF,SUX → LBF,8,0.0,0.125,0.0,0.0,239.0,44.875
SUX,ORD,SUX → ORD,286,13.227272727272727,15.05944055944056,0.1853146853146853,0.06293706293706294,436.0,62.83216783216783
SWF,ATL,SWF → ATL,12,19.25,15.916666666666666,0.4166666666666667,0.0,783.0,114.58333333333333
SWF,DTW,SWF → DTW,79,24.544303797468356,23.860759493670887,0.1518987341772152,0.012658227848101266,479.0,81.48101265822785
SWF,FLL,SWF → FLL,54,45.111111111111114,43.22222222222222,0.35185185185185186,0.07407407407407407,1118.0,149.27777777777777
SWF,MCO,SWF → MCO,73,44.16438356164384,42.75342465753425,0.3424657534246575,0.0410958904109589,989.0,145.2054794520548
SWF,MIA,SWF → MIA,4,22.5,45.0,0.75,0.0,1139.0,187.0
SWF,MYR,SWF → MYR,31,13.935483870967742,15.290322580645162,0.16129032258064516,0.12903225806451613,601.0,84.51612903225806
SWF,PGD,SWF → PGD,52,32.05769230769231,36.25,0.3269230769230769,0.019230769230769232,1101.0,158.44230769230768
SWF,PIE,SWF → PIE,52,11.25,11.903846153846153,0.19230769230769232,0.019230769230769232,1055.0,152.01923076923077
SWF,RDU,SWF → RDU,5,0.0,7.6,0.2,0.2,463.0,68.2
SWF,SAV,SWF → SAV,9,8.11111111111111,17.666666666666668,0.5555555555555556,0.0,756.0,120.11111111111111
SWF,SFB,SWF → SFB,37,10.0,10.567567567567568,0.13513513513513514,0.08108108108108109,965.0,132.45945945945945
SWF,TPA,SWF → TPA,7,39.714285714285715,14.857142857142858,0.2857142857142857,0.0,1047.0,142.57142857142858
SWO,DFW,SWO → DFW,326,8.846625766871165,10.02760736196319,0.10429447852760736,0.03987730061349693,225.0,41.76687116564417
SYR,ALB,SYR → ALB,1,0.0,0.0,0.0,0.0,120.0,26.0
SYR,ATL,SYR → ATL,458,12.862445414847162,11.945414847161572,0.12663755458515283,0.015283842794759825,794.0,111.51310043668123
SYR,BNA,SYR → BNA,50,9.86,12.32,0.18,0.08,741.0,100.76
SYR,BOS,SYR → BOS,97,1.7010309278350515,2.8762886597938144,0.05154639175257732,0.1134020618556701,265.0,39.29896907216495
SYR,BWI,SYR → BWI,198,8.707070707070708,7.606060606060606,0.16161616161616163,0.015151515151515152,273.0,51.9040404040404
SYR,CLT,SYR → CLT,523,12.62906309751434,12.632887189292543,0.14340344168260039,0.0248565965583174,603.0,96.65200764818356
SYR,DCA,SYR → DCA,370,8.82972972972973,9.643243243243242,0.15135135135135136,0.032432432432432434,298.0,58.851351351351354
SYR,DEN,SYR → DEN,133,11.390977443609023,12.180451127819548,0.18045112781954886,0.022556390977443608,1492.0,207.0
SYR,DFW,SYR → DFW,67,10.970149253731343,11.835820895522389,0.16417910447761194,0.029850746268656716,1336.0,183.7910447761194
SYR,DTW,SYR → DTW,540,11.809259259259258,12.116666666666667,0.11481481481481481,0.003703703703703704,374.0,63.12407407407407
SYR,EWR,SYR → EWR,144,15.07638888888889,17.26388888888889,0.2013888888888889,0.09027777777777778,195.0,37.638888888888886
SYR,FLL,SYR → FLL,59,25.050847457627118,28.050847457627118,0.3898305084745763,0.05084745762711865,1197.0,155.67796610169492
SYR,IAD,SYR → IAD,149,10.993288590604028,11.906040268456376,0.08053691275167785,0.040268456375838924,296.0,52.36241610738255
SYR,JFK,SYR → JFK,600,9.463333333333333,9.783333333333333,0.135,0.05,209.0,45.29
SYR,LGA,SYR → LGA,344,10.563953488372093,11.084302325581396,0.12209302325581395,0.05813953488372093,198.0,39.93895348837209
SYR,MCO,SYR → MCO,252,22.956349206349206,21.400793650793652,0.27380952380952384,0.031746031746031744,1053.0,140.25396825396825
SYR,MIA,SYR → MIA,8,0.0,0.875,0.0,0.125,1217.0,146.625
SYR,MSP,SYR → MSP,21,1.5714285714285714,2.0,0.047619047619047616,0.0,860.0,134.42857142857142
SYR,MYR,SYR → MYR,13,28.0,27.76923076923077,0.3076923076923077,0.0,668.0,91.53846153846153
SYR,ORD,SYR → ORD,735,10.959183673469388,11.5578231292517,0.16054421768707483,0.061224489795918366,607.0,92.19319727891157
SYR,PGD,SYR → PGD,25,27.68,28.48,0.32,0.04,1164.0,152.72
SYR,PHL,SYR → PHL,134,10.111940298507463,12.462686567164178,0.15671641791044777,0.029850746268656716,228.0,46.365671641791046
SYR,PIE,SYR → PIE,88,13.079545454545455,16.738636363636363,0.22727272727272727,0.03409090909090909,1111.0,146.79545454545453
SYR,RDU,SYR → RDU,24,17.333333333333332,14.5,0.125,0.0,519.0,77.875
SYR,RSW,SYR → RSW,37,47.810810810810814,46.16216216216216,0.40540540540540543,0.02702702702702703,1186.0,161.78378378378378
SYR,SFB,SYR → SFB,70,22.514285714285716,23.985714285714284,0.3142857142857143,0.02857142857142857,1029.0,138.9857142857143
SYR,SRQ,SYR → SRQ,50,26.02,28.84,0.34,0.02,1142.0,152.14
SYR,TPA,SYR → TPA,25,13.08,11.08,0.24,0.04,1104.0,145.64
TBN,DEC,TBN → DEC,29,5.896551724137931,3.1724137931034484,0.034482758620689655,0.034482758620689655,228.0,38.689655172413794
TBN,ORD,TBN → ORD,38,7.131578947368421,7.052631578947368,0.05263157894736842,0.05263157894736842,369.0,57.68421052631579
TLH,ATL,TLH → ATL,872,8.905963302752294,8.85894495412844,0.12155963302752294,0.010321100917431193,223.0,43.57339449541284
TLH,CLT,TLH → CLT,530,13.828301886792453,13.383018867924529,0.15283018867924528,0.020754716981132074,386.0,60.533962264150944
TLH,DCA,TLH → DCA,150,7.16,8.82,0.14,0.04666666666666667,716.0,93.95333333333333
TLH,DFW,TLH → DFW,433,15.672055427251733,15.831408775981524,0.14318706697459585,0.03464203233256351,767.0,112.55889145496536
TLH,IAH,TLH → IAH,29,16.275862068965516,16.620689655172413,0.20689655172413793,0.034482758620689655,658.0,106.13793103448276
TLH,MIA,TLH → MIA,452,11.761061946902656,12.035398230088495,0.168141592920354,0.01327433628318584,402.0,61.85176991150443
TOL,AZA,TOL → AZA,9,6.444444444444445,14.333333333333334,0.2222222222222222,0.0,1625.0,228.88888888888889
TOL,CLT,TOL → CLT,98,17.653061224489797,16.357142857142858,0.14285714285714285,0.02040816326530612,466.0,71.5
TOL,ORD,TOL → ORD,238,10.57563025210084,9.777310924369749,0.13025210084033614,0.0546218487394958,213.0,44.03781512605042
TOL,PGD,TOL → PGD,63,17.428571428571427,20.476190476190474,0.3492063492063492,0.047619047619047616,1016.0,129.57142857142858
TOL,PIE,TOL → PIE,72,18.38888888888889,18.875,0.2638888888888889,0.027777777777777776,945.0,120.51388888888889
TOL,SFB,TOL → SFB,59,31.677966101694917,31.71186440677966,0.3050847457627119,0.06779661016949153,895.0,109.76271186440678
TOL,VPS,TOL → VPS,2,7.0,3.5,0.0,0.0,780.0,101.5
TPA,ACY,TPA → ACY,159,13.226415094339623,12.553459119496855,0.16352201257861634,0.031446540880503145,913.0,115.18238993710692
TPA,ALB,TPA → ALB,107,9.925233644859814,10.08411214953271,0.1588785046728972,0.06542056074766354,1130.0,136.7570093457944
TPA,ATL,TPA → ATL,2895,10.30777202072539,10.198272884283247,0.14058721934369603,0.020379965457685664,406.0,64.1720207253886
TPA,AUS,TPA → AUS,405,13.335802469135803,13.832098765432098,0.2074074074074074,0.019753086419753086,928.0,132.0074074074074
TPA,AVL,TPA → AVL,18,10.444444444444445,10.722222222222221,0.2222222222222222,0.0,514.0,76.5
TPA,BDL,TPA → BDL,402,18.370646766169155,17.554726368159205,0.236318407960199,0.0472636815920398,1111.0,135.28855721393035
TPA,BHM,TPA → BHM,165,9.933333333333334,10.345454545454546,0.15757575757575756,0.012121212121212121,459.0,67.76969696969697
TPA,BMI,TPA → BMI,3,1.6666666666666667,32.666666666666664,0.3333333333333333,0.0,935.0,138.66666666666666
TPA,BNA,TPA → BNA,780,12.152564102564103,11.305128205128206,0.16794871794871793,0.029487179487179487,612.0,86.80897435897435
TPA,BOS,TPA → BOS,1067,18.701968134957827,17.706654170571696,0.20618556701030927,0.028116213683223992,1185.0,148.39550140581068
TPA,BQN,TPA → BQN,5,5.2,6.8,0.2,0.0,1175.0,151.0
TPA,BUF,TPA → BUF,318,10.930817610062894,9.518867924528301,0.16981132075471697,0.03459119496855346,1053.0,132.22327044025158
TPA,BWI,TPA → BWI,1294,10.044822256568779,9.088098918083462,0.14219474497681608,0.04250386398763524,842.0,107.17542503863987
TPA,CAK,TPA → CAK,21,33.666666666666664,31.714285714285715,0.2857142857142857,0.0,894.0,116.52380952380952
TPA,CLE,TPA → CLE,402,12.077114427860696,11.629353233830846,0.1691542288557214,0.03482587064676617,927.0,117.66169154228855
TPA,CLT,TPA → CLT,1386,9.717171717171718,9.784271284271284,0.13275613275613277,0.031746031746031744,507.0,73.68831168831169
TPA,CMH,TPA → CMH,400,11.175,10.3025,0.1725,0.03,829.0,108.5375
TPA,CVG,TPA → CVG,337,12.341246290801188,12.940652818991097,0.1632047477744807,0.01483679525222552,773.0,105.66172106824926
TPA,DAL,TPA → DAL,513,11.715399610136453,11.838206627680313,0.19883040935672514,0.042884990253411304,917.0,129.40740740740742
TPA,DCA,TPA → DCA,918,13.376906318082789,13.379084967320262,0.1786492374727669,0.02178649237472767,814.0,108.35403050108933
TPA,DEN,TPA → DEN,1185,13.405063291139241,13.539240506329113,0.19662447257383966,0.02278481012658228,1506.0,203.81518987341772
TPA,DFW,TPA → DFW,1203,14.756442227763923,15.403990024937656,0.16791354945968412,0.03408146300914381,929.0,134.12053200332502
TPA,DTW,TPA → DTW,1048,10.259541984732824,10.15648854961832,0.1269083969465649,0.020038167938931296,983.0,129.27767175572518
TPA,EWR,TPA → EWR,1353,15.909090909090908,16.904656319290467,0.22246858832224686,0.027346637102734665,997.0,129.4471544715447
TPA,EYW,TPA → EYW,19,6.578947368421052,8.368421052631579,0.05263157894736842,0.0,240.0,44.578947368421055
TPA,FLL,TPA → FLL,643,12.169517884914464,10.92846034214619,0.15241057542768274,0.02332814930015552,197.0,38.63763608087092
TPA,GRB,TPA → GRB,2,16.5,7.5,0.5,0.0,1180.0,153.5
TPA,GRR,TPA → GRR,48,17.0625,19.354166666666668,0.22916666666666666,0.0625,1041.0,130.89583333333334
TPA,GSO,TPA → GSO,8,3.125,4.875,0.125,0.0,580.0,85.0
TPA,GSP,TPA → GSP,4,22.0,19.5,0.25,0.0,477.0,68.75
TPA,HOU,TPA → HOU,491,10.230142566191446,8.718940936863543,0.1425661914460285,0.028513238289205704,781.0,112.4989816700611
TPA,HPN,TPA → HPN,129,21.13953488372093,21.54263565891473,0.31007751937984496,0.007751937984496124,1032.0,142.49612403100775
TPA,IAD,TPA → IAD,445,12.298876404494383,12.498876404494382,0.15730337078651685,0.02247191011235955,811.0,106.42921348314607
TPA,IAH,TPA → IAH,720,12.025,12.206944444444444,0.15416666666666667,0.025,787.0,116.17083333333333
TPA,IND,TPA → IND,525,12.643809523809523,11.540952380952382,0.16,0.01904761904761905,837.0,113.07619047619048
TPA,ISP,TPA → ISP,232,14.64655172413793,14.482758620689655,0.21551724137931033,0.03879310344827586,1034.0,129.23706896551724
TPA,JFK,TPA → JFK,1014,19.830374753451675,19.6439842209073,0.22879684418145957,0.03254437869822485,1005.0,128.78402366863907
TPA,LAS,TPA → LAS,435,13.664367816091954,13.370114942528735,0.2,0.03908045977011494,1984.0,256.2850574712644
TPA,LAX,TPA → LAX,336,9.755952380952381,8.901785714285714,0.11011904761904762,0.008928571428571428,2158.0,284.4970238095238
TPA,LBE,TPA → LBE,22,4.863636363636363,7.681818181818182,0.18181818181818182,0.0,866.0,115.5909090909091
TPA,LGA,TPA → LGA,1015,18.2128078817734,18.9064039408867,0.22364532019704433,0.03645320197044335,1010.0,128.4551724137931
TPA,MCI,TPA → MCI,277,9.888086642599278,9.700361010830324,0.16967509025270758,0.036101083032490974,1048.0,141.1768953068592
TPA,MDW,TPA → MDW,849,11.269729093050648,10.681978798586572,0.18256772673733804,0.0447585394581861,997.0,131.25559481743227
TPA,MEM,TPA → MEM,75,17.653333333333332,16.973333333333333,0.24,0.04,655.0,95.44
TPA,MHT,TPA → MHT,86,13.825581395348838,11.023255813953488,0.1744186046511628,0.03488372093023256,1204.0,147.98837209302326
TPA,MIA,TPA → MIA,986,13.095334685598377,12.757606490872211,0.1460446247464503,0.036511156186612576,204.0,38.461460446247465
TPA,MKE,TPA → MKE,311,14.038585209003216,13.456591639871382,0.19292604501607716,0.04180064308681672,1075.0,140.19935691318327
TPA,MSP,TPA → MSP,560,8.283928571428572,8.908928571428572,0.1392857142857143,0.01607142857142857,1306.0,175.775
TPA,MSY,TPA → MSY,512,10.234375,9.89453125,0.146484375,0.048828125,488.0,73.16796875
TPA,OKC,TPA → OKC,6,6.666666666666667,0.0,0.0,0.0,1023.0,142.16666666666666
TPA,OMA,TPA → OMA,5,9.4,0.8,0.0,0.0,1190.0,161.4
TPA,ORD,TPA → ORD,1369,14.45945945945946,15.592403214024836,0.197954711468225,0.022644265887509132,1011.2556610664719,140.77501826150475
TPA,ORF,TPA → ORF,2,4.5,0.0,0.0,0.0,717.0,98.5
TPA,PDX,TPA → PDX,4,8.5,11.25,0.25,0.25,2497.0,254.0
TPA,PHL,TPA → PHL,1125,19.026666666666667,18.726222222222223,0.18577777777777776,0.025777777777777778,920.0,122.33422222222222
TPA,PHX,TPA → PHX,409,13.814180929095354,13.06356968215159,0.17603911980440098,0.022004889975550123,1788.0,240.7286063569682
TPA,PIT,TPA → PIT,413,14.111380145278451,13.317191283292978,0.17675544794188863,0.029055690072639227,873.0,112.32929782082324
TPA,PVD,TPA → PVD,235,18.025531914893616,17.56595744680851,0.22127659574468084,0.01702127659574468,1136.0,143.90212765957446
TPA,PWM,TPA → PWM,14,20.357142857142858,18.642857142857142,0.07142857142857142,0.0,1277.0,156.64285714285714
TPA,RDU,TPA → RDU,540,11.35925925925926,11.468518518518518,0.13333333333333333,0.022222222222222223,587.0,82.16111111111111
TPA,RIC,TPA → RIC,22,3.1363636363636362,2.090909090909091,0.09090909090909091,0.045454545454545456,723.0,91.4090909090909
TPA,ROC,TPA → ROC,57,13.035087719298245,11.578947368421053,0.22807017543859648,0.07017543859649122,1079.0,127.19298245614036
TPA,SAN,TPA → SAN,25,16.28,15.72,0.16,0.0,2087.0,285.44
TPA,SAT,TPA → SAT,141,17.099290780141843,15.73049645390071,0.24113475177304963,0.014184397163120567,972.0,138.38297872340425
TPA,SDF,TPA → SDF,155,12.529032258064516,12.845161290322581,0.17419354838709677,0.03870967741935484,727.0,99.44516129032257
TPA,SEA,TPA → SEA,370,9.913513513513514,9.705405405405406,0.1783783783783784,0.024324324324324326,2520.0,329.65675675675675
TPA,SFO,TPA → SFO,212,13.306603773584905,13.15566037735849,0.1650943396226415,0.02358490566037736,2393.0,311.35377358490564
TPA,SJU,TPA → SJU,658,18.37386018237082,17.18693009118541,0.22948328267477203,0.016717325227963525,1237.0,148.98632218844986
TPA,SLC,TPA → SLC,134,6.231343283582089,6.029850746268656,0.11194029850746269,0.029850746268656716,1888.0,248.11194029850745
TPA,STL,TPA → STL,413,12.092009685230025,10.806295399515738,0.17675544794188863,0.04600484261501211,869.0,115.68765133171912
TPA,SWF,TPA → SWF,7,86.28571428571429,91.42857142857143,0.7142857142857143,0.0,1047.0,142.42857142857142
TPA,SYR,TPA → SYR,23,9.043478260869565,6.608695652173913,0.17391304347826086,0.043478260869565216,1104.0,135.69565217391303
TPA,TTN,TPA → TTN,113,15.628318584070797,14.805309734513274,0.168141592920354,0.04424778761061947,955.0,122.19469026548673
TRI,ATL,TRI → ATL,774,9.467700258397933,9.5,0.11757105943152454,0.00904392764857881,227.0,42.39664082687339
TRI,CLT,TRI → CLT,180,10.533333333333333,9.522222222222222,0.16666666666666666,0.03888888888888889,119.0,29.761111111111113
TRI,DFW,TRI → DFW,229,11.969432314410481,11.720524017467248,0.12663755458515283,0.013100436681222707,868.0,129.25764192139738
TRI,PIE,TRI → PIE,26,22.23076923076923,21.884615384615383,0.3076923076923077,0.038461538461538464,590.0,77.26923076923077
TRI,SFB,TRI → SFB,48,49.75,50.270833333333336,0.375,0.08333333333333333,535.0,67.89583333333333
TTN,ATL,TTN → ATL,106,15.99056603773585,17.62264150943396,0.2641509433962264,0.009433962264150943,701.0,103.16037735849056
TTN,BNA,TTN → BNA,8,69.375,71.875,0.75,0.0,706.0,103.5
TTN,CHS,TTN → CHS,17,31.941176470588236,35.470588235294116,0.23529411764705882,0.058823529411764705,586.0,83.76470588235294
TTN,CLT,TTN → CLT,70,26.914285714285715,28.442857142857143,0.2714285714285714,0.05714285714285714,484.0,74.9
TTN,DTW,TTN → DTW,3,0.0,3.3333333333333335,0.0,0.0,464.0,81.33333333333333
TTN,FLL,TTN → FLL,59,23.440677966101696,27.11864406779661,0.3050847457627119,0.06779661016949153,1026.0,138.135593220339
TTN,JAX,TTN → JAX,12,35.916666666666664,33.75,0.16666666666666666,0.08333333333333333,777.0,99.83333333333333
TTN,MCO,TTN → MCO,263,19.817490494296578,20.768060836501903,0.25475285171102663,0.022813688212927757,896.0,125.38022813688212
TTN,MDW,TTN → MDW,11,20.90909090909091,20.90909090909091,0.18181818181818182,0.0,683.0,108.63636363636364
TTN,MIA,TTN → MIA,7,5.714285714285714,5.571428571428571,0.14285714285714285,0.14285714285714285,1047.0,126.42857142857143
TTN,MSP,TTN → MSP,14,0.0,2.5714285714285716,0.07142857142857142,0.14285714285714285,989.0,125.14285714285714
TTN,MYR,TTN → MYR,14,34.57142857142857,31.0,0.5,0.07142857142857142,509.0,69.0
TTN,ORD,TTN → ORD,28,30.428571428571427,27.428571428571427,0.2857142857142857,0.0,692.0,107.14285714285714
TTN,PBI,TTN → PBI,113,16.212389380530972,17.238938053097346,0.24778761061946902,0.05309734513274336,985.0,139.71681415929203
TTN,RDU,TTN → RDU,61,21.770491803278688,20.34426229508197,0.21311475409836064,0.11475409836065574,373.0,56.868852459016395
TTN,RSW,TTN → RSW,76,15.855263157894736,13.013157894736842,0.13157894736842105,0.02631578947368421,1028.0,147.6184210526316
TTN,SRQ,TTN → SRQ,8,16.0,13.625,0.375,0.0,992.0,148.5
TTN,TPA,TTN → TPA,106,34.367924528301884,34.443396226415096,0.25471698113207547,0.009433962264150943,955.0,139.67924528301887
TUL,ATL,TUL → ATL,619,5.977382875605816,5.731825525040388,0.09208400646203554,0.014539579967689823,674.0,87.16801292407108
TUL,AUS,TUL → AUS,112,21.875,22.651785714285715,0.16071428571428573,0.008928571428571428,426.0,64.34821428571429
TUL,AZA,TUL → AZA,3,64.33333333333333,52.333333333333336,0.6666666666666666,0.0,918.0,133.33333333333334
TUL,CLT,TUL → CLT,339,10.595870206489675,10.353982300884956,0.0943952802359882,0.02064896755162242,842.0,106.90560471976401
TUL,DAL,TUL → DAL,531,6.060263653483992,6.060263653483992,0.12052730696798493,0.032015065913371,237.93596986817326,42.39924670433145
TUL,DCA,TUL → DCA,68,2.5294117647058822,5.426470588235294,0.10294117647058823,0.014705882352941176,1049.0,133.11764705882354
TUL,DEN,TUL → DEN,856,11.469626168224298,11.960280373831775,0.169392523364486,0.03271028037383177,541.0,81.58644859813084
TUL,DFW,TUL → DFW,1303,14.735226400613968,15.762087490406754,0.18649270913277052,0.03300076745970836,237.0,44.51266308518803
TUL,HOU,TUL → HOU,334,6.919161676646707,6.526946107784431,0.12574850299401197,0.023952095808383235,453.0,71.73053892215569
TUL,IAH,TUL → IAH,623,12.71107544141252,14.428571428571429,0.18138041733547353,0.030497592295345103,429.0,71.68699839486356
TUL,LAS,TUL → LAS,209,10.904306220095695,9.559808612440191,0.1674641148325359,0.023923444976076555,1076.0,146.4688995215311
TUL,LAX,TUL → LAX,130,15.307692307692308,15.876923076923077,0.17692307692307693,0.023076923076923078,1283.0,175.6076923076923
TUL,LGA,TUL → LGA,31,0.967741935483871,0.4838709677419355,0.0,0.0,1231.0,155.58064516129033
TUL,MCO,TUL → MCO,5,2.0,0.0,0.0,0.0,1005.0,120.8
TUL,MDW,TUL → MDW,79,6.658227848101266,4.708860759493671,0.12658227848101267,0.0379746835443038,583.0,76.37974683544304
TUL,MIA,TUL → MIA,10,0.9,2.0,0.0,0.0,1168.0,151.8
TUL,MSP,TUL → MSP,60,13.366666666666667,9.916666666666666,0.13333333333333333,0.0,615.0,88.35
TUL,ORD,TUL → ORD,652,14.30521472392638,15.188650306748466,0.1579754601226994,0.024539877300613498,585.0,84.15950920245399
TUL,PHX,TUL → PHX,290,9.120689655172415,7.817241379310345,0.1482758620689655,0.020689655172413793,935.0,133.03793103448277
TUL,PIE,TUL → PIE,15,20.133333333333333,19.6,0.13333333333333333,0.0,961.0,122.26666666666667
TUL,SFB,TUL → SFB,62,19.080645161290324,18.806451612903224,0.20967741935483872,0.03225806451612903,995.0,118.58064516129032
TUL,SLC,TUL → SLC,320,10.33125,10.446875,0.0875,0.0,926.0,140.446875
TUL,SRQ,TUL → SRQ,11,4.909090909090909,8.181818181818182,0.18181818181818182,0.0,990.0,126.9090909090909
TUL,STL,TUL → STL,291,4.099656357388316,3.676975945017182,0.08934707903780069,0.024054982817869417,351.0,50.845360824742265
TUL,VPS,TUL → VPS,19,16.894736842105264,23.63157894736842,0.3157894736842105,0.05263157894736842,669.0,85.21052631578948
TUS,ATL,TUS → ATL,319,4.589341692789969,5.122257053291536,0.07836990595611286,0.003134796238244514,1541.0,179.26332288401255
TUS,AZA,TUS → AZA,1,0.0,0.0,0.0,1.0,92.0,0.0
TUS,BLI,TUS → BLI,12,2.9166666666666665,4.416666666666667,0.16666666666666666,0.0,1299.0,172.91666666666666
TUS,CLT,TUS → CLT,2,0.0,3.5,0.0,0.0,1735.0,206.5
TUS,DAL,TUS → DAL,2,0.0,0.0,0.0,0.0,824.0,120.0
TUS,DEN,TUS → DEN,969,11.363261093911248,11.721362229102168,0.14035087719298245,0.02476780185758514,639.0,87.96284829721363
TUS,DFW,TUS → DFW,1020,14.763725490196078,14.315686274509805,0.1588235294117647,0.041176470588235294,813.0,100.89509803921568
TUS,HOU,TUS → HOU,78,8.948717948717949,6.628205128205129,0.15384615384615385,0.01282051282051282,945.0,115.85897435897436
TUS,IAH,TUS → IAH,382,7.390052356020942,7.7591623036649215,0.10471204188481675,0.020942408376963352,936.0,117.45811518324608
TUS,IND,TUS → IND,8,13.125,7.875,0.25,0.125,1472.0,144.875
TUS,LAS,TUS → LAS,451,6.720620842572062,6.21729490022173,0.12638580931263857,0.017738359201773836,364.93348115299335,56.27937915742794
TUS,LAX,TUS → LAX,934,8.856531049250535,9.358672376873661,0.14132762312633834,0.01284796573875803,451.0,70.78372591006423
TUS,MDW,TUS → MDW,108,2.5277777777777777,2.740740740740741,0.027777777777777776,0.037037037037037035,1440.0,167.60185185185185
TUS,MSP,TUS → MSP,46,13.91304347826087,13.043478260869565,0.10869565217391304,0.043478260869565216,1298.0,155.2608695652174
TUS,OAK,TUS → OAK,17,5.647058823529412,1.7058823529411764,0.0,0.0,747.0,109.6470588235294
TUS,ORD,TUS → ORD,403,19.803970223325063,18.48138957816377,0.1488833746898263,0.02481389578163772,1437.0,170.28535980148882
TUS,PAE,TUS → PAE,12,25.25,22.583333333333332,0.25,0.0,1241.0,183.75
TUS,PDX,TUS → PDX,107,4.607476635514018,4.411214953271028,0.056074766355140186,0.0,1119.0,165.25233644859813
TUS,PHX,TUS → PHX,956,12.00836820083682,12.628661087866108,0.14748953974895398,0.016736401673640166,110.0,26.807531380753137
TUS,PVU,TUS → PVU,23,8.08695652173913,9.782608695652174,0.13043478260869565,0.043478260869565216,560.0,76.26086956521739
TUS,SAN,TUS → SAN,201,9.134328358208956,8.333333333333334,0.1691542288557214,0.03482587064676617,367.93532338308455,56.343283582089555
TUS,SEA,TUS → SEA,389,7.375321336760925,8.609254498714654,0.15681233933161953,0.010282776349614395,1216.0,171.10025706940874
TUS,SFO,TUS → SFO,438,17.27853881278539,15.863013698630137,0.17579908675799086,0.01141552511415525,751.0,113.7420091324201
TUS,SJC,TUS → SJC,70,10.528571428571428,9.0,0.07142857142857142,0.0,721.7571428571429,107.88571428571429
TUS,SLC,TUS → SLC,525,6.474285714285714,6.424761904761905,0.08761904761904762,0.0019047619047619048,601.0,87.92571428571429
TVC,ATL,TVC → ATL,17,5.764705882352941,3.764705882352941,0.058823529411764705,0.0,769.0,105.76470588235294
TVC,AZA,TVC → AZA,22,15.5,12.090909090909092,0.09090909090909091,0.045454545454545456,1599.0,205.9090909090909
TVC,BOS,TVC → BOS,37,20.43243243243243,17.35135135135135,0.1891891891891892,0.0,749.0,100.75675675675676
TVC,CLT,TVC → CLT,26,30.115384615384617,20.692307692307693,0.23076923076923078,0.0,702.0,97.88461538461539
TVC,DCA,TVC → DCA,12,8.583333333333334,16.333333333333332,0.3333333333333333,0.0,599.0,91.75
TVC,DEN,TVC → DEN,43,24.813953488372093,23.930232558139537,0.27906976744186046,0.023255813953488372,1032.0,144.32558139534885
TVC,DFW,TVC → DFW,77,16.07792207792208,16.558441558441558,0.2857142857142857,0.0,1022.0,140.45454545454547
TVC,DTW,TVC → DTW,608,15.542763157894736,15.536184210526315,0.16282894736842105,0.008223684210526315,207.0,37.94407894736842
TVC,EWR,TVC → EWR,36,80.08333333333333,80.22222222222223,0.3333333333333333,0.19444444444444445,644.0,80.30555555555556
TVC,IAD,TVC → IAD,1,0.0,0.0,0.0,0.0,579.0,80.0
TVC,LGA,TVC → LGA,47,10.574468085106384,10.361702127659575,0.1276595744680851,0.0,655.0,95.42553191489361
TVC,MSP,TVC → MSP,129,16.0,15.906976744186046,0.13178294573643412,0.0,376.0,62.42635658914729
TVC,ORD,TVC → ORD,801,11.945068664169789,13.3083645443196,0.1560549313358302,0.0299625468164794,224.0,44.831460674157306
TVC,PGD,TVC → PGD,20,22.5,37.45,0.6,0.0,1245.0,164.25
TVC,PHL,TVC → PHL,31,6.580645161290323,6.451612903225806,0.03225806451612903,0.03225806451612903,627.0,88.90322580645162
TVC,PIE,TVC → PIE,29,15.379310344827585,19.310344827586206,0.27586206896551724,0.034482758620689655,1172.0,144.31034482758622
TVC,SFB,TVC → SFB,30,18.433333333333334,16.966666666666665,0.2,0.06666666666666667,1126.0,133.26666666666668
TWF,DEN,TWF → DEN,31,17.741935483870968,15.35483870967742,0.22580645161290322,0.0,542.0,80.0
TWF,LAX,TWF → LAX,6,3.5,0.0,0.0,0.0,626.0,107.33333333333333
TWF,SFO,TWF → SFO,4,123.75,103.5,1.0,0.0,536.0,97.0
TWF,SLC,TWF → SLC,343,8.446064139941692,9.0466472303207,0.09329446064139942,0.0029154518950437317,175.0,34.533527696793
TXK,DFW,TXK → DFW,461,10.954446854663775,11.780911062906725,0.15184381778741865,0.039045553145336226,181.0,37.26030368763558
TYR,DEN,TYR → DEN,7,3.142857142857143,0.0,0.0,0.0,732.0,111.14285714285714
TYR,DFW,TYR → DFW,581,10.674698795180722,12.273666092943202,0.1566265060240964,0.04475043029259897,102.0,27.824440619621342
TYS,ATL,TYS → ATL,1247,7.270248596631917,7.27906976744186,0.09302325581395349,0.0056134723336006415,152.0,33.565356856455494
TYS,AUS,TYS → AUS,27,17.074074074074073,17.62962962962963,0.25925925925925924,0.07407407407407407,882.0,114.96296296296296
TYS,BOS,TYS → BOS,25,1.0,4.24,0.16,0.04,830.0,106.52
TYS,BWI,TYS → BWI,12,31.5,32.416666666666664,0.3333333333333333,0.25,465.0,55.916666666666664
TYS,CLT,TYS → CLT,832,11.383413461538462,11.540865384615385,0.13822115384615385,0.009615384615384616,177.0,37.18870192307692
TYS,DCA,TYS → DCA,348,8.75287356321839,10.175287356321839,0.15804597701149425,0.017241379310344827,437.0,65.77011494252874
TYS,DEN,TYS → DEN,304,13.414473684210526,14.845394736842104,0.20394736842105263,0.039473684210526314,1162.0,164.85855263157896
TYS,DFW,TYS → DFW,693,13.532467532467532,14.080808080808081,0.18903318903318903,0.04040404040404041,771.1572871572871,112.3073593073593
TYS,DTW,TYS → DTW,371,5.60377358490566,5.223719676549865,0.07816711590296496,0.01078167115902965,443.0,71.40161725067385
TYS,EWR,TYS → EWR,100,8.7,10.27,0.13,0.07,631.0,84.13
TYS,FLL,TYS → FLL,138,12.08695652173913,17.028985507246375,0.2971014492753623,0.057971014492753624,708.195652173913,95.22463768115942
TYS,HOU,TYS → HOU,34,9.176470588235293,10.764705882352942,0.11764705882352941,0.0,782.0,111.91176470588235
TYS,IAD,TYS → IAD,49,10.183673469387756,11.040816326530612,0.12244897959183673,0.08163265306122448,420.0,61.04081632653061
TYS,IAH,TYS → IAH,177,8.67231638418079,10.508474576271187,0.15819209039548024,0.022598870056497175,771.0,118.82485875706215
TYS,LAS,TYS → LAS,38,11.078947368421053,13.5,0.2894736842105263,0.07894736842105263,1739.0,216.68421052631578
TYS,LGA,TYS → LGA,369,11.192411924119241,13.815718157181571,0.16802168021680217,0.02710027100271003,647.7181571815718,90.84552845528455
TYS,MCO,TYS → MCO,17,19.176470588235293,15.117647058823529,0.35294117647058826,0.0,532.0,75.88235294117646
TYS,MDW,TYS → MDW,29,15.275862068965518,16.20689655172414,0.1724137931034483,0.10344827586206896,459.0,65.37931034482759
TYS,MIA,TYS → MIA,150,4.926666666666667,6.453333333333333,0.09333333333333334,0.02666666666666667,724.0,98.78666666666666
TYS,MSP,TYS → MSP,64,3.1875,2.578125,0.0625,0.03125,792.0,116.453125
TYS,MYR,TYS → MYR,3,1.6666666666666667,9.0,0.3333333333333333,0.0,323.0,48.333333333333336
TYS,ORD,TYS → ORD,535,11.256074766355141,12.40747663551402,0.1588785046728972,0.028037383177570093,475.0,78.43364485981309
TYS,PBI,TYS → PBI,17,8.588235294117647,10.058823529411764,0.17647058823529413,0.0,670.0,94.0
TYS,PGD,TYS → PGD,61,20.360655737704917,22.278688524590162,0.19672131147540983,0.03278688524590164,624.0,84.27868852459017
TYS,PHL,TYS → PHL,218,10.059633027522937,10.137614678899082,0.15137614678899083,0.01834862385321101,554.0,81.77064220183486
TYS,PHX,TYS → PHX,18,4.222222222222222,4.222222222222222,0.05555555555555555,0.0,1599.0,219.66666666666666
TYS,PIE,TYS → PIE,157,15.662420382165605,18.401273885350317,0.2229299363057325,0.01910828025477707,550.0,77.54140127388536
TYS,PIT,TYS → PIT,2,0.0,0.0,0.0,0.0,382.0,53.0
TYS,SFB,TYS → SFB,200,19.745,21.97,0.22,0.035,511.0,71.015
TYS,SRQ,TYS → SRQ,26,46.03846153846154,48.69230769230769,0.38461538461538464,0.038461538461538464,586.0,80.0
TYS,VPS,TYS → VPS,41,8.24390243902439,11.658536585365853,0.21951219512195122,0.0,395.0,59.24390243902439
UIN,ORD,UIN → ORD,51,20.03921568627451,19.941176470588236,0.19607843137254902,0.09803921568627451,222.0,39.19607843137255
USA,FLL,USA → FLL,179,22.452513966480446,25.307262569832403,0.41899441340782123,0.08379888268156424,643.0,87.39664804469274
USA,MLB,USA → MLB,3,0.0,0.0,0.0,0.3333333333333333,502.0,47.666666666666664
USA,MSY,USA → MSY,27,7.814814814814815,9.74074074074074,0.18518518518518517,0.14814814814814814,669.0,87.29629629629629
USA,PBI,USA → PBI,10,3.9,8.9,0.1,0.3,601.0,62.8
USA,PGD,USA → PGD,52,23.03846153846154,23.923076923076923,0.36538461538461536,0.038461538461538464,588.0,81.92307692307692
USA,PIE,USA → PIE,134,14.723880597014926,15.246268656716419,0.2537313432835821,0.03731343283582089,528.0,75.56716417910448
USA,SFB,USA → SFB,123,11.097560975609756,13.43089430894309,0.21138211382113822,0.06504065040650407,457.0,63.6910569105691
USA,SRQ,USA → SRQ,5,37.4,37.8,0.4,0.0,561.0,79.0
USA,VPS,USA → VPS,17,14.235294117647058,18.88235294117647,0.23529411764705882,0.0,478.0,73.70588235294117
VCT,IAH,VCT → IAH,170,8.029411764705882,7.741176470588235,0.041176470588235294,0.041176470588235294,123.0,27.770588235294117
VEL,CNY,VEL → CNY,7,0.0,0.0,0.0,0.0,117.0,25.0
VEL,DEN,VEL → DEN,311,15.04823151125402,16.967845659163988,0.13504823151125403,0.06752411575562701,259.0,42.958199356913184
VLD,ATL,VLD → ATL,500,13.974,13.84,0.106,0.01,208.0,46.322
VPS,ATL,VPS → ATL,988,9.068825910931174,8.474696356275304,0.1062753036437247,0.013157894736842105,250.0,43.33805668016194
VPS,AUS,VPS → AUS,21,20.80952380952381,18.714285714285715,0.38095238095238093,0.0,666.0,95.33333333333333
VPS,AVL,VPS → AVL,3,38.0,42.333333333333336,0.6666666666666666,0.0,412.0,62.333333333333336
VPS,BLV,VPS → BLV,139,16.453237410071942,18.050359712230215,0.2446043165467626,0.07913669064748201,587.0,76.53237410071942
VPS,BMI,VPS → BMI,10,31.3,35.1,0.4,0.0,702.0,94.3
VPS,BNA,VPS → BNA,202,8.702970297029703,7.851485148514851,0.11386138613861387,0.024752475247524754,389.0,60.97029702970297
VPS,BOS,VPS → BOS,17,19.0,25.470588235294116,0.23529411764705882,0.058823529411764705,1187.0,139.47058823529412
VPS,BWI,VPS → BWI,76,16.394736842105264,13.921052631578947,0.2631578947368421,0.02631578947368421,819.0,104.89473684210526
VPS,CKB,VPS → CKB,7,16.285714285714285,18.428571428571427,0.2857142857142857,0.0,705.0,98.0
VPS,CLE,VPS → CLE,8,13.125,16.625,0.5,0.0,797.0,106.25
VPS,CLT,VPS → CLT,636,10.14622641509434,10.581761006289309,0.13364779874213836,0.025157232704402517,460.0,67.38050314465409
VPS,CVG,VPS → CVG,146,27.58219178082192,28.958904109589042,0.3287671232876712,0.0684931506849315,600.0,80.25342465753425
VPS,DAL,VPS → DAL,90,15.677777777777777,14.011111111111111,0.23333333333333334,0.044444444444444446,630.0,94.6
VPS,DAY,VPS → DAY,5,9.8,9.4,0.4,0.0,662.0,85.6
VPS,DCA,VPS → DCA,191,17.56020942408377,16.664921465968586,0.19895287958115182,0.03664921465968586,789.0,103.50785340314137
VPS,DEN,VPS → DEN,24,7.291666666666667,13.041666666666666,0.20833333333333334,0.0,1210.0,183.29166666666666
VPS,DFW,VPS → DFW,696,19.862068965517242,19.88074712643678,0.1867816091954023,0.040229885057471264,641.0,99.23850574712644
VPS,DSM,VPS → DSM,12,39.916666666666664,44.333333333333336,0.3333333333333333,0.0,860.0,118.83333333333333
VPS,DTW,VPS → DTW,2,3.5,0.5,0.0,0.0,828.0,110.5
VPS,EVV,VPS → EVV,9,5.555555555555555,7.111111111111111,0.2222222222222222,0.1111111111111111,524.0,66.88888888888889
VPS,EWR,VPS → EWR,47,20.659574468085108,22.127659574468087,0.1702127659574468,0.10638297872340426,988.0,113.91489361702128
VPS,GRR,VPS → GRR,22,46.5,45.0,0.22727272727272727,0.045454545454545456,857.0,107.72727272727273
VPS,HOU,VPS → HOU,19,3.789473684210526,4.052631578947368,0.10526315789473684,0.0,527.4736842105264,85.47368421052632
VPS,HTS,VPS → HTS,18,8.222222222222221,12.88888888888889,0.2777777777777778,0.0,589.0,79.16666666666667
VPS,IAH,VPS → IAH,204,9.808823529411764,12.058823529411764,0.1568627450980392,0.03431372549019608,528.0,89.73529411764706
VPS,ICT,VPS → ICT,31,28.741935483870968,30.451612903225808,0.2903225806451613,0.0,796.0,115.19354838709677
VPS,IND,VPS → IND,31,29.838709677419356,30.548387096774192,0.3225806451612903,0.03225806451612903,637.0,89.25806451612904
VPS,LAS,VPS → LAS,18,3.611111111111111,6.555555555555555,0.16666666666666666,0.0,1695.0,236.55555555555554
VPS,LCK,VPS → LCK,45,20.77777777777778,22.333333333333332,0.3111111111111111,0.022222222222222223,675.0,92.64444444444445
VPS,LEX,VPS → LEX,10,3.9,8.8,0.3,0.1,532.0,68.2
VPS,LGA,VPS → LGA,5,5.6,13.2,0.4,0.0,1003.0,134.2
VPS,LIT,VPS → LIT,19,2.789473684210526,4.631578947368421,0.10526315789473684,0.0,443.0,65.6842105263158
VPS,MCI,VPS → MCI,29,7.827586206896552,7.724137931034483,0.20689655172413793,0.0,764.0,110.17241379310344
VPS,MDW,VPS → MDW,43,16.209302325581394,19.651162790697676,0.13953488372093023,0.046511627906976744,782.0,107.32558139534883
VPS,MEM,VPS → MEM,13,16.53846153846154,15.692307692307692,0.15384615384615385,0.0,373.0,62.0
VPS,MKE,VPS → MKE,2,9.5,0.0,0.0,0.0,863.0,119.5
VPS,MSP,VPS → MSP,28,5.107142857142857,7.571428571428571,0.21428571428571427,0.03571428571428571,1058.0,143.14285714285714
VPS,OKC,VPS → OKC,46,30.82608695652174,31.434782608695652,0.32608695652173914,0.043478260869565216,726.0,100.28260869565217
VPS,OMA,VPS → OMA,19,8.368421052631579,11.894736842105264,0.15789473684210525,0.0,911.0,126.57894736842105
VPS,ORD,VPS → ORD,41,35.63414634146341,35.51219512195122,0.17073170731707318,0.0975609756097561,796.0,112.41463414634147
VPS,PHL,VPS → PHL,13,20.53846153846154,22.76923076923077,0.23076923076923078,0.0,908.0,124.84615384615384
VPS,PIA,VPS → PIA,10,64.7,65.8,0.4,0.1,724.0,90.7
VPS,PIT,VPS → PIT,12,12.666666666666666,11.416666666666666,0.25,0.0,775.0,101.08333333333333
VPS,RDU,VPS → RDU,2,81.0,85.5,1.0,0.0,582.0,81.5
VPS,RFD,VPS → RFD,5,4.8,7.4,0.4,0.2,820.0,86.8
VPS,SDF,VPS → SDF,53,6.981132075471698,8.20754716981132,0.1509433962264151,0.0,532.0,76.88679245283019
VPS,SGF,VPS → SGF,37,25.7027027027027,25.89189189189189,0.21621621621621623,0.02702702702702703,610.0,86.0
VPS,SHV,VPS → SHV,18,5.555555555555555,6.944444444444445,0.16666666666666666,0.05555555555555555,452.0,65.5
VPS,STC,VPS → STC,2,97.5,99.0,0.5,0.5,1116.0,67.0
VPS,STL,VPS → STL,11,24.0,22.181818181818183,0.45454545454545453,0.0,610.0,89.27272727272727
VPS,TOL,VPS → TOL,1,17.0,3.0,0.0,0.0,780.0,93.0
VPS,TUL,VPS → TUL,17,19.529411764705884,21.058823529411764,0.23529411764705882,0.0,669.0,94.23529411764706
VPS,TYS,VPS → TYS,30,12.1,11.733333333333333,0.26666666666666666,0.0,395.0,57.03333333333333
VPS,USA,VPS → USA,20,1.45,3.15,0.05,0.0,478.0,68.55
VPS,XNA,VPS → XNA,65,12.8,13.615384615384615,0.23076923076923078,0.06153846153846154,601.0,83.18461538461538
WRG,KTN,WRG → KTN,167,6.059880239520958,6.934131736526946,0.10778443113772455,0.03592814371257485,82.0,22.353293413173652
WRG,PSG,WRG → PSG,167,7.616766467065868,8.455089820359282,0.16167664670658682,0.011976047904191617,31.0,11.55688622754491
WYS,DEN,WYS → DEN,23,2.0869565217391304,5.304347826086956,0.08695652173913043,0.0,469.0,71.52173913043478
WYS,SLC,WYS → SLC,120,7.25,6.875,0.11666666666666667,0.008333333333333333,273.0,46.958333333333336
XNA,ATL,XNA → ATL,711,12.009845288326302,12.154711673699016,0.12517580872011252,0.008438818565400843,589.0,78.50210970464136
XNA,AUS,XNA → AUS,11,11.909090909090908,12.454545454545455,0.2727272727272727,0.0,462.0,67.54545454545455
XNA,AZA,XNA → AZA,16,22.875,24.5625,0.3125,0.0,1006.0,145.8125
XNA,BHM,XNA → BHM,1,0.0,0.0,0.0,0.0,468.0,69.0
XNA,BNA,XNA → BNA,36,17.944444444444443,18.38888888888889,0.16666666666666666,0.08333333333333333,426.0,54.333333333333336
XNA,CLT,XNA → CLT,580,9.560344827586206,9.522413793103448,0.12758620689655173,0.013793103448275862,754.0,98.35172413793103
XNA,DCA,XNA → DCA,117,6.051282051282051,7.555555555555555,0.1282051282051282,0.008547008547008548,963.0,123.86324786324786
XNA,DEN,XNA → DEN,269,16.62453531598513,18.743494423791823,0.19330855018587362,0.040892193308550186,616.0,93.05204460966543
XNA,DFW,XNA → DFW,1260,13.836507936507937,15.506349206349206,0.1865079365079365,0.03015873015873016,280.0,50.48412698412698
XNA,EWR,XNA → EWR,46,26.891304347826086,27.73913043478261,0.3695652173913043,0.021739130434782608,1131.0,141.58695652173913
XNA,FLL,XNA → FLL,17,48.11764705882353,62.35294117647059,0.5882352941176471,0.0,1092.0,138.88235294117646
XNA,HOU,XNA → HOU,8,3.875,10.25,0.25,0.125,461.0,72.125
XNA,IAH,XNA → IAH,274,13.678832116788321,15.007299270072993,0.14963503649635038,0.029197080291970802,438.0,78.27737226277372
XNA,LAS,XNA → LAS,51,25.254901960784313,26.431372549019606,0.3137254901960784,0.058823529411764705,1163.0,150.76470588235293
XNA,LAX,XNA → LAX,86,17.453488372093023,19.41860465116279,0.2441860465116279,0.0,1371.0,192.6627906976744
XNA,LGA,XNA → LGA,288,21.73263888888889,23.71527777777778,0.2673611111111111,0.04513888888888889,1147.0,143.67708333333334
XNA,MCO,XNA → MCO,4,0.0,0.5,0.0,0.0,932.0,118.0
XNA,MIA,XNA → MIA,64,5.96875,7.6875,0.15625,0.015625,1099.0,138.34375
XNA,MSP,XNA → MSP,97,18.432989690721648,17.835051546391753,0.15463917525773196,0.010309278350515464,596.0,86.21649484536083
XNA,ORD,XNA → ORD,775,13.860645161290323,15.118709677419355,0.18193548387096775,0.02967741935483871,522.0,77.62451612903226
XNA,PGD,XNA → PGD,8,2.625,3.125,0.125,0.125,970.0,109.375
XNA,PHL,XNA → PHL,19,9.31578947368421,8.736842105263158,0.15789473684210525,0.0,1066.0,135.73684210526315
XNA,PHX,XNA → PHX,24,3.4166666666666665,4.875,0.125,0.0,1023.0,153.83333333333334
XNA,PIE,XNA → PIE,23,16.52173913043478,17.0,0.30434782608695654,0.0,892.0,113.30434782608695
XNA,SFB,XNA → SFB,67,29.01492537313433,32.32835820895522,0.3283582089552239,0.029850746268656716,920.0,113.07462686567165
XNA,SFO,XNA → SFO,50,7.76,8.54,0.08,0.04,1550.0,214.34
XNA,VPS,XNA → VPS,60,27.1,29.683333333333334,0.36666666666666664,0.0,601.0,81.83333333333333
XWA,DEN,XWA → DEN,251,24.49003984063745,27.382470119521912,0.20717131474103587,0.055776892430278883,582.0,84.2390438247012
XWA,MSP,XWA → MSP,180,19.377777777777776,20.544444444444444,0.18888888888888888,0.027777777777777776,553.0,76.67222222222222
YAK,CDV,YAK → CDV,152,10.769736842105264,11.513157894736842,0.17105263157894737,0.02631578947368421,213.0,36.38157894736842
YAK,JNU,YAK → JNU,168,8.642857142857142,9.392857142857142,0.16071428571428573,0.017857142857142856,198.0,34.38095238095238
YKM,SEA,YKM → SEA,152,6.947368421052632,7.309210526315789,0.11842105263157894,0.02631578947368421,103.0,28.25
YUM,DFW,YUM → DFW,209,22.004784688995215,21.698564593301434,0.10526315789473684,0.014354066985645933,1022.0,127.64114832535886
YUM,PHX,YUM → PHX,621,10.012882447665056,10.90499194847021,0.12721417069243157,0.01932367149758454,160.0,31.594202898550726
